user_id,date,spend,income,balance,days_to_next_income,day_in_cycle,pattern
U001,2025-01-01,596910,17490802,16893892,31,1,đều
U001,2025-01-02,847172,0,16046720,30,2,đều
U001,2025-01-03,419486,0,15627234,29,3,đều
U001,2025-01-04,419489,0,15207745,28,4,đều
U001,2025-01-05,866426,0,14341319,27,5,đều
U001,2025-01-06,626197,0,13715122,26,6,đều
U001,2025-01-07,381802,0,13333320,25,7,đều
U001,2025-01-08,572330,0,12760990,24,8,đều
U001,2025-01-09,382728,0,12378262,23,9,đều
U001,2025-01-10,382374,0,11995888,22,10,đều
U001,2025-01-11,507490,0,11488398,21,11,đều
U001,2025-01-12,214301,0,11274097,20,12,đều
U001,2025-01-13,231071,0,11043026,19,13,đều
U001,2025-01-14,367887,0,10675139,18,14,đều
U001,2025-01-15,307218,0,10367921,17,15,đều
U001,2025-01-16,522377,0,9845544,16,16,đều
U001,2025-01-17,320372,0,9525172,15,17,đều
U001,2025-01-18,261850,0,9263322,14,18,đều
U001,2025-01-19,827949,0,8435373,13,19,đều
U001,2025-01-20,420894,0,8014479,12,20,đều
U001,2025-01-21,473287,0,7541192,11,21,đều
U001,2025-01-22,260549,0,7280643,10,22,đều
U001,2025-01-23,370531,0,6910112,9,23,đều
U001,2025-01-24,481574,0,6428538,8,24,đều
U001,2025-01-25,290701,0,6137837,7,25,đều
U001,2025-01-26,535377,0,5602460,6,26,đều
U001,2025-01-27,362287,0,5240173,5,27,đều
U001,2025-01-28,409941,0,4830232,4,28,đều
U001,2025-01-29,362132,0,4468100,3,29,đều
U001,2025-01-30,966424,0,3501676,2,30,đều
U001,2025-01-31,458194,0,3043482,1,31,đều
U001,2025-02-01,301753,17490802,20232531,28,1,đều
U001,2025-02-02,640154,0,19592377,27,2,đều
U001,2025-02-03,282691,0,19309686,26,3,đều
U001,2025-02-04,500815,0,18808871,25,4,đều
U001,2025-02-05,210361,0,18598510,24,5,đều
U001,2025-02-06,270810,0,18327700,23,6,đều
U001,2025-02-07,498416,0,17829284,22,7,đều
U001,2025-02-08,618983,0,17210301,21,8,đều
U001,2025-02-09,493360,0,16716941,20,9,đều
U001,2025-02-10,439849,0,16277092,19,10,đều
U001,2025-02-11,408401,0,15868691,18,11,đều
U001,2025-02-12,255005,0,15613686,17,12,đều
U001,2025-02-13,345418,0,15268268,16,13,đều
U001,2025-02-14,383154,0,14885114,15,14,đều
U001,2025-02-15,703129,0,14181985,14,15,đều
U001,2025-02-16,528551,0,13653434,13,16,đều
U001,2025-02-17,227574,0,13425860,12,17,đều
U001,2025-02-18,524437,0,12901423,11,18,đều
U001,2025-02-19,394910,0,12506513,10,19,đều
U001,2025-02-20,351399,0,12155114,9,20,đều
U001,2025-02-21,588374,0,11566740,8,21,đều
U001,2025-02-22,695820,0,10870920,7,22,đều
U001,2025-02-23,668612,0,10202308,6,23,đều
U001,2025-02-24,329312,0,9872996,5,24,đều
U001,2025-02-25,407079,0,9465917,4,25,đều
U001,2025-02-26,525945,0,8939972,3,26,đều
U001,2025-02-27,680556,0,8259416,2,27,đều
U001,2025-02-28,380323,0,7879093,1,28,đều
U001,2025-03-01,427703,17490802,24942192,31,1,đều
U001,2025-03-02,295940,0,24646252,30,2,đều
U001,2025-03-03,285491,0,24360761,29,3,đều
U001,2025-03-04,637594,0,23723167,28,4,đều
U001,2025-03-05,792496,0,22930671,27,5,đều
U001,2025-03-06,447594,0,22483077,26,6,đều
U001,2025-03-07,688217,0,21794860,25,7,đều
U001,2025-03-08,532374,0,21262486,24,8,đều
U001,2025-03-09,355898,0,20906588,23,9,đều
U001,2025-03-10,532323,0,20374265,22,10,đều
U001,2025-03-11,852272,0,19521993,21,11,đều
U001,2025-03-12,454120,0,19067873,20,12,đều
U001,2025-03-13,861391,0,18206482,19,13,đều
U001,2025-03-14,161547,0,18044935,18,14,đều
U001,2025-03-15,639990,0,17404945,17,15,đều
U001,2025-03-16,476997,0,16927948,16,16,đều
U001,2025-03-17,408744,0,16519204,15,17,đều
U001,2025-03-18,477897,0,16041307,14,18,đều
U001,2025-03-19,208026,0,15833281,13,19,đều
U001,2025-03-20,421923,0,15411358,12,20,đều
U001,2025-03-21,531411,0,14879947,11,21,đều
U001,2025-03-22,832014,0,14047933,10,22,đều
U001,2025-03-23,374422,0,13673511,9,23,đều
U001,2025-03-24,333384,0,13340127,8,24,đều
U001,2025-03-25,376903,0,12963224,7,25,đều
U001,2025-03-26,664379,0,12298845,6,26,đều
U001,2025-03-27,525417,0,11773428,5,27,đều
U001,2025-03-28,372705,0,11400723,4,28,đều
U001,2025-03-29,565663,0,10835060,3,29,đều
U001,2025-03-30,478915,0,10356145,2,30,đều
U001,2025-03-31,678680,0,9677465,1,31,đều
U001,2025-04-01,347884,17490802,26820383,30,1,đều
U001,2025-04-02,404086,0,26416297,29,2,đều
U001,2025-04-03,393802,0,26022495,28,3,đều
U001,2025-04-04,256540,0,25765955,27,4,đều
U001,2025-04-05,518604,0,25247351,26,5,đều
U001,2025-04-06,511380,0,24735971,25,6,đều
U001,2025-04-07,461618,0,24274353,24,7,đều
U001,2025-04-08,419413,0,23854940,23,8,đều
U001,2025-04-09,261528,0,23593412,22,9,đều
U001,2025-04-10,389332,0,23204080,21,10,đều
U001,2025-04-11,401660,0,22802420,20,11,đều
U001,2025-04-12,334214,0,22468206,19,12,đều
U001,2025-04-13,431893,0,22036313,18,13,đều
U001,2025-04-14,541483,0,21494830,17,14,đều
U001,2025-04-15,979621,0,20515209,16,15,đều
U001,2025-04-16,493994,0,20021215,15,16,đều
U001,2025-04-17,510664,0,19510551,14,17,đều
U001,2025-04-18,447159,0,19063392,13,18,đều
U001,2025-04-19,213830,0,18849562,12,19,đều
U001,2025-04-20,455815,0,18393747,11,20,đều
U001,2025-04-21,471908,0,17921839,10,21,đều
U001,2025-04-22,1233966,0,16687873,9,22,đều
U001,2025-04-23,426557,0,16261316,8,23,đều
U001,2025-04-24,519731,0,15741585,7,24,đều
U001,2025-04-25,454322,0,15287263,6,25,đều
U001,2025-04-26,288652,0,14998611,5,26,đều
U001,2025-04-27,727650,0,14270961,4,27,đều
U001,2025-04-28,622326,0,13648635,3,28,đều
U001,2025-04-29,632136,0,13016499,2,29,đều
U001,2025-04-30,320197,0,12696302,1,30,đều
U001,2025-05-01,807392,17490802,29379712,31,1,đều
U001,2025-05-02,262947,0,29116765,30,2,đều
U001,2025-05-03,582561,0,28534204,29,3,đều
U001,2025-05-04,1106408,0,27427796,28,4,đều
U001,2025-05-05,309970,0,27117826,27,5,đều
U001,2025-05-06,367298,0,26750528,26,6,đều
U001,2025-05-07,479408,0,26271120,25,7,đều
U001,2025-05-08,376644,0,25894476,24,8,đều
U001,2025-05-09,247751,0,25646725,23,9,đều
U001,2025-05-10,473483,0,25173242,22,10,đều
U001,2025-05-11,301199,0,24872043,21,11,đều
U001,2025-05-12,556757,0,24315286,20,12,đều
U001,2025-05-13,318914,0,23996372,19,13,đều
U001,2025-05-14,856338,0,23140034,18,14,đều
U001,2025-05-15,336767,0,22803267,17,15,đều
U001,2025-05-16,404992,0,22398275,16,16,đều
U001,2025-05-17,637847,0,21760428,15,17,đều
U001,2025-05-18,281560,0,21478868,14,18,đều
U001,2025-05-19,504554,0,20974314,13,19,đều
U001,2025-05-20,777084,0,20197230,12,20,đều
U001,2025-05-21,242184,0,19955046,11,21,đều
U001,2025-05-22,495985,0,19459061,10,22,đều
U001,2025-05-23,511141,0,18947920,9,23,đều
U001,2025-05-24,629812,0,18318108,8,24,đều
U001,2025-05-25,280875,0,18037233,7,25,đều
U001,2025-05-26,271648,0,17765585,6,26,đều
U001,2025-05-27,567629,0,17197956,5,27,đều
U001,2025-05-28,518783,0,16679173,4,28,đều
U001,2025-05-29,509224,0,16169949,3,29,đều
U001,2025-05-30,529149,0,15640800,2,30,đều
U001,2025-05-31,350963,0,15289837,1,31,đều
U001,2025-06-01,505523,17490802,32275116,30,1,đều
U001,2025-06-02,517972,0,31757144,29,2,đều
U001,2025-06-03,346177,0,31410967,28,3,đều
U001,2025-06-04,971656,0,30439311,27,4,đều
U001,2025-06-05,556810,0,29882501,26,5,đều
U001,2025-06-06,286051,0,29596450,25,6,đều
U001,2025-06-07,599031,0,28997419,24,7,đều
U001,2025-06-08,311943,0,28685476,23,8,đều
U001,2025-06-09,631139,0,28054337,22,9,đều
U001,2025-06-10,732256,0,27322081,21,10,đều
U001,2025-06-11,331762,0,26990319,20,11,đều
U001,2025-06-12,677251,0,26313068,19,12,đều
U001,2025-06-13,543377,0,25769691,18,13,đều
U001,2025-06-14,640030,0,25129661,17,14,đều
U001,2025-06-15,983786,0,24145875,16,15,đều
U001,2025-06-16,417605,0,23728270,15,16,đều
U001,2025-06-17,340766,0,23387504,14,17,đều
U001,2025-06-18,322753,0,23064751,13,18,đều
U001,2025-06-19,332409,0,22732342,12,19,đều
U001,2025-06-20,446684,0,22285658,11,20,đều
U001,2025-06-21,528030,0,21757628,10,21,đều
U001,2025-06-22,514589,0,21243039,9,22,đều
U001,2025-06-23,641343,0,20601696,8,23,đều
U001,2025-06-24,463077,0,20138619,7,24,đều
U001,2025-06-25,823946,0,19314673,6,25,đều
U001,2025-06-26,414399,0,18900274,5,26,đều
U001,2025-06-27,1367527,0,17532747,4,27,đều
U001,2025-06-28,591676,0,16941071,3,28,đều
U001,2025-06-29,326957,0,16614114,2,29,đều
U001,2025-06-30,300166,0,16313948,1,30,đều
U001,2025-07-01,558738,17490802,33246012,31,1,đều
U001,2025-07-02,421284,0,32824728,30,2,đều
U001,2025-07-03,612955,0,32211773,29,3,đều
U001,2025-07-04,556678,0,31655095,28,4,đều
U001,2025-07-05,447448,0,31207647,27,5,đều
U001,2025-07-06,328315,0,30879332,26,6,đều
U001,2025-07-07,251326,0,30628006,25,7,đều
U001,2025-07-08,385324,0,30242682,24,8,đều
U001,2025-07-09,648882,0,29593800,23,9,đều
U001,2025-07-10,501864,0,29091936,22,10,đều
U001,2025-07-11,279890,0,28812046,21,11,đều
U001,2025-07-12,493718,0,28318328,20,12,đều
U001,2025-07-13,537441,0,27780887,19,13,đều
U001,2025-07-14,323484,0,27457403,18,14,đều
U001,2025-07-15,489890,0,26967513,17,15,đều
U001,2025-07-16,471526,0,26495987,16,16,đều
U001,2025-07-17,291635,0,26204352,15,17,đều
U001,2025-07-18,531555,0,25672797,14,18,đều
U001,2025-07-19,576517,0,25096280,13,19,đều
U001,2025-07-20,710460,0,24385820,12,20,đều
U001,2025-07-21,702196,0,23683624,11,21,đều
U001,2025-07-22,265502,0,23418122,10,22,đều
U001,2025-07-23,316575,0,23101547,9,23,đều
U001,2025-07-24,566063,0,22535484,8,24,đều
U001,2025-07-25,565780,0,21969704,7,25,đều
U001,2025-07-26,566066,0,21403638,6,26,đều
U001,2025-07-27,2151207,0,19252431,5,27,đều
U001,2025-07-28,578853,0,18673578,4,28,đều
U001,2025-07-29,725541,0,17948037,3,29,đều
U001,2025-07-30,674716,0,17273321,2,30,đều
U001,2025-07-31,597795,0,16675526,1,31,đều
U001,2025-08-01,406094,17490802,33760234,31,1,đều
U001,2025-08-02,624080,0,33136154,30,2,đều
U001,2025-08-03,338174,0,32797980,29,3,đều
U001,2025-08-04,419039,0,32378941,28,4,đều
U001,2025-08-05,379383,0,31999558,27,5,đều
U001,2025-08-06,476011,0,31523547,26,6,đều
U001,2025-08-07,1162764,0,30360783,25,7,đều
U001,2025-08-08,218281,0,30142502,24,8,đều
U001,2025-08-09,606191,0,29536311,23,9,đều
U001,2025-08-10,241678,0,29294633,22,10,đều
U001,2025-08-11,381427,0,28913206,21,11,đều
U001,2025-08-12,712138,0,28201068,20,12,đều
U001,2025-08-13,472673,0,27728395,19,13,đều
U001,2025-08-14,299344,0,27429051,18,14,đều
U001,2025-08-15,346045,0,27083006,17,15,đều
U001,2025-08-16,604578,0,26478428,16,16,đều
U001,2025-08-17,343967,0,26134461,15,17,đều
U001,2025-08-18,502339,0,25632122,14,18,đều
U001,2025-08-19,469149,0,25162973,13,19,đều
U001,2025-08-20,354976,0,24807997,12,20,đều
U001,2025-08-21,1086014,0,23721983,11,21,đều
U001,2025-08-22,593632,0,23128351,10,22,đều
U001,2025-08-23,204923,0,22923428,9,23,đều
U001,2025-08-24,496346,0,22427082,8,24,đều
U001,2025-08-25,353533,0,22073549,7,25,đều
U001,2025-08-26,647854,0,21425695,6,26,đều
U001,2025-08-27,335521,0,21090174,5,27,đều
U001,2025-08-28,440010,0,20650164,4,28,đều
U001,2025-08-29,563793,0,20086371,3,29,đều
U001,2025-08-30,651315,0,19435056,2,30,đều
U001,2025-08-31,285024,0,19150032,1,31,đều
U001,2025-09-01,402982,17490802,36237852,30,1,đều
U001,2025-09-02,380967,0,35856885,29,2,đều
U001,2025-09-03,354731,0,35502154,28,3,đều
U001,2025-09-04,933437,0,34568717,27,4,đều
U001,2025-09-05,541685,0,34027032,26,5,đều
U001,2025-09-06,278199,0,33748833,25,6,đều
U001,2025-09-07,665033,0,33083800,24,7,đều
U001,2025-09-08,1076590,0,32007210,23,8,đều
U001,2025-09-09,696228,0,31310982,22,9,đều
U001,2025-09-10,250872,0,31060110,21,10,đều
U001,2025-09-11,379554,0,30680556,20,11,đều
U001,2025-09-12,764679,0,29915877,19,12,đều
U001,2025-09-13,347104,0,29568773,18,13,đều
U001,2025-09-14,550166,0,29018607,17,14,đều
U001,2025-09-15,628003,0,28390604,16,15,đều
U001,2025-09-16,317958,0,28072646,15,16,đều
U001,2025-09-17,449835,0,27622811,14,17,đều
U001,2025-09-18,125988,0,27496823,13,18,đều
U001,2025-09-19,305802,0,27191021,12,19,đều
U001,2025-09-20,416407,0,26774614,11,20,đều
U001,2025-09-21,279661,0,26494953,10,21,đều
U001,2025-09-22,885061,0,25609892,9,22,đều
U001,2025-09-23,259988,0,25349904,8,23,đều
U001,2025-09-24,386323,0,24963581,7,24,đều
U001,2025-09-25,485407,0,24478174,6,25,đều
U001,2025-09-26,819915,0,23658259,5,26,đều
U001,2025-09-27,259394,0,23398865,4,27,đều
U001,2025-09-28,733595,0,22665270,3,28,đều
U001,2025-09-29,462564,0,22202706,2,29,đều
U001,2025-09-30,311092,0,21891614,1,30,đều
U001,2025-10-01,554204,17490802,38828212,31,1,đều
U001,2025-10-02,498855,0,38329357,30,2,đều
U001,2025-10-03,362348,0,37967009,29,3,đều
U001,2025-10-04,473718,0,37493291,28,4,đều
U001,2025-10-05,394874,0,37098417,27,5,đều
U001,2025-10-06,482074,0,36616343,26,6,đều
U001,2025-10-07,600369,0,36015974,25,7,đều
U001,2025-10-08,868787,0,35147187,24,8,đều
U001,2025-10-09,280778,0,34866409,23,9,đều
U001,2025-10-10,1081284,0,33785125,22,10,đều
U001,2025-10-11,211000,0,33574125,21,11,đều
U001,2025-10-12,433537,0,33140588,20,12,đều
U001,2025-10-13,582902,0,32557686,19,13,đều
U001,2025-10-14,515475,0,32042211,18,14,đều
U001,2025-10-15,359104,0,31683107,17,15,đều
U001,2025-10-16,423877,0,31259230,16,16,đều
U001,2025-10-17,378226,0,30881004,15,17,đều
U001,2025-10-18,363924,0,30517080,14,18,đều
U001,2025-10-19,647120,0,29869960,13,19,đều
U001,2025-10-20,531391,0,29338569,12,20,đều
U001,2025-10-21,349159,0,28989410,11,21,đều
U001,2025-10-22,660193,0,28329217,10,22,đều
U001,2025-10-23,520928,0,27808289,9,23,đều
U001,2025-10-24,637680,0,27170609,8,24,đều
U001,2025-10-25,592614,0,26577995,7,25,đều
U001,2025-10-26,330661,0,26247334,6,26,đều
U001,2025-10-27,368197,0,25879137,5,27,đều
U001,2025-10-28,621173,0,25257964,4,28,đều
U001,2025-10-29,588066,0,24669898,3,29,đều
U001,2025-10-30,456839,0,24213059,2,30,đều
U001,2025-10-31,482810,0,23730249,1,31,đều
U001,2025-11-01,767975,17490802,40453076,30,1,đều
U001,2025-11-02,363603,0,40089473,29,2,đều
U001,2025-11-03,573370,0,39516103,28,3,đều
U001,2025-11-04,424883,0,39091220,27,4,đều
U001,2025-11-05,422259,0,38668961,26,5,đều
U001,2025-11-06,714943,0,37954018,25,6,đều
U001,2025-11-07,640890,0,37313128,24,7,đều
U001,2025-11-08,637845,0,36675283,23,8,đều
U001,2025-11-09,776567,0,35898716,22,9,đều
U001,2025-11-10,464561,0,35434155,21,10,đều
U001,2025-11-11,605148,0,34829007,20,11,đều
U001,2025-11-12,406907,0,34422100,19,12,đều
U001,2025-11-13,524454,0,33897646,18,13,đều
U001,2025-11-14,437307,0,33460339,17,14,đều
U001,2025-11-15,478899,0,32981440,16,15,đều
U001,2025-11-16,584499,0,32396941,15,16,đều
U001,2025-11-17,332089,0,32064852,14,17,đều
U001,2025-11-18,1063847,0,31001005,13,18,đều
U001,2025-11-19,308057,0,30692948,12,19,đều
U001,2025-11-20,283444,0,30409504,11,20,đều
U001,2025-11-21,732114,0,29677390,10,21,đều
U001,2025-11-22,632295,0,29045095,9,22,đều
U001,2025-11-23,591309,0,28453786,8,23,đều
U001,2025-11-24,592310,0,27861476,7,24,đều
U001,2025-11-25,458423,0,27403053,6,25,đều
U001,2025-11-26,321755,0,27081298,5,26,đều
U001,2025-11-27,474857,0,26606441,4,27,đều
U001,2025-11-28,351365,0,26255076,3,28,đều
U001,2025-11-29,680440,0,25574636,2,29,đều
U001,2025-11-30,434358,0,25140278,1,30,đều
U001,2025-12-01,331124,17490802,42299956,31,1,đều
U001,2025-12-02,405101,0,41894855,30,2,đều
U001,2025-12-03,543410,0,41351445,29,3,đều
U001,2025-12-04,367676,0,40983769,28,4,đều
U001,2025-12-05,331558,0,40652211,27,5,đều
U001,2025-12-06,507840,0,40144371,26,6,đều
U001,2025-12-07,508100,0,39636271,25,7,đều
U001,2025-12-08,376122,0,39260149,24,8,đều
U001,2025-12-09,381563,0,38878586,23,9,đều
U001,2025-12-10,505482,0,38373104,22,10,đều
U001,2025-12-11,258129,0,38114975,21,11,đều
U001,2025-12-12,262357,0,37852618,20,12,đều
U001,2025-12-13,345611,0,37507007,19,13,đều
U001,2025-12-14,422975,0,37084032,18,14,đều
U001,2025-12-15,521680,0,36562352,17,15,đều
U001,2025-12-16,831170,0,35731182,16,16,đều
U001,2025-12-17,649209,0,35081973,15,17,đều
U001,2025-12-18,432126,0,34649847,14,18,đều
U001,2025-12-19,457184,0,34192663,13,19,đều
U001,2025-12-20,308487,0,33884176,12,20,đều
U001,2025-12-21,457276,0,33426900,11,21,đều
U001,2025-12-22,410439,0,33016461,10,22,đều
U001,2025-12-23,524151,0,32492310,9,23,đều
U001,2025-12-24,330894,0,32161416,8,24,đều
U001,2025-12-25,567040,0,31594376,7,25,đều
U001,2025-12-26,850468,0,30743908,6,26,đều
U001,2025-12-27,441063,0,30302845,5,27,đều
U001,2025-12-28,540977,0,29761868,4,28,đều
U001,2025-12-29,607134,0,29154734,3,29,đều
U001,2025-12-30,392369,0,28762365,2,30,đều
U001,2025-12-31,503875,0,28258490,1,31,đều
U001,2026-01-01,463001,17490802,45286291,31,1,đều
U001,2026-01-02,479029,0,44807262,30,2,đều
U001,2026-01-03,338149,0,44469113,29,3,đều
U001,2026-01-04,465213,0,44003900,28,4,đều
U001,2026-01-05,562219,0,43441681,27,5,đều
U001,2026-01-06,823159,0,42618522,26,6,đều
U001,2026-01-07,676140,0,41942382,25,7,đều
U001,2026-01-08,1090034,0,40852348,24,8,đều
U001,2026-01-09,338916,0,40513432,23,9,đều
U001,2026-01-10,653028,0,39860404,22,10,đều
U001,2026-01-11,495728,0,39364676,21,11,đều
U001,2026-01-12,1106119,0,38258557,20,12,đều
U001,2026-01-13,333410,0,37925147,19,13,đều
U001,2026-01-14,329245,0,37595902,18,14,đều
U001,2026-01-15,362467,0,37233435,17,15,đều
U001,2026-01-16,196986,0,37036449,16,16,đều
U001,2026-01-17,373303,0,36663146,15,17,đều
U001,2026-01-18,340032,0,36323114,14,18,đều
U001,2026-01-19,489238,0,35833876,13,19,đều
U001,2026-01-20,528157,0,35305719,12,20,đều
U001,2026-01-21,975705,0,34330014,11,21,đều
U001,2026-01-22,673751,0,33656263,10,22,đều
U001,2026-01-23,365743,0,33290520,9,23,đều
U001,2026-01-24,321606,0,32968914,8,24,đều
U001,2026-01-25,560853,0,32408061,7,25,đều
U001,2026-01-26,271673,0,32136388,6,26,đều
U001,2026-01-27,958409,0,31177979,5,27,đều
U001,2026-01-28,738387,0,30439592,4,28,đều
U001,2026-01-29,381847,0,30057745,3,29,đều
U001,2026-01-30,232163,0,29825582,2,30,đều
U001,2026-01-31,791746,0,29033836,1,31,đều
U001,2026-02-01,440044,17490802,46084594,28,1,đều
U001,2026-02-02,755831,0,45328763,27,2,đều
U001,2026-02-03,243452,0,45085311,26,3,đều
U001,2026-02-04,362470,0,44722841,25,4,đều
U001,2026-02-05,461642,0,44261199,24,5,đều
U001,2026-02-06,469413,0,43791786,23,6,đều
U001,2026-02-07,384778,0,43407008,22,7,đều
U001,2026-02-08,591009,0,42815999,21,8,đều
U001,2026-02-09,300559,0,42515440,20,9,đều
U001,2026-02-10,435171,0,42080269,19,10,đều
U001,2026-02-11,483383,0,41596886,18,11,đều
U001,2026-02-12,565928,0,41030958,17,12,đều
U001,2026-02-13,612371,0,40418587,16,13,đều
U001,2026-02-14,293781,0,40124806,15,14,đều
U001,2026-02-15,249397,0,39875409,14,15,đều
U001,2026-02-16,767979,0,39107430,13,16,đều
U001,2026-02-17,526166,0,38581264,12,17,đều
U001,2026-02-18,341483,0,38239781,11,18,đều
U001,2026-02-19,856755,0,37383026,10,19,đều
U001,2026-02-20,482491,0,36900535,9,20,đều
U001,2026-02-21,738344,0,36162191,8,21,đều
U001,2026-02-22,473286,0,35688905,7,22,đều
U001,2026-02-23,1050468,0,34638437,6,23,đều
U001,2026-02-24,929668,0,33708769,5,24,đều
U001,2026-02-25,417008,0,33291761,4,25,đều
U001,2026-02-26,679475,0,32612286,3,26,đều
U001,2026-02-27,596358,0,32015928,2,27,đều
U001,2026-02-28,796434,0,31219494,1,28,đều
U001,2026-03-01,313162,17490802,48397134,31,1,đều
U001,2026-03-02,606141,0,47790993,30,2,đều
U001,2026-03-03,703495,0,47087498,29,3,đều
U001,2026-03-04,227966,0,46859532,28,4,đều
U001,2026-03-05,286973,0,46572559,27,5,đều
U001,2026-03-06,203771,0,46368788,26,6,đều
U001,2026-03-07,413612,0,45955176,25,7,đều
U001,2026-03-08,613824,0,45341352,24,8,đều
U001,2026-03-09,840195,0,44501157,23,9,đều
U001,2026-03-10,474532,0,44026625,22,10,đều
U001,2026-03-11,883718,0,43142907,21,11,đều
U001,2026-03-12,265244,0,42877663,20,12,đều
U001,2026-03-13,233070,0,42644593,19,13,đều
U001,2026-03-14,450552,0,42194041,18,14,đều
U001,2026-03-15,537172,0,41656869,17,15,đều
U001,2026-03-16,454689,0,41202180,16,16,đều
U001,2026-03-17,201485,0,41000695,15,17,đều
U001,2026-03-18,444542,0,40556153,14,18,đều
U001,2026-03-19,273391,0,40282762,13,19,đều
U001,2026-03-20,602183,0,39680579,12,20,đều
U001,2026-03-21,533432,0,39147147,11,21,đều
U001,2026-03-22,316315,0,38830832,10,22,đều
U001,2026-03-23,375082,0,38455750,9,23,đều
U001,2026-03-24,301571,0,38154179,8,24,đều
U001,2026-03-25,449268,0,37704911,7,25,đều
U001,2026-03-26,675024,0,37029887,6,26,đều
U001,2026-03-27,310567,0,36719320,5,27,đều
U001,2026-03-28,563580,0,36155740,4,28,đều
U001,2026-03-29,372631,0,35783109,3,29,đều
U001,2026-03-30,335473,0,35447636,2,30,đều
U001,2026-03-31,441368,0,35006268,1,31,đều
U001,2026-04-01,304477,17490802,52192593,30,1,đều
U001,2026-04-02,369161,0,51823432,29,2,đều
U001,2026-04-03,285300,0,51538132,28,3,đều
U001,2026-04-04,1010885,0,50527247,27,4,đều
U001,2026-04-05,467218,0,50060029,26,5,đều
U001,2026-04-06,348208,0,49711821,25,6,đều
U001,2026-04-07,501841,0,49209980,24,7,đều
U001,2026-04-08,440434,0,48769546,23,8,đều
U001,2026-04-09,421704,0,48347842,22,9,đều
U001,2026-04-10,588960,0,47758882,21,10,đều
U001,2026-04-11,623716,0,47135166,20,11,đều
U001,2026-04-12,372595,0,46762571,19,12,đều
U001,2026-04-13,365902,0,46396669,18,13,đều
U001,2026-04-14,412679,0,45983990,17,14,đều
U001,2026-04-15,183447,0,45800543,16,15,đều
U001,2026-04-16,251292,0,45549251,15,16,đều
U001,2026-04-17,795874,0,44753377,14,17,đều
U001,2026-04-18,889517,0,43863860,13,18,đều
U001,2026-04-19,416996,0,43446864,12,19,đều
U001,2026-04-20,580166,0,42866698,11,20,đều
U001,2026-04-21,521752,0,42344946,10,21,đều
U001,2026-04-22,1578521,0,40766425,9,22,đều
U001,2026-04-23,720915,0,40045510,8,23,đều
U001,2026-04-24,437696,0,39607814,7,24,đều
U001,2026-04-25,314340,0,39293474,6,25,đều
U001,2026-04-26,242285,0,39051189,5,26,đều
U001,2026-04-27,499735,0,38551454,4,27,đều
U001,2026-04-28,340410,0,38211044,3,28,đều
U001,2026-04-29,260809,0,37950235,2,29,đều
U001,2026-04-30,355691,0,37594544,1,30,đều
U001,2026-05-01,298889,17490802,54786457,31,1,đều
U001,2026-05-02,904650,0,53881807,30,2,đều
U001,2026-05-03,655467,0,53226340,29,3,đều
U001,2026-05-04,459208,0,52767132,28,4,đều
U001,2026-05-05,832696,0,51934436,27,5,đều
U001,2026-05-06,475154,0,51459282,26,6,đều
U001,2026-05-07,326418,0,51132864,25,7,đều
U001,2026-05-08,847204,0,50285660,24,8,đều
U001,2026-05-09,571495,0,49714165,23,9,đều
U001,2026-05-10,304233,0,49409932,22,10,đều
U001,2026-05-11,426903,0,48983029,21,11,đều
U001,2026-05-12,324552,0,48658477,20,12,đều
U001,2026-05-13,264958,0,48393519,19,13,đều
U001,2026-05-14,667249,0,47726270,18,14,đều
U001,2026-05-15,988766,0,46737504,17,15,đều
U001,2026-05-16,263292,0,46474212,16,16,đều
U001,2026-05-17,577021,0,45897191,15,17,đều
U001,2026-05-18,355112,0,45542079,14,18,đều
U001,2026-05-19,379116,0,45162963,13,19,đều
U001,2026-05-20,363484,0,44799479,12,20,đều
U001,2026-05-21,326065,0,44473414,11,21,đều
U001,2026-05-22,469703,0,44003711,10,22,đều
U001,2026-05-23,330402,0,43673309,9,23,đều
U001,2026-05-24,513307,0,43160002,8,24,đều
U001,2026-05-25,451509,0,42708493,7,25,đều
U001,2026-05-26,418682,0,42289811,6,26,đều
U001,2026-05-27,320431,0,41969380,5,27,đều
U001,2026-05-28,365762,0,41603618,4,28,đều
U001,2026-05-29,623188,0,40980430,3,29,đều
U001,2026-05-30,562875,0,40417555,2,30,đều
U001,2026-05-31,311584,0,40105971,1,31,đều
U001,2026-06-01,479347,17490802,57117426,30,1,đều
U001,2026-06-02,622191,0,56495235,29,2,đều
U001,2026-06-03,236259,0,56258976,28,3,đều
U001,2026-06-04,572513,0,55686463,27,4,đều
U001,2026-06-05,353415,0,55333048,26,5,đều
U001,2026-06-06,578785,0,54754263,25,6,đều
U001,2026-06-07,339471,0,54414792,24,7,đều
U001,2026-06-08,223797,0,54190995,23,8,đều
U001,2026-06-09,240249,0,53950746,22,9,đều
U001,2026-06-10,469621,0,53481125,21,10,đều
U001,2026-06-11,511108,0,52970017,20,11,đều
U001,2026-06-12,320847,0,52649170,19,12,đều
U001,2026-06-13,594742,0,52054428,18,13,đều
U001,2026-06-14,237006,0,51817422,17,14,đều
U001,2026-06-15,448657,0,51368765,16,15,đều
U001,2026-06-16,283804,0,51084961,15,16,đều
U001,2026-06-17,354943,0,50730018,14,17,đều
U001,2026-06-18,469492,0,50260526,13,18,đều
U001,2026-06-19,326531,0,49933995,12,19,đều
U001,2026-06-20,394994,0,49539001,11,20,đều
U001,2026-06-21,688978,0,48850023,10,21,đều
U001,2026-06-22,365744,0,48484279,9,22,đều
U001,2026-06-23,643530,0,47840749,8,23,đều
U001,2026-06-24,293186,0,47547563,7,24,đều
U001,2026-06-25,569417,0,46978146,6,25,đều
U001,2026-06-26,820012,0,46158134,5,26,đều
U001,2026-06-27,171406,0,45986728,4,27,đều
U001,2026-06-28,334934,0,45651794,3,28,đều
U001,2026-06-29,580286,0,45071508,2,29,đều
U001,2026-06-30,424738,0,44646770,1,30,đều
U001,2026-07-01,534403,17490802,61603169,31,1,đều
U002,2025-01-01,1074427,28766809,27692382,31,1,dồn đầu chu kỳ
U002,2025-01-02,1377456,0,26314926,30,2,dồn đầu chu kỳ
U002,2025-01-03,1215017,0,25099909,29,3,dồn đầu chu kỳ
U002,2025-01-04,2003164,0,23096745,28,4,dồn đầu chu kỳ
U002,2025-01-05,1348615,0,21748130,27,5,dồn đầu chu kỳ
U002,2025-01-06,1351342,0,20396788,26,6,dồn đầu chu kỳ
U002,2025-01-07,969520,0,19427268,25,7,dồn đầu chu kỳ
U002,2025-01-08,909753,0,18517515,24,8,dồn đầu chu kỳ
U002,2025-01-09,898481,0,17619034,23,9,dồn đầu chu kỳ
U002,2025-01-10,1206878,0,16412156,22,10,dồn đầu chu kỳ
U002,2025-01-11,839306,0,15572850,21,11,dồn đầu chu kỳ
U002,2025-01-12,1073214,0,14499636,20,12,dồn đầu chu kỳ
U002,2025-01-13,2106237,0,12393399,19,13,dồn đầu chu kỳ
U002,2025-01-14,1247972,0,11145427,18,14,dồn đầu chu kỳ
U002,2025-01-15,740208,0,10405219,17,15,dồn đầu chu kỳ
U002,2025-01-16,1302920,0,9102299,16,16,dồn đầu chu kỳ
U002,2025-01-17,652636,0,8449663,15,17,dồn đầu chu kỳ
U002,2025-01-18,323432,0,8126231,14,18,dồn đầu chu kỳ
U002,2025-01-19,463294,0,7662937,13,19,dồn đầu chu kỳ
U002,2025-01-20,310353,0,7352584,12,20,dồn đầu chu kỳ
U002,2025-01-21,537313,0,6815271,11,21,dồn đầu chu kỳ
U002,2025-01-22,585246,0,6230025,10,22,dồn đầu chu kỳ
U002,2025-01-23,1062679,0,5167346,9,23,dồn đầu chu kỳ
U002,2025-01-24,576679,0,4590667,8,24,dồn đầu chu kỳ
U002,2025-01-25,429196,0,4161471,7,25,dồn đầu chu kỳ
U002,2025-01-26,600603,0,3560868,6,26,dồn đầu chu kỳ
U002,2025-01-27,162511,0,3398357,5,27,dồn đầu chu kỳ
U002,2025-01-28,391256,0,3007101,4,28,dồn đầu chu kỳ
U002,2025-01-29,433650,0,2573451,3,29,dồn đầu chu kỳ
U002,2025-01-30,155601,0,2417850,2,30,dồn đầu chu kỳ
U002,2025-01-31,384956,0,2032894,1,31,dồn đầu chu kỳ
U002,2025-02-01,1566401,28766809,29233302,28,1,dồn đầu chu kỳ
U002,2025-02-02,1126919,0,28106383,27,2,dồn đầu chu kỳ
U002,2025-02-03,1665527,0,26440856,26,3,dồn đầu chu kỳ
U002,2025-02-04,3113951,0,23326905,25,4,dồn đầu chu kỳ
U002,2025-02-05,1310038,0,22016867,24,5,dồn đầu chu kỳ
U002,2025-02-06,1303881,0,20712986,23,6,dồn đầu chu kỳ
U002,2025-02-07,951279,0,19761707,22,7,dồn đầu chu kỳ
U002,2025-02-08,787039,0,18974668,21,8,dồn đầu chu kỳ
U002,2025-02-09,1489005,0,17485663,20,9,dồn đầu chu kỳ
U002,2025-02-10,731851,0,16753812,19,10,dồn đầu chu kỳ
U002,2025-02-11,1022081,0,15731731,18,11,dồn đầu chu kỳ
U002,2025-02-12,789532,0,14942199,17,12,dồn đầu chu kỳ
U002,2025-02-13,1112194,0,13830005,16,13,dồn đầu chu kỳ
U002,2025-02-14,1006556,0,12823449,15,14,dồn đầu chu kỳ
U002,2025-02-15,1277112,0,11546337,14,15,dồn đầu chu kỳ
U002,2025-02-16,657123,0,10889214,13,16,dồn đầu chu kỳ
U002,2025-02-17,689730,0,10199484,12,17,dồn đầu chu kỳ
U002,2025-02-18,494098,0,9705386,11,18,dồn đầu chu kỳ
U002,2025-02-19,580493,0,9124893,10,19,dồn đầu chu kỳ
U002,2025-02-20,762762,0,8362131,9,20,dồn đầu chu kỳ
U002,2025-02-21,837131,0,7525000,8,21,dồn đầu chu kỳ
U002,2025-02-22,401738,0,7123262,7,22,dồn đầu chu kỳ
U002,2025-02-23,769558,0,6353704,6,23,dồn đầu chu kỳ
U002,2025-02-24,870241,0,5483463,5,24,dồn đầu chu kỳ
U002,2025-02-25,552762,0,4930701,4,25,dồn đầu chu kỳ
U002,2025-02-26,913141,0,4017560,3,26,dồn đầu chu kỳ
U002,2025-02-27,288786,0,3728774,2,27,dồn đầu chu kỳ
U002,2025-02-28,216427,0,3512347,1,28,dồn đầu chu kỳ
U002,2025-03-01,671591,28766809,31607565,31,1,dồn đầu chu kỳ
U002,2025-03-02,2420611,0,29186954,30,2,dồn đầu chu kỳ
U002,2025-03-03,1679969,0,27506985,29,3,dồn đầu chu kỳ
U002,2025-03-04,1227993,0,26278992,28,4,dồn đầu chu kỳ
U002,2025-03-05,1362467,0,24916525,27,5,dồn đầu chu kỳ
U002,2025-03-06,752663,0,24163862,26,6,dồn đầu chu kỳ
U002,2025-03-07,3040729,0,21123133,25,7,dồn đầu chu kỳ
U002,2025-03-08,1164333,0,19958800,24,8,dồn đầu chu kỳ
U002,2025-03-09,1115979,0,18842821,23,9,dồn đầu chu kỳ
U002,2025-03-10,1377902,0,17464919,22,10,dồn đầu chu kỳ
U002,2025-03-11,1203962,0,16260957,21,11,dồn đầu chu kỳ
U002,2025-03-12,1045298,0,15215659,20,12,dồn đầu chu kỳ
U002,2025-03-13,669351,0,14546308,19,13,dồn đầu chu kỳ
U002,2025-03-14,1063598,0,13482710,18,14,dồn đầu chu kỳ
U002,2025-03-15,1790321,0,11692389,17,15,dồn đầu chu kỳ
U002,2025-03-16,1380286,0,10312103,16,16,dồn đầu chu kỳ
U002,2025-03-17,1453202,0,8858901,15,17,dồn đầu chu kỳ
U002,2025-03-18,595710,0,8263191,14,18,dồn đầu chu kỳ
U002,2025-03-19,466731,0,7796460,13,19,dồn đầu chu kỳ
U002,2025-03-20,623726,0,7172734,12,20,dồn đầu chu kỳ
U002,2025-03-21,632370,0,6540364,11,21,dồn đầu chu kỳ
U002,2025-03-22,899952,0,5640412,10,22,dồn đầu chu kỳ
U002,2025-03-23,276162,0,5364250,9,23,dồn đầu chu kỳ
U002,2025-03-24,932934,0,4431316,8,24,dồn đầu chu kỳ
U002,2025-03-25,439813,0,3991503,7,25,dồn đầu chu kỳ
U002,2025-03-26,363369,0,3628134,6,26,dồn đầu chu kỳ
U002,2025-03-27,262528,0,3365606,5,27,dồn đầu chu kỳ
U002,2025-03-28,183676,0,3181930,4,28,dồn đầu chu kỳ
U002,2025-03-29,442818,0,2739112,3,29,dồn đầu chu kỳ
U002,2025-03-30,289471,0,2449641,2,30,dồn đầu chu kỳ
U002,2025-03-31,145422,0,2304219,1,31,dồn đầu chu kỳ
U002,2025-04-01,814933,28766809,30256095,30,1,dồn đầu chu kỳ
U002,2025-04-02,1163332,0,29092763,29,2,dồn đầu chu kỳ
U002,2025-04-03,2520955,0,26571808,28,3,dồn đầu chu kỳ
U002,2025-04-04,1131765,0,25440043,27,4,dồn đầu chu kỳ
U002,2025-04-05,667679,0,24772364,26,5,dồn đầu chu kỳ
U002,2025-04-06,1070108,0,23702256,25,6,dồn đầu chu kỳ
U002,2025-04-07,1025015,0,22677241,24,7,dồn đầu chu kỳ
U002,2025-04-08,375952,0,22301289,23,8,dồn đầu chu kỳ
U002,2025-04-09,1045250,0,21256039,22,9,dồn đầu chu kỳ
U002,2025-04-10,939772,0,20316267,21,10,dồn đầu chu kỳ
U002,2025-04-11,1312189,0,19004078,20,11,dồn đầu chu kỳ
U002,2025-04-12,2002368,0,17001710,19,12,dồn đầu chu kỳ
U002,2025-04-13,1441045,0,15560665,18,13,dồn đầu chu kỳ
U002,2025-04-14,790978,0,14769687,17,14,dồn đầu chu kỳ
U002,2025-04-15,541710,0,14227977,16,15,dồn đầu chu kỳ
U002,2025-04-16,2255714,0,11972263,15,16,dồn đầu chu kỳ
U002,2025-04-17,786771,0,11185492,14,17,dồn đầu chu kỳ
U002,2025-04-18,734956,0,10450536,13,18,dồn đầu chu kỳ
U002,2025-04-19,686733,0,9763803,12,19,dồn đầu chu kỳ
U002,2025-04-20,709996,0,9053807,11,20,dồn đầu chu kỳ
U002,2025-04-21,583732,0,8470075,10,21,dồn đầu chu kỳ
U002,2025-04-22,461832,0,8008243,9,22,dồn đầu chu kỳ
U002,2025-04-23,436693,0,7571550,8,23,dồn đầu chu kỳ
U002,2025-04-24,499403,0,7072147,7,24,dồn đầu chu kỳ
U002,2025-04-25,376977,0,6695170,6,25,dồn đầu chu kỳ
U002,2025-04-26,324094,0,6371076,5,26,dồn đầu chu kỳ
U002,2025-04-27,410663,0,5960413,4,27,dồn đầu chu kỳ
U002,2025-04-28,321541,0,5638872,3,28,dồn đầu chu kỳ
U002,2025-04-29,581429,0,5057443,2,29,dồn đầu chu kỳ
U002,2025-04-30,97353,0,4960090,1,30,dồn đầu chu kỳ
U002,2025-05-01,2116968,28766809,31609931,31,1,dồn đầu chu kỳ
U002,2025-05-02,2190296,0,29419635,30,2,dồn đầu chu kỳ
U002,2025-05-03,564211,0,28855424,29,3,dồn đầu chu kỳ
U002,2025-05-04,1094765,0,27760659,28,4,dồn đầu chu kỳ
U002,2025-05-05,1049940,0,26710719,27,5,dồn đầu chu kỳ
U002,2025-05-06,672369,0,26038350,26,6,dồn đầu chu kỳ
U002,2025-05-07,837503,0,25200847,25,7,dồn đầu chu kỳ
U002,2025-05-08,709092,0,24491755,24,8,dồn đầu chu kỳ
U002,2025-05-09,2153043,0,22338712,23,9,dồn đầu chu kỳ
U002,2025-05-10,1498594,0,20840118,22,10,dồn đầu chu kỳ
U002,2025-05-11,1651752,0,19188366,21,11,dồn đầu chu kỳ
U002,2025-05-12,1275600,0,17912766,20,12,dồn đầu chu kỳ
U002,2025-05-13,584571,0,17328195,19,13,dồn đầu chu kỳ
U002,2025-05-14,714096,0,16614099,18,14,dồn đầu chu kỳ
U002,2025-05-15,1025659,0,15588440,17,15,dồn đầu chu kỳ
U002,2025-05-16,494243,0,15094197,16,16,dồn đầu chu kỳ
U002,2025-05-17,1021931,0,14072266,15,17,dồn đầu chu kỳ
U002,2025-05-18,663885,0,13408381,14,18,dồn đầu chu kỳ
U002,2025-05-19,596851,0,12811530,13,19,dồn đầu chu kỳ
U002,2025-05-20,871669,0,11939861,12,20,dồn đầu chu kỳ
U002,2025-05-21,738699,0,11201162,11,21,dồn đầu chu kỳ
U002,2025-05-22,502843,0,10698319,10,22,dồn đầu chu kỳ
U002,2025-05-23,864115,0,9834204,9,23,dồn đầu chu kỳ
U002,2025-05-24,328353,0,9505851,8,24,dồn đầu chu kỳ
U002,2025-05-25,599399,0,8906452,7,25,dồn đầu chu kỳ
U002,2025-05-26,546433,0,8360019,6,26,dồn đầu chu kỳ
U002,2025-05-27,347714,0,8012305,5,27,dồn đầu chu kỳ
U002,2025-05-28,405682,0,7606623,4,28,dồn đầu chu kỳ
U002,2025-05-29,193146,0,7413477,3,29,dồn đầu chu kỳ
U002,2025-05-30,406807,0,7006670,2,30,dồn đầu chu kỳ
U002,2025-05-31,226256,0,6780414,1,31,dồn đầu chu kỳ
U002,2025-06-01,1109925,28766809,34437298,30,1,dồn đầu chu kỳ
U002,2025-06-02,2024264,0,32413034,29,2,dồn đầu chu kỳ
U002,2025-06-03,975594,0,31437440,28,3,dồn đầu chu kỳ
U002,2025-06-04,714788,0,30722652,27,4,dồn đầu chu kỳ
U002,2025-06-05,653546,0,30069106,26,5,dồn đầu chu kỳ
U002,2025-06-06,1504501,0,28564605,25,6,dồn đầu chu kỳ
U002,2025-06-07,684973,0,27879632,24,7,dồn đầu chu kỳ
U002,2025-06-08,2230839,0,25648793,23,8,dồn đầu chu kỳ
U002,2025-06-09,464498,0,25184295,22,9,dồn đầu chu kỳ
U002,2025-06-10,2031630,0,23152665,21,10,dồn đầu chu kỳ
U002,2025-06-11,1080713,0,22071952,20,11,dồn đầu chu kỳ
U002,2025-06-12,919489,0,21152463,19,12,dồn đầu chu kỳ
U002,2025-06-13,738433,0,20414030,18,13,dồn đầu chu kỳ
U002,2025-06-14,1033266,0,19380764,17,14,dồn đầu chu kỳ
U002,2025-06-15,830715,0,18550049,16,15,dồn đầu chu kỳ
U002,2025-06-16,1252878,0,17297171,15,16,dồn đầu chu kỳ
U002,2025-06-17,804275,0,16492896,14,17,dồn đầu chu kỳ
U002,2025-06-18,776161,0,15716735,13,18,dồn đầu chu kỳ
U002,2025-06-19,599533,0,15117202,12,19,dồn đầu chu kỳ
U002,2025-06-20,641140,0,14476062,11,20,dồn đầu chu kỳ
U002,2025-06-21,699458,0,13776604,10,21,dồn đầu chu kỳ
U002,2025-06-22,293125,0,13483479,9,22,dồn đầu chu kỳ
U002,2025-06-23,316936,0,13166543,8,23,dồn đầu chu kỳ
U002,2025-06-24,681176,0,12485367,7,24,dồn đầu chu kỳ
U002,2025-06-25,501649,0,11983718,6,25,dồn đầu chu kỳ
U002,2025-06-26,400446,0,11583272,5,26,dồn đầu chu kỳ
U002,2025-06-27,396459,0,11186813,4,27,dồn đầu chu kỳ
U002,2025-06-28,409178,0,10777635,3,28,dồn đầu chu kỳ
U002,2025-06-29,256720,0,10520915,2,29,dồn đầu chu kỳ
U002,2025-06-30,205903,0,10315012,1,30,dồn đầu chu kỳ
U002,2025-07-01,1479524,28766809,37602297,31,1,dồn đầu chu kỳ
U002,2025-07-02,899653,0,36702644,30,2,dồn đầu chu kỳ
U002,2025-07-03,1522464,0,35180180,29,3,dồn đầu chu kỳ
U002,2025-07-04,635452,0,34544728,28,4,dồn đầu chu kỳ
U002,2025-07-05,1838541,0,32706187,27,5,dồn đầu chu kỳ
U002,2025-07-06,1426318,0,31279869,26,6,dồn đầu chu kỳ
U002,2025-07-07,1266438,0,30013431,25,7,dồn đầu chu kỳ
U002,2025-07-08,1638099,0,28375332,24,8,dồn đầu chu kỳ
U002,2025-07-09,2079575,0,26295757,23,9,dồn đầu chu kỳ
U002,2025-07-10,1546515,0,24749242,22,10,dồn đầu chu kỳ
U002,2025-07-11,475620,0,24273622,21,11,dồn đầu chu kỳ
U002,2025-07-12,572878,0,23700744,20,12,dồn đầu chu kỳ
U002,2025-07-13,715206,0,22985538,19,13,dồn đầu chu kỳ
U002,2025-07-14,890036,0,22095502,18,14,dồn đầu chu kỳ
U002,2025-07-15,1037328,0,21058174,17,15,dồn đầu chu kỳ
U002,2025-07-16,602797,0,20455377,16,16,dồn đầu chu kỳ
U002,2025-07-17,827953,0,19627424,15,17,dồn đầu chu kỳ
U002,2025-07-18,540279,0,19087145,14,18,dồn đầu chu kỳ
U002,2025-07-19,542934,0,18544211,13,19,dồn đầu chu kỳ
U002,2025-07-20,373666,0,18170545,12,20,dồn đầu chu kỳ
U002,2025-07-21,427473,0,17743072,11,21,dồn đầu chu kỳ
U002,2025-07-22,338320,0,17404752,10,22,dồn đầu chu kỳ
U002,2025-07-23,367831,0,17036921,9,23,dồn đầu chu kỳ
U002,2025-07-24,771218,0,16265703,8,24,dồn đầu chu kỳ
U002,2025-07-25,320472,0,15945231,7,25,dồn đầu chu kỳ
U002,2025-07-26,1235369,0,14709862,6,26,dồn đầu chu kỳ
U002,2025-07-27,479396,0,14230466,5,27,dồn đầu chu kỳ
U002,2025-07-28,383389,0,13847077,4,28,dồn đầu chu kỳ
U002,2025-07-29,226003,0,13621074,3,29,dồn đầu chu kỳ
U002,2025-07-30,371984,0,13249090,2,30,dồn đầu chu kỳ
U002,2025-07-31,193518,0,13055572,1,31,dồn đầu chu kỳ
U002,2025-08-01,1436466,28766809,40385915,31,1,dồn đầu chu kỳ
U002,2025-08-02,3704826,0,36681089,30,2,dồn đầu chu kỳ
U002,2025-08-03,1244340,0,35436749,29,3,dồn đầu chu kỳ
U002,2025-08-04,1988388,0,33448361,28,4,dồn đầu chu kỳ
U002,2025-08-05,919467,0,32528894,27,5,dồn đầu chu kỳ
U002,2025-08-06,1164232,0,31364662,26,6,dồn đầu chu kỳ
U002,2025-08-07,2321275,0,29043387,25,7,dồn đầu chu kỳ
U002,2025-08-08,860427,0,28182960,24,8,dồn đầu chu kỳ
U002,2025-08-09,2205498,0,25977462,23,9,dồn đầu chu kỳ
U002,2025-08-10,1368009,0,24609453,22,10,dồn đầu chu kỳ
U002,2025-08-11,793127,0,23816326,21,11,dồn đầu chu kỳ
U002,2025-08-12,1230858,0,22585468,20,12,dồn đầu chu kỳ
U002,2025-08-13,1354950,0,21230518,19,13,dồn đầu chu kỳ
U002,2025-08-14,1129522,0,20100996,18,14,dồn đầu chu kỳ
U002,2025-08-15,450001,0,19650995,17,15,dồn đầu chu kỳ
U002,2025-08-16,602461,0,19048534,16,16,dồn đầu chu kỳ
U002,2025-08-17,695925,0,18352609,15,17,dồn đầu chu kỳ
U002,2025-08-18,709433,0,17643176,14,18,dồn đầu chu kỳ
U002,2025-08-19,888793,0,16754383,13,19,dồn đầu chu kỳ
U002,2025-08-20,704231,0,16050152,12,20,dồn đầu chu kỳ
U002,2025-08-21,362508,0,15687644,11,21,dồn đầu chu kỳ
U002,2025-08-22,676373,0,15011271,10,22,dồn đầu chu kỳ
U002,2025-08-23,693817,0,14317454,9,23,dồn đầu chu kỳ
U002,2025-08-24,632975,0,13684479,8,24,dồn đầu chu kỳ
U002,2025-08-25,721885,0,12962594,7,25,dồn đầu chu kỳ
U002,2025-08-26,601689,0,12360905,6,26,dồn đầu chu kỳ
U002,2025-08-27,472894,0,11888011,5,27,dồn đầu chu kỳ
U002,2025-08-28,346212,0,11541799,4,28,dồn đầu chu kỳ
U002,2025-08-29,163941,0,11377858,3,29,dồn đầu chu kỳ
U002,2025-08-30,333811,0,11044047,2,30,dồn đầu chu kỳ
U002,2025-08-31,264728,0,10779319,1,31,dồn đầu chu kỳ
U002,2025-09-01,1525029,28766809,38021099,30,1,dồn đầu chu kỳ
U002,2025-09-02,798439,0,37222660,29,2,dồn đầu chu kỳ
U002,2025-09-03,839127,0,36383533,28,3,dồn đầu chu kỳ
U002,2025-09-04,1913390,0,34470143,27,4,dồn đầu chu kỳ
U002,2025-09-05,1199000,0,33271143,26,5,dồn đầu chu kỳ
U002,2025-09-06,1550624,0,31720519,25,6,dồn đầu chu kỳ
U002,2025-09-07,1156183,0,30564336,24,7,dồn đầu chu kỳ
U002,2025-09-08,1118918,0,29445418,23,8,dồn đầu chu kỳ
U002,2025-09-09,1554707,0,27890711,22,9,dồn đầu chu kỳ
U002,2025-09-10,838482,0,27052229,21,10,dồn đầu chu kỳ
U002,2025-09-11,1032169,0,26020060,20,11,dồn đầu chu kỳ
U002,2025-09-12,794405,0,25225655,19,12,dồn đầu chu kỳ
U002,2025-09-13,771780,0,24453875,18,13,dồn đầu chu kỳ
U002,2025-09-14,778335,0,23675540,17,14,dồn đầu chu kỳ
U002,2025-09-15,921676,0,22753864,16,15,dồn đầu chu kỳ
U002,2025-09-16,665393,0,22088471,15,16,dồn đầu chu kỳ
U002,2025-09-17,1269721,0,20818750,14,17,dồn đầu chu kỳ
U002,2025-09-18,511014,0,20307736,13,18,dồn đầu chu kỳ
U002,2025-09-19,643452,0,19664284,12,19,dồn đầu chu kỳ
U002,2025-09-20,550118,0,19114166,11,20,dồn đầu chu kỳ
U002,2025-09-21,1103207,0,18010959,10,21,dồn đầu chu kỳ
U002,2025-09-22,628469,0,17382490,9,22,dồn đầu chu kỳ
U002,2025-09-23,821155,0,16561335,8,23,dồn đầu chu kỳ
U002,2025-09-24,279301,0,16282034,7,24,dồn đầu chu kỳ
U002,2025-09-25,521325,0,15760709,6,25,dồn đầu chu kỳ
U002,2025-09-26,615247,0,15145462,5,26,dồn đầu chu kỳ
U002,2025-09-27,406715,0,14738747,4,27,dồn đầu chu kỳ
U002,2025-09-28,545285,0,14193462,3,28,dồn đầu chu kỳ
U002,2025-09-29,259038,0,13934424,2,29,dồn đầu chu kỳ
U002,2025-09-30,493966,0,13440458,1,30,dồn đầu chu kỳ
U002,2025-10-01,3431307,28766809,38775960,31,1,dồn đầu chu kỳ
U002,2025-10-02,1150811,0,37625149,30,2,dồn đầu chu kỳ
U002,2025-10-03,1082018,0,36543131,29,3,dồn đầu chu kỳ
U002,2025-10-04,2245591,0,34297540,28,4,dồn đầu chu kỳ
U002,2025-10-05,2291344,0,32006196,27,5,dồn đầu chu kỳ
U002,2025-10-06,957828,0,31048368,26,6,dồn đầu chu kỳ
U002,2025-10-07,966303,0,30082065,25,7,dồn đầu chu kỳ
U002,2025-10-08,987821,0,29094244,24,8,dồn đầu chu kỳ
U002,2025-10-09,623874,0,28470370,23,9,dồn đầu chu kỳ
U002,2025-10-10,713762,0,27756608,22,10,dồn đầu chu kỳ
U002,2025-10-11,664685,0,27091923,21,11,dồn đầu chu kỳ
U002,2025-10-12,703019,0,26388904,20,12,dồn đầu chu kỳ
U002,2025-10-13,905624,0,25483280,19,13,dồn đầu chu kỳ
U002,2025-10-14,967303,0,24515977,18,14,dồn đầu chu kỳ
U002,2025-10-15,1567975,0,22948002,17,15,dồn đầu chu kỳ
U002,2025-10-16,540523,0,22407479,16,16,dồn đầu chu kỳ
U002,2025-10-17,1139083,0,21268396,15,17,dồn đầu chu kỳ
U002,2025-10-18,670916,0,20597480,14,18,dồn đầu chu kỳ
U002,2025-10-19,679808,0,19917672,13,19,dồn đầu chu kỳ
U002,2025-10-20,859159,0,19058513,12,20,dồn đầu chu kỳ
U002,2025-10-21,394688,0,18663825,11,21,dồn đầu chu kỳ
U002,2025-10-22,676971,0,17986854,10,22,dồn đầu chu kỳ
U002,2025-10-23,580886,0,17405968,9,23,dồn đầu chu kỳ
U002,2025-10-24,616153,0,16789815,8,24,dồn đầu chu kỳ
U002,2025-10-25,525958,0,16263857,7,25,dồn đầu chu kỳ
U002,2025-10-26,1150891,0,15112966,6,26,dồn đầu chu kỳ
U002,2025-10-27,304937,0,14808029,5,27,dồn đầu chu kỳ
U002,2025-10-28,287930,0,14520099,4,28,dồn đầu chu kỳ
U002,2025-10-29,248299,0,14271800,3,29,dồn đầu chu kỳ
U002,2025-10-30,225098,0,14046702,2,30,dồn đầu chu kỳ
U002,2025-10-31,188797,0,13857905,1,31,dồn đầu chu kỳ
U002,2025-11-01,2201169,28766809,40423545,30,1,dồn đầu chu kỳ
U002,2025-11-02,2348564,0,38074981,29,2,dồn đầu chu kỳ
U002,2025-11-03,1029147,0,37045834,28,3,dồn đầu chu kỳ
U002,2025-11-04,900030,0,36145804,27,4,dồn đầu chu kỳ
U002,2025-11-05,1470902,0,34674902,26,5,dồn đầu chu kỳ
U002,2025-11-06,946644,0,33728258,25,6,dồn đầu chu kỳ
U002,2025-11-07,1472511,0,32255747,24,7,dồn đầu chu kỳ
U002,2025-11-08,1199169,0,31056578,23,8,dồn đầu chu kỳ
U002,2025-11-09,582560,0,30474018,22,9,dồn đầu chu kỳ
U002,2025-11-10,1914120,0,28559898,21,10,dồn đầu chu kỳ
U002,2025-11-11,2037178,0,26522720,20,11,dồn đầu chu kỳ
U002,2025-11-12,747989,0,25774731,19,12,dồn đầu chu kỳ
U002,2025-11-13,786362,0,24988369,18,13,dồn đầu chu kỳ
U002,2025-11-14,987495,0,24000874,17,14,dồn đầu chu kỳ
U002,2025-11-15,964031,0,23036843,16,15,dồn đầu chu kỳ
U002,2025-11-16,1048689,0,21988154,15,16,dồn đầu chu kỳ
U002,2025-11-17,1716996,0,20271158,14,17,dồn đầu chu kỳ
U002,2025-11-18,680931,0,19590227,13,18,dồn đầu chu kỳ
U002,2025-11-19,503849,0,19086378,12,19,dồn đầu chu kỳ
U002,2025-11-20,377775,0,18708603,11,20,dồn đầu chu kỳ
U002,2025-11-21,461653,0,18246950,10,21,dồn đầu chu kỳ
U002,2025-11-22,573303,0,17673647,9,22,dồn đầu chu kỳ
U002,2025-11-23,1114094,0,16559553,8,23,dồn đầu chu kỳ
U002,2025-11-24,411361,0,16148192,7,24,dồn đầu chu kỳ
U002,2025-11-25,512381,0,15635811,6,25,dồn đầu chu kỳ
U002,2025-11-26,428205,0,15207606,5,26,dồn đầu chu kỳ
U002,2025-11-27,633055,0,14574551,4,27,dồn đầu chu kỳ
U002,2025-11-28,978372,0,13596179,3,28,dồn đầu chu kỳ
U002,2025-11-29,257635,0,13338544,2,29,dồn đầu chu kỳ
U002,2025-11-30,231124,0,13107420,1,30,dồn đầu chu kỳ
U002,2025-12-01,2077253,28766809,39796976,31,1,dồn đầu chu kỳ
U002,2025-12-02,1747802,0,38049174,30,2,dồn đầu chu kỳ
U002,2025-12-03,2706651,0,35342523,29,3,dồn đầu chu kỳ
U002,2025-12-04,1585955,0,33756568,28,4,dồn đầu chu kỳ
U002,2025-12-05,1055055,0,32701513,27,5,dồn đầu chu kỳ
U002,2025-12-06,1495289,0,31206224,26,6,dồn đầu chu kỳ
U002,2025-12-07,1781183,0,29425041,25,7,dồn đầu chu kỳ
U002,2025-12-08,1535188,0,27889853,24,8,dồn đầu chu kỳ
U002,2025-12-09,1308503,0,26581350,23,9,dồn đầu chu kỳ
U002,2025-12-10,1579211,0,25002139,22,10,dồn đầu chu kỳ
U002,2025-12-11,1585552,0,23416587,21,11,dồn đầu chu kỳ
U002,2025-12-12,1661319,0,21755268,20,12,dồn đầu chu kỳ
U002,2025-12-13,1190325,0,20564943,19,13,dồn đầu chu kỳ
U002,2025-12-14,823842,0,19741101,18,14,dồn đầu chu kỳ
U002,2025-12-15,894286,0,18846815,17,15,dồn đầu chu kỳ
U002,2025-12-16,1305683,0,17541132,16,16,dồn đầu chu kỳ
U002,2025-12-17,554172,0,16986960,15,17,dồn đầu chu kỳ
U002,2025-12-18,847007,0,16139953,14,18,dồn đầu chu kỳ
U002,2025-12-19,592446,0,15547507,13,19,dồn đầu chu kỳ
U002,2025-12-20,663497,0,14884010,12,20,dồn đầu chu kỳ
U002,2025-12-21,1031290,0,13852720,11,21,dồn đầu chu kỳ
U002,2025-12-22,627099,0,13225621,10,22,dồn đầu chu kỳ
U002,2025-12-23,553659,0,12671962,9,23,dồn đầu chu kỳ
U002,2025-12-24,293704,0,12378258,8,24,dồn đầu chu kỳ
U002,2025-12-25,631473,0,11746785,7,25,dồn đầu chu kỳ
U002,2025-12-26,558004,0,11188781,6,26,dồn đầu chu kỳ
U002,2025-12-27,934959,0,10253822,5,27,dồn đầu chu kỳ
U002,2025-12-28,314821,0,9939001,4,28,dồn đầu chu kỳ
U002,2025-12-29,347773,0,9591228,3,29,dồn đầu chu kỳ
U002,2025-12-30,310592,0,9280636,2,30,dồn đầu chu kỳ
U002,2025-12-31,457881,0,8822755,1,31,dồn đầu chu kỳ
U002,2026-01-01,1316878,28766809,36272686,31,1,dồn đầu chu kỳ
U002,2026-01-02,1487670,0,34785016,30,2,dồn đầu chu kỳ
U002,2026-01-03,1649031,0,33135985,29,3,dồn đầu chu kỳ
U002,2026-01-04,1352911,0,31783074,28,4,dồn đầu chu kỳ
U002,2026-01-05,1018913,0,30764161,27,5,dồn đầu chu kỳ
U002,2026-01-06,1275953,0,29488208,26,6,dồn đầu chu kỳ
U002,2026-01-07,1756370,0,27731838,25,7,dồn đầu chu kỳ
U002,2026-01-08,733340,0,26998498,24,8,dồn đầu chu kỳ
U002,2026-01-09,1126552,0,25871946,23,9,dồn đầu chu kỳ
U002,2026-01-10,778962,0,25092984,22,10,dồn đầu chu kỳ
U002,2026-01-11,1601968,0,23491016,21,11,dồn đầu chu kỳ
U002,2026-01-12,519688,0,22971328,20,12,dồn đầu chu kỳ
U002,2026-01-13,734309,0,22237019,19,13,dồn đầu chu kỳ
U002,2026-01-14,1024244,0,21212775,18,14,dồn đầu chu kỳ
U002,2026-01-15,1577426,0,19635349,17,15,dồn đầu chu kỳ
U002,2026-01-16,784917,0,18850432,16,16,dồn đầu chu kỳ
U002,2026-01-17,615337,0,18235095,15,17,dồn đầu chu kỳ
U002,2026-01-18,1551073,0,16684022,14,18,dồn đầu chu kỳ
U002,2026-01-19,388538,0,16295484,13,19,dồn đầu chu kỳ
U002,2026-01-20,272191,0,16023293,12,20,dồn đầu chu kỳ
U002,2026-01-21,737445,0,15285848,11,21,dồn đầu chu kỳ
U002,2026-01-22,475251,0,14810597,10,22,dồn đầu chu kỳ
U002,2026-01-23,361218,0,14449379,9,23,dồn đầu chu kỳ
U002,2026-01-24,671731,0,13777648,8,24,dồn đầu chu kỳ
U002,2026-01-25,516499,0,13261149,7,25,dồn đầu chu kỳ
U002,2026-01-26,343965,0,12917184,6,26,dồn đầu chu kỳ
U002,2026-01-27,235822,0,12681362,5,27,dồn đầu chu kỳ
U002,2026-01-28,504768,0,12176594,4,28,dồn đầu chu kỳ
U002,2026-01-29,413216,0,11763378,3,29,dồn đầu chu kỳ
U002,2026-01-30,270172,0,11493206,2,30,dồn đầu chu kỳ
U002,2026-01-31,509934,0,10983272,1,31,dồn đầu chu kỳ
U002,2026-02-01,891676,28766809,38858405,28,1,dồn đầu chu kỳ
U002,2026-02-02,722811,0,38135594,27,2,dồn đầu chu kỳ
U002,2026-02-03,980459,0,37155135,26,3,dồn đầu chu kỳ
U002,2026-02-04,1232914,0,35922221,25,4,dồn đầu chu kỳ
U002,2026-02-05,1342650,0,34579571,24,5,dồn đầu chu kỳ
U002,2026-02-06,1072039,0,33507532,23,6,dồn đầu chu kỳ
U002,2026-02-07,1316029,0,32191503,22,7,dồn đầu chu kỳ
U002,2026-02-08,670216,0,31521287,21,8,dồn đầu chu kỳ
U002,2026-02-09,1903091,0,29618196,20,9,dồn đầu chu kỳ
U002,2026-02-10,997399,0,28620797,19,10,dồn đầu chu kỳ
U002,2026-02-11,1552913,0,27067884,18,11,dồn đầu chu kỳ
U002,2026-02-12,1096188,0,25971696,17,12,dồn đầu chu kỳ
U002,2026-02-13,1102350,0,24869346,16,13,dồn đầu chu kỳ
U002,2026-02-14,1106251,0,23763095,15,14,dồn đầu chu kỳ
U002,2026-02-15,1008706,0,22754389,14,15,dồn đầu chu kỳ
U002,2026-02-16,1042073,0,21712316,13,16,dồn đầu chu kỳ
U002,2026-02-17,1307551,0,20404765,12,17,dồn đầu chu kỳ
U002,2026-02-18,790644,0,19614121,11,18,dồn đầu chu kỳ
U002,2026-02-19,920758,0,18693363,10,19,dồn đầu chu kỳ
U002,2026-02-20,632786,0,18060577,9,20,dồn đầu chu kỳ
U002,2026-02-21,1100184,0,16960393,8,21,dồn đầu chu kỳ
U002,2026-02-22,443239,0,16517154,7,22,dồn đầu chu kỳ
U002,2026-02-23,1116942,0,15400212,6,23,dồn đầu chu kỳ
U002,2026-02-24,497926,0,14902286,5,24,dồn đầu chu kỳ
U002,2026-02-25,264342,0,14637944,4,25,dồn đầu chu kỳ
U002,2026-02-26,453690,0,14184254,3,26,dồn đầu chu kỳ
U002,2026-02-27,299699,0,13884555,2,27,dồn đầu chu kỳ
U002,2026-02-28,498386,0,13386169,1,28,dồn đầu chu kỳ
U002,2026-03-01,1053726,28766809,41099252,31,1,dồn đầu chu kỳ
U002,2026-03-02,1113078,0,39986174,30,2,dồn đầu chu kỳ
U002,2026-03-03,607267,0,39378907,29,3,dồn đầu chu kỳ
U002,2026-03-04,1047800,0,38331107,28,4,dồn đầu chu kỳ
U002,2026-03-05,461976,0,37869131,27,5,dồn đầu chu kỳ
U002,2026-03-06,626564,0,37242567,26,6,dồn đầu chu kỳ
U002,2026-03-07,1549546,0,35693021,25,7,dồn đầu chu kỳ
U002,2026-03-08,1514038,0,34178983,24,8,dồn đầu chu kỳ
U002,2026-03-09,1266373,0,32912610,23,9,dồn đầu chu kỳ
U002,2026-03-10,700098,0,32212512,22,10,dồn đầu chu kỳ
U002,2026-03-11,974462,0,31238050,21,11,dồn đầu chu kỳ
U002,2026-03-12,954381,0,30283669,20,12,dồn đầu chu kỳ
U002,2026-03-13,577756,0,29705913,19,13,dồn đầu chu kỳ
U002,2026-03-14,1607097,0,28098816,18,14,dồn đầu chu kỳ
U002,2026-03-15,1197852,0,26900964,17,15,dồn đầu chu kỳ
U002,2026-03-16,737667,0,26163297,16,16,dồn đầu chu kỳ
U002,2026-03-17,776661,0,25386636,15,17,dồn đầu chu kỳ
U002,2026-03-18,794404,0,24592232,14,18,dồn đầu chu kỳ
U002,2026-03-19,306403,0,24285829,13,19,dồn đầu chu kỳ
U002,2026-03-20,594164,0,23691665,12,20,dồn đầu chu kỳ
U002,2026-03-21,470780,0,23220885,11,21,dồn đầu chu kỳ
U002,2026-03-22,389170,0,22831715,10,22,dồn đầu chu kỳ
U002,2026-03-23,485672,0,22346043,9,23,dồn đầu chu kỳ
U002,2026-03-24,1038559,0,21307484,8,24,dồn đầu chu kỳ
U002,2026-03-25,605401,0,20702083,7,25,dồn đầu chu kỳ
U002,2026-03-26,342990,0,20359093,6,26,dồn đầu chu kỳ
U002,2026-03-27,494839,0,19864254,5,27,dồn đầu chu kỳ
U002,2026-03-28,623195,0,19241059,4,28,dồn đầu chu kỳ
U002,2026-03-29,461160,0,18779899,3,29,dồn đầu chu kỳ
U002,2026-03-30,287890,0,18492009,2,30,dồn đầu chu kỳ
U002,2026-03-31,188077,0,18303932,1,31,dồn đầu chu kỳ
U002,2026-04-01,1808814,28766809,45261927,30,1,dồn đầu chu kỳ
U002,2026-04-02,1557367,0,43704560,29,2,dồn đầu chu kỳ
U002,2026-04-03,1849853,0,41854707,28,3,dồn đầu chu kỳ
U002,2026-04-04,1618798,0,40235909,27,4,dồn đầu chu kỳ
U002,2026-04-05,1853602,0,38382307,26,5,dồn đầu chu kỳ
U002,2026-04-06,953099,0,37429208,25,6,dồn đầu chu kỳ
U002,2026-04-07,1936252,0,35492956,24,7,dồn đầu chu kỳ
U002,2026-04-08,1196619,0,34296337,23,8,dồn đầu chu kỳ
U002,2026-04-09,2449976,0,31846361,22,9,dồn đầu chu kỳ
U002,2026-04-10,782376,0,31063985,21,10,dồn đầu chu kỳ
U002,2026-04-11,1988936,0,29075049,20,11,dồn đầu chu kỳ
U002,2026-04-12,1034494,0,28040555,19,12,dồn đầu chu kỳ
U002,2026-04-13,707637,0,27332918,18,13,dồn đầu chu kỳ
U002,2026-04-14,725798,0,26607120,17,14,dồn đầu chu kỳ
U002,2026-04-15,741890,0,25865230,16,15,dồn đầu chu kỳ
U002,2026-04-16,954841,0,24910389,15,16,dồn đầu chu kỳ
U002,2026-04-17,947080,0,23963309,14,17,dồn đầu chu kỳ
U002,2026-04-18,581005,0,23382304,13,18,dồn đầu chu kỳ
U002,2026-04-19,686670,0,22695634,12,19,dồn đầu chu kỳ
U002,2026-04-20,1545239,0,21150395,11,20,dồn đầu chu kỳ
U002,2026-04-21,1234230,0,19916165,10,21,dồn đầu chu kỳ
U002,2026-04-22,691729,0,19224436,9,22,dồn đầu chu kỳ
U002,2026-04-23,551794,0,18672642,8,23,dồn đầu chu kỳ
U002,2026-04-24,530875,0,18141767,7,24,dồn đầu chu kỳ
U002,2026-04-25,598820,0,17542947,6,25,dồn đầu chu kỳ
U002,2026-04-26,286304,0,17256643,5,26,dồn đầu chu kỳ
U002,2026-04-27,355047,0,16901596,4,27,dồn đầu chu kỳ
U002,2026-04-28,182670,0,16718926,3,28,dồn đầu chu kỳ
U002,2026-04-29,373747,0,16345179,2,29,dồn đầu chu kỳ
U002,2026-04-30,364165,0,15981014,1,30,dồn đầu chu kỳ
U002,2026-05-01,1127618,28766809,43620205,31,1,dồn đầu chu kỳ
U002,2026-05-02,2497267,0,41122938,30,2,dồn đầu chu kỳ
U002,2026-05-03,791934,0,40331004,29,3,dồn đầu chu kỳ
U002,2026-05-04,698979,0,39632025,28,4,dồn đầu chu kỳ
U002,2026-05-05,1332545,0,38299480,27,5,dồn đầu chu kỳ
U002,2026-05-06,1794805,0,36504675,26,6,dồn đầu chu kỳ
U002,2026-05-07,2241998,0,34262677,25,7,dồn đầu chu kỳ
U002,2026-05-08,920265,0,33342412,24,8,dồn đầu chu kỳ
U002,2026-05-09,1644516,0,31697896,23,9,dồn đầu chu kỳ
U002,2026-05-10,1014963,0,30682933,22,10,dồn đầu chu kỳ
U002,2026-05-11,926968,0,29755965,21,11,dồn đầu chu kỳ
U002,2026-05-12,1360990,0,28394975,20,12,dồn đầu chu kỳ
U002,2026-05-13,1192047,0,27202928,19,13,dồn đầu chu kỳ
U002,2026-05-14,468843,0,26734085,18,14,dồn đầu chu kỳ
U002,2026-05-15,1522268,0,25211817,17,15,dồn đầu chu kỳ
U002,2026-05-16,1399562,0,23812255,16,16,dồn đầu chu kỳ
U002,2026-05-17,598260,0,23213995,15,17,dồn đầu chu kỳ
U002,2026-05-18,856249,0,22357746,14,18,dồn đầu chu kỳ
U002,2026-05-19,844891,0,21512855,13,19,dồn đầu chu kỳ
U002,2026-05-20,727996,0,20784859,12,20,dồn đầu chu kỳ
U002,2026-05-21,496242,0,20288617,11,21,dồn đầu chu kỳ
U002,2026-05-22,444085,0,19844532,10,22,dồn đầu chu kỳ
U002,2026-05-23,537943,0,19306589,9,23,dồn đầu chu kỳ
U002,2026-05-24,808844,0,18497745,8,24,dồn đầu chu kỳ
U002,2026-05-25,582305,0,17915440,7,25,dồn đầu chu kỳ
U002,2026-05-26,371640,0,17543800,6,26,dồn đầu chu kỳ
U002,2026-05-27,535864,0,17007936,5,27,dồn đầu chu kỳ
U002,2026-05-28,113943,0,16893993,4,28,dồn đầu chu kỳ
U002,2026-05-29,504414,0,16389579,3,29,dồn đầu chu kỳ
U002,2026-05-30,140168,0,16249411,2,30,dồn đầu chu kỳ
U002,2026-05-31,210745,0,16038666,1,31,dồn đầu chu kỳ
U002,2026-06-01,874165,28766809,43931310,30,1,dồn đầu chu kỳ
U002,2026-06-02,792732,0,43138578,29,2,dồn đầu chu kỳ
U002,2026-06-03,2057229,0,41081349,28,3,dồn đầu chu kỳ
U002,2026-06-04,1041367,0,40039982,27,4,dồn đầu chu kỳ
U002,2026-06-05,1399215,0,38640767,26,5,dồn đầu chu kỳ
U002,2026-06-06,1158689,0,37482078,25,6,dồn đầu chu kỳ
U002,2026-06-07,1383495,0,36098583,24,7,dồn đầu chu kỳ
U002,2026-06-08,1140183,0,34958400,23,8,dồn đầu chu kỳ
U002,2026-06-09,639401,0,34318999,22,9,dồn đầu chu kỳ
U002,2026-06-10,1535356,0,32783643,21,10,dồn đầu chu kỳ
U002,2026-06-11,815227,0,31968416,20,11,dồn đầu chu kỳ
U002,2026-06-12,512792,0,31455624,19,12,dồn đầu chu kỳ
U002,2026-06-13,773753,0,30681871,18,13,dồn đầu chu kỳ
U002,2026-06-14,1605402,0,29076469,17,14,dồn đầu chu kỳ
U002,2026-06-15,1184918,0,27891551,16,15,dồn đầu chu kỳ
U002,2026-06-16,700936,0,27190615,15,16,dồn đầu chu kỳ
U002,2026-06-17,668173,0,26522442,14,17,dồn đầu chu kỳ
U002,2026-06-18,642640,0,25879802,13,18,dồn đầu chu kỳ
U002,2026-06-19,1591281,0,24288521,12,19,dồn đầu chu kỳ
U002,2026-06-20,764177,0,23524344,11,20,dồn đầu chu kỳ
U002,2026-06-21,734509,0,22789835,10,21,dồn đầu chu kỳ
U002,2026-06-22,877238,0,21912597,9,22,dồn đầu chu kỳ
U002,2026-06-23,597939,0,21314658,8,23,dồn đầu chu kỳ
U002,2026-06-24,456185,0,20858473,7,24,dồn đầu chu kỳ
U002,2026-06-25,433120,0,20425353,6,25,dồn đầu chu kỳ
U002,2026-06-26,418858,0,20006495,5,26,dồn đầu chu kỳ
U002,2026-06-27,387731,0,19618764,4,27,dồn đầu chu kỳ
U002,2026-06-28,476357,0,19142407,3,28,dồn đầu chu kỳ
U002,2026-06-29,325275,0,18817132,2,29,dồn đầu chu kỳ
U002,2026-06-30,376826,0,18440306,1,30,dồn đầu chu kỳ
U002,2026-07-01,1324580,28766809,45882535,31,1,dồn đầu chu kỳ
U003,2025-01-01,550629,16323122,15772493,31,1,đều
U003,2025-01-02,438397,0,15334096,30,2,đều
U003,2025-01-03,568917,0,14765179,29,3,đều
U003,2025-01-04,119825,0,14645354,28,4,đều
U003,2025-01-05,879963,0,13765391,27,5,đều
U003,2025-01-06,360934,0,13404457,26,6,đều
U003,2025-01-07,594549,0,12809908,25,7,đều
U003,2025-01-08,251783,0,12558125,24,8,đều
U003,2025-01-09,487671,0,12070454,23,9,đều
U003,2025-01-10,250426,0,11820028,22,10,đều
U003,2025-01-11,297384,0,11522644,21,11,đều
U003,2025-01-12,820688,0,10701956,20,12,đều
U003,2025-01-13,353632,0,10348324,19,13,đều
U003,2025-01-14,416341,0,9931983,18,14,đều
U003,2025-01-15,540534,0,9391449,17,15,đều
U003,2025-01-16,465356,0,8926093,16,16,đều
U003,2025-01-17,405329,0,8520764,15,17,đều
U003,2025-01-18,441649,0,8079115,14,18,đều
U003,2025-01-19,998143,0,7080972,13,19,đều
U003,2025-01-20,372964,0,6708008,12,20,đều
U003,2025-01-21,413629,0,6294379,11,21,đều
U003,2025-01-22,581024,0,5713355,10,22,đều
U003,2025-01-23,593918,0,5119437,9,23,đều
U003,2025-01-24,613600,0,4505837,8,24,đều
U003,2025-01-25,492760,0,4013077,7,25,đều
U003,2025-01-26,241611,0,3771466,6,26,đều
U003,2025-01-27,733555,0,3037911,5,27,đều
U003,2025-01-28,241288,0,2796623,4,28,đều
U003,2025-01-29,430774,0,2365849,3,29,đều
U003,2025-01-30,282258,0,2083591,2,30,đều
U003,2025-01-31,371993,0,1711598,1,31,đều
U003,2025-02-01,435300,16323122,17599420,28,1,đều
U003,2025-02-02,434013,0,17165407,27,2,đều
U003,2025-02-03,451827,0,16713580,26,3,đều
U003,2025-02-04,727792,0,15985788,25,4,đều
U003,2025-02-05,457577,0,15528211,24,5,đều
U003,2025-02-06,346149,0,15182062,23,6,đều
U003,2025-02-07,561249,0,14620813,22,7,đều
U003,2025-02-08,614199,0,14006614,21,8,đều
U003,2025-02-09,233571,0,13773043,20,9,đều
U003,2025-02-10,484681,0,13288362,19,10,đều
U003,2025-02-11,505223,0,12783139,18,11,đều
U003,2025-02-12,338832,0,12444307,17,12,đều
U003,2025-02-13,661701,0,11782606,16,13,đều
U003,2025-02-14,359426,0,11423180,15,14,đều
U003,2025-02-15,401321,0,11021859,14,15,đều
U003,2025-02-16,356132,0,10665727,13,16,đều
U003,2025-02-17,384046,0,10281681,12,17,đều
U003,2025-02-18,246170,0,10035511,11,18,đều
U003,2025-02-19,214543,0,9820968,10,19,đều
U003,2025-02-20,722222,0,9098746,9,20,đều
U003,2025-02-21,271985,0,8826761,8,21,đều
U003,2025-02-22,256717,0,8570044,7,22,đều
U003,2025-02-23,161285,0,8408759,6,23,đều
U003,2025-02-24,295582,0,8113177,5,24,đều
U003,2025-02-25,224819,0,7888358,4,25,đều
U003,2025-02-26,736078,0,7152280,3,26,đều
U003,2025-02-27,571610,0,6580670,2,27,đều
U003,2025-02-28,289823,0,6290847,1,28,đều
U003,2025-03-01,939648,16323122,21674321,31,1,đều
U003,2025-03-02,565232,0,21109089,30,2,đều
U003,2025-03-03,335157,0,20773932,29,3,đều
U003,2025-03-04,140438,0,20633494,28,4,đều
U003,2025-03-05,954233,0,19679261,27,5,đều
U003,2025-03-06,218919,0,19460342,26,6,đều
U003,2025-03-07,197625,0,19262717,25,7,đều
U003,2025-03-08,574534,0,18688183,24,8,đều
U003,2025-03-09,1012757,0,17675426,23,9,đều
U003,2025-03-10,663972,0,17011454,22,10,đều
U003,2025-03-11,478231,0,16533223,21,11,đều
U003,2025-03-12,484168,0,16049055,20,12,đều
U003,2025-03-13,536946,0,15512109,19,13,đều
U003,2025-03-14,517031,0,14995078,18,14,đều
U003,2025-03-15,427095,0,14567983,17,15,đều
U003,2025-03-16,397904,0,14170079,16,16,đều
U003,2025-03-17,372223,0,13797856,15,17,đều
U003,2025-03-18,282293,0,13515563,14,18,đều
U003,2025-03-19,341129,0,13174434,13,19,đều
U003,2025-03-20,193901,0,12980533,12,20,đều
U003,2025-03-21,366939,0,12613594,11,21,đều
U003,2025-03-22,257005,0,12356589,10,22,đều
U003,2025-03-23,245450,0,12111139,9,23,đều
U003,2025-03-24,410136,0,11701003,8,24,đều
U003,2025-03-25,666028,0,11034975,7,25,đều
U003,2025-03-26,551067,0,10483908,6,26,đều
U003,2025-03-27,203635,0,10280273,5,27,đều
U003,2025-03-28,256898,0,10023375,4,28,đều
U003,2025-03-29,556039,0,9467336,3,29,đều
U003,2025-03-30,257633,0,9209703,2,30,đều
U003,2025-03-31,348862,0,8860841,1,31,đều
U003,2025-04-01,475588,16323122,24708375,30,1,đều
U003,2025-04-02,259094,0,24449281,29,2,đều
U003,2025-04-03,398091,0,24051190,28,3,đều
U003,2025-04-04,223838,0,23827352,27,4,đều
U003,2025-04-05,300060,0,23527292,26,5,đều
U003,2025-04-06,433739,0,23093553,25,6,đều
U003,2025-04-07,201811,0,22891742,24,7,đều
U003,2025-04-08,455193,0,22436549,23,8,đều
U003,2025-04-09,378674,0,22057875,22,9,đều
U003,2025-04-10,476052,0,21581823,21,10,đều
U003,2025-04-11,417421,0,21164402,20,11,đều
U003,2025-04-12,658646,0,20505756,19,12,đều
U003,2025-04-13,401264,0,20104492,18,13,đều
U003,2025-04-14,321426,0,19783066,17,14,đều
U003,2025-04-15,400795,0,19382271,16,15,đều
U003,2025-04-16,474305,0,18907966,15,16,đều
U003,2025-04-17,389193,0,18518773,14,17,đều
U003,2025-04-18,387908,0,18130865,13,18,đều
U003,2025-04-19,288223,0,17842642,12,19,đều
U003,2025-04-20,292765,0,17549877,11,20,đều
U003,2025-04-21,217781,0,17332096,10,21,đều
U003,2025-04-22,768439,0,16563657,9,22,đều
U003,2025-04-23,232058,0,16331599,8,23,đều
U003,2025-04-24,289272,0,16042327,7,24,đều
U003,2025-04-25,286336,0,15755991,6,25,đều
U003,2025-04-26,545935,0,15210056,5,26,đều
U003,2025-04-27,339187,0,14870869,4,27,đều
U003,2025-04-28,628683,0,14242186,3,28,đều
U003,2025-04-29,291527,0,13950659,2,29,đều
U003,2025-04-30,426720,0,13523939,1,30,đều
U003,2025-05-01,273251,16323122,29573810,31,1,đều
U003,2025-05-02,900176,0,28673634,30,2,đều
U003,2025-05-03,237339,0,28436295,29,3,đều
U003,2025-05-04,432014,0,28004281,28,4,đều
U003,2025-05-05,491785,0,27512496,27,5,đều
U003,2025-05-06,450361,0,27062135,26,6,đều
U003,2025-05-07,354396,0,26707739,25,7,đều
U003,2025-05-08,362347,0,26345392,24,8,đều
U003,2025-05-09,388408,0,25956984,23,9,đều
U003,2025-05-10,359865,0,25597119,22,10,đều
U003,2025-05-11,561203,0,25035916,21,11,đều
U003,2025-05-12,924026,0,24111890,20,12,đều
U003,2025-05-13,305373,0,23806517,19,13,đều
U003,2025-05-14,220657,0,23585860,18,14,đều
U003,2025-05-15,368418,0,23217442,17,15,đều
U003,2025-05-16,1071071,0,22146371,16,16,đều
U003,2025-05-17,276735,0,21869636,15,17,đều
U003,2025-05-18,735226,0,21134410,14,18,đều
U003,2025-05-19,746661,0,20387749,13,19,đều
U003,2025-05-20,305850,0,20081899,12,20,đều
U003,2025-05-21,479203,0,19602696,11,21,đều
U003,2025-05-22,732080,0,18870616,10,22,đều
U003,2025-05-23,327956,0,18542660,9,23,đều
U003,2025-05-24,351813,0,18190847,8,24,đều
U003,2025-05-25,302433,0,17888414,7,25,đều
U003,2025-05-26,254329,0,17634085,6,26,đều
U003,2025-05-27,294365,0,17339720,5,27,đều
U003,2025-05-28,233914,0,17105806,4,28,đều
U003,2025-05-29,386899,0,16718907,3,29,đều
U003,2025-05-30,280491,0,16438416,2,30,đều
U003,2025-05-31,419073,0,16019343,1,31,đều
U003,2025-06-01,204828,16323122,32137637,30,1,đều
U003,2025-06-02,435669,0,31701968,29,2,đều
U003,2025-06-03,532691,0,31169277,28,3,đều
U003,2025-06-04,171921,0,30997356,27,4,đều
U003,2025-06-05,443259,0,30554097,26,5,đều
U003,2025-06-06,623656,0,29930441,25,6,đều
U003,2025-06-07,235256,0,29695185,24,7,đều
U003,2025-06-08,745131,0,28950054,23,8,đều
U003,2025-06-09,451303,0,28498751,22,9,đều
U003,2025-06-10,287875,0,28210876,21,10,đều
U003,2025-06-11,373240,0,27837636,20,11,đều
U003,2025-06-12,477165,0,27360471,19,12,đều
U003,2025-06-13,393442,0,26967029,18,13,đều
U003,2025-06-14,473444,0,26493585,17,14,đều
U003,2025-06-15,264082,0,26229503,16,15,đều
U003,2025-06-16,408411,0,25821092,15,16,đều
U003,2025-06-17,216815,0,25604277,14,17,đều
U003,2025-06-18,365052,0,25239225,13,18,đều
U003,2025-06-19,265859,0,24973366,12,19,đều
U003,2025-06-20,284382,0,24688984,11,20,đều
U003,2025-06-21,625761,0,24063223,10,21,đều
U003,2025-06-22,590550,0,23472673,9,22,đều
U003,2025-06-23,486962,0,22985711,8,23,đều
U003,2025-06-24,246560,0,22739151,7,24,đều
U003,2025-06-25,336288,0,22402863,6,25,đều
U003,2025-06-26,620031,0,21782832,5,26,đều
U003,2025-06-27,403920,0,21378912,4,27,đều
U003,2025-06-28,965130,0,20413782,3,28,đều
U003,2025-06-29,446687,0,19967095,2,29,đều
U003,2025-06-30,412135,0,19554960,1,30,đều
U003,2025-07-01,337270,16323122,35540812,31,1,đều
U003,2025-07-02,402601,0,35138211,30,2,đều
U003,2025-07-03,359079,0,34779132,29,3,đều
U003,2025-07-04,506626,0,34272506,28,4,đều
U003,2025-07-05,559594,0,33712912,27,5,đều
U003,2025-07-06,278700,0,33434212,26,6,đều
U003,2025-07-07,224088,0,33210124,25,7,đều
U003,2025-07-08,183103,0,33027021,24,8,đều
U003,2025-07-09,467653,0,32559368,23,9,đều
U003,2025-07-10,245472,0,32313896,22,10,đều
U003,2025-07-11,161317,0,32152579,21,11,đều
U003,2025-07-12,445841,0,31706738,20,12,đều
U003,2025-07-13,1034559,0,30672179,19,13,đều
U003,2025-07-14,380734,0,30291445,18,14,đều
U003,2025-07-15,533750,0,29757695,17,15,đều
U003,2025-07-16,394359,0,29363336,16,16,đều
U003,2025-07-17,366858,0,28996478,15,17,đều
U003,2025-07-18,551235,0,28445243,14,18,đều
U003,2025-07-19,339822,0,28105421,13,19,đều
U003,2025-07-20,424744,0,27680677,12,20,đều
U003,2025-07-21,434072,0,27246605,11,21,đều
U003,2025-07-22,292158,0,26954447,10,22,đều
U003,2025-07-23,567561,0,26386886,9,23,đều
U003,2025-07-24,355863,0,26031023,8,24,đều
U003,2025-07-25,282092,0,25748931,7,25,đều
U003,2025-07-26,473018,0,25275913,6,26,đều
U003,2025-07-27,266438,0,25009475,5,27,đều
U003,2025-07-28,385987,0,24623488,4,28,đều
U003,2025-07-29,380271,0,24243217,3,29,đều
U003,2025-07-30,589273,0,23653944,2,30,đều
U003,2025-07-31,461467,0,23192477,1,31,đều
U003,2025-08-01,377858,16323122,39137741,31,1,đều
U003,2025-08-02,529343,0,38608398,30,2,đều
U003,2025-08-03,665550,0,37942848,29,3,đều
U003,2025-08-04,477066,0,37465782,28,4,đều
U003,2025-08-05,383244,0,37082538,27,5,đều
U003,2025-08-06,225833,0,36856705,26,6,đều
U003,2025-08-07,249257,0,36607448,25,7,đều
U003,2025-08-08,337795,0,36269653,24,8,đều
U003,2025-08-09,299084,0,35970569,23,9,đều
U003,2025-08-10,354158,0,35616411,22,10,đều
U003,2025-08-11,390407,0,35226004,21,11,đều
U003,2025-08-12,471730,0,34754274,20,12,đều
U003,2025-08-13,371048,0,34383226,19,13,đều
U003,2025-08-14,463651,0,33919575,18,14,đều
U003,2025-08-15,391631,0,33527944,17,15,đều
U003,2025-08-16,173182,0,33354762,16,16,đều
U003,2025-08-17,262118,0,33092644,15,17,đều
U003,2025-08-18,360285,0,32732359,14,18,đều
U003,2025-08-19,235251,0,32497108,13,19,đều
U003,2025-08-20,485171,0,32011937,12,20,đều
U003,2025-08-21,704037,0,31307900,11,21,đều
U003,2025-08-22,621437,0,30686463,10,22,đều
U003,2025-08-23,350427,0,30336036,9,23,đều
U003,2025-08-24,692855,0,29643181,8,24,đều
U003,2025-08-25,405045,0,29238136,7,25,đều
U003,2025-08-26,333518,0,28904618,6,26,đều
U003,2025-08-27,298619,0,28605999,5,27,đều
U003,2025-08-28,338168,0,28267831,4,28,đều
U003,2025-08-29,326771,0,27941060,3,29,đều
U003,2025-08-30,408584,0,27532476,2,30,đều
U003,2025-08-31,406978,0,27125498,1,31,đều
U003,2025-09-01,382125,16323122,43066495,30,1,đều
U003,2025-09-02,454549,0,42611946,29,2,đều
U003,2025-09-03,614488,0,41997458,28,3,đều
U003,2025-09-04,557996,0,41439462,27,4,đều
U003,2025-09-05,210729,0,41228733,26,5,đều
U003,2025-09-06,137409,0,41091324,25,6,đều
U003,2025-09-07,554606,0,40536718,24,7,đều
U003,2025-09-08,220915,0,40315803,23,8,đều
U003,2025-09-09,348844,0,39966959,22,9,đều
U003,2025-09-10,239005,0,39727954,21,10,đều
U003,2025-09-11,185627,0,39542327,20,11,đều
U003,2025-09-12,473957,0,39068370,19,12,đều
U003,2025-09-13,517077,0,38551293,18,13,đều
U003,2025-09-14,303059,0,38248234,17,14,đều
U003,2025-09-15,135384,0,38112850,16,15,đều
U003,2025-09-16,306750,0,37806100,15,16,đều
U003,2025-09-17,446416,0,37359684,14,17,đều
U003,2025-09-18,211234,0,37148450,13,18,đều
U003,2025-09-19,410705,0,36737745,12,19,đều
U003,2025-09-20,379330,0,36358415,11,20,đều
U003,2025-09-21,481183,0,35877232,10,21,đều
U003,2025-09-22,400359,0,35476873,9,22,đều
U003,2025-09-23,258605,0,35218268,8,23,đều
U003,2025-09-24,615946,0,34602322,7,24,đều
U003,2025-09-25,358210,0,34244112,6,25,đều
U003,2025-09-26,377514,0,33866598,5,26,đều
U003,2025-09-27,262755,0,33603843,4,27,đều
U003,2025-09-28,319647,0,33284196,3,28,đều
U003,2025-09-29,267899,0,33016297,2,29,đều
U003,2025-09-30,356150,0,32660147,1,30,đều
U003,2025-10-01,756887,16323122,48226382,31,1,đều
U003,2025-10-02,220472,0,48005910,30,2,đều
U003,2025-10-03,200158,0,47805752,29,3,đều
U003,2025-10-04,687457,0,47118295,28,4,đều
U003,2025-10-05,351005,0,46767290,27,5,đều
U003,2025-10-06,292043,0,46475247,26,6,đều
U003,2025-10-07,578531,0,45896716,25,7,đều
U003,2025-10-08,299551,0,45597165,24,8,đều
U003,2025-10-09,792296,0,44804869,23,9,đều
U003,2025-10-10,500547,0,44304322,22,10,đều
U003,2025-10-11,313992,0,43990330,21,11,đều
U003,2025-10-12,904565,0,43085765,20,12,đều
U003,2025-10-13,299539,0,42786226,19,13,đều
U003,2025-10-14,513561,0,42272665,18,14,đều
U003,2025-10-15,430199,0,41842466,17,15,đều
U003,2025-10-16,642410,0,41200056,16,16,đều
U003,2025-10-17,712753,0,40487303,15,17,đều
U003,2025-10-18,386577,0,40100726,14,18,đều
U003,2025-10-19,282355,0,39818371,13,19,đều
U003,2025-10-20,458756,0,39359615,12,20,đều
U003,2025-10-21,291035,0,39068580,11,21,đều
U003,2025-10-22,853961,0,38214619,10,22,đều
U003,2025-10-23,403084,0,37811535,9,23,đều
U003,2025-10-24,329772,0,37481763,8,24,đều
U003,2025-10-25,410922,0,37070841,7,25,đều
U003,2025-10-26,222668,0,36848173,6,26,đều
U003,2025-10-27,258756,0,36589417,5,27,đều
U003,2025-10-28,616893,0,35972524,4,28,đều
U003,2025-10-29,293469,0,35679055,3,29,đều
U003,2025-10-30,251079,0,35427976,2,30,đều
U003,2025-10-31,473046,0,34954930,1,31,đều
U003,2025-11-01,613274,16323122,50664778,30,1,đều
U003,2025-11-02,508829,0,50155949,29,2,đều
U003,2025-11-03,568471,0,49587478,28,3,đều
U003,2025-11-04,281973,0,49305505,27,4,đều
U003,2025-11-05,216114,0,49089391,26,5,đều
U003,2025-11-06,695801,0,48393590,25,6,đều
U003,2025-11-07,335445,0,48058145,24,7,đều
U003,2025-11-08,345225,0,47712920,23,8,đều
U003,2025-11-09,649244,0,47063676,22,9,đều
U003,2025-11-10,476764,0,46586912,21,10,đều
U003,2025-11-11,458008,0,46128904,20,11,đều
U003,2025-11-12,907353,0,45221551,19,12,đều
U003,2025-11-13,295044,0,44926507,18,13,đều
U003,2025-11-14,553171,0,44373336,17,14,đều
U003,2025-11-15,390464,0,43982872,16,15,đều
U003,2025-11-16,424948,0,43557924,15,16,đều
U003,2025-11-17,703395,0,42854529,14,17,đều
U003,2025-11-18,467624,0,42386905,13,18,đều
U003,2025-11-19,473357,0,41913548,12,19,đều
U003,2025-11-20,586125,0,41327423,11,20,đều
U003,2025-11-21,329821,0,40997602,10,21,đều
U003,2025-11-22,272829,0,40724773,9,22,đều
U003,2025-11-23,251290,0,40473483,8,23,đều
U003,2025-11-24,173814,0,40299669,7,24,đều
U003,2025-11-25,868714,0,39430955,6,25,đều
U003,2025-11-26,245488,0,39185467,5,26,đều
U003,2025-11-27,349334,0,38836133,4,27,đều
U003,2025-11-28,341656,0,38494477,3,28,đều
U003,2025-11-29,431597,0,38062880,2,29,đều
U003,2025-11-30,528914,0,37533966,1,30,đều
U003,2025-12-01,538464,16323122,53318624,31,1,đều
U003,2025-12-02,302264,0,53016360,30,2,đều
U003,2025-12-03,356981,0,52659379,29,3,đều
U003,2025-12-04,427333,0,52232046,28,4,đều
U003,2025-12-05,345521,0,51886525,27,5,đều
U003,2025-12-06,725941,0,51160584,26,6,đều
U003,2025-12-07,464481,0,50696103,25,7,đều
U003,2025-12-08,512080,0,50184023,24,8,đều
U003,2025-12-09,497544,0,49686479,23,9,đều
U003,2025-12-10,610281,0,49076198,22,10,đều
U003,2025-12-11,410321,0,48665877,21,11,đều
U003,2025-12-12,227193,0,48438684,20,12,đều
U003,2025-12-13,447826,0,47990858,19,13,đều
U003,2025-12-14,294120,0,47696738,18,14,đều
U003,2025-12-15,308920,0,47387818,17,15,đều
U003,2025-12-16,482546,0,46905272,16,16,đều
U003,2025-12-17,626309,0,46278963,15,17,đều
U003,2025-12-18,384921,0,45894042,14,18,đều
U003,2025-12-19,431844,0,45462198,13,19,đều
U003,2025-12-20,754018,0,44708180,12,20,đều
U003,2025-12-21,420242,0,44287938,11,21,đều
U003,2025-12-22,1080527,0,43207411,10,22,đều
U003,2025-12-23,478537,0,42728874,9,23,đều
U003,2025-12-24,188713,0,42540161,8,24,đều
U003,2025-12-25,515876,0,42024285,7,25,đều
U003,2025-12-26,444519,0,41579766,6,26,đều
U003,2025-12-27,639337,0,40940429,5,27,đều
U003,2025-12-28,499598,0,40440831,4,28,đều
U003,2025-12-29,361098,0,40079733,3,29,đều
U003,2025-12-30,233881,0,39845852,2,30,đều
U003,2025-12-31,351047,0,39494805,1,31,đều
U003,2026-01-01,271598,16323122,55546329,31,1,đều
U003,2026-01-02,302573,0,55243756,30,2,đều
U003,2026-01-03,482974,0,54760782,29,3,đều
U003,2026-01-04,744336,0,54016446,28,4,đều
U003,2026-01-05,446929,0,53569517,27,5,đều
U003,2026-01-06,236554,0,53332963,26,6,đều
U003,2026-01-07,455945,0,52877018,25,7,đều
U003,2026-01-08,615961,0,52261057,24,8,đều
U003,2026-01-09,299052,0,51962005,23,9,đều
U003,2026-01-10,361739,0,51600266,22,10,đều
U003,2026-01-11,383909,0,51216357,21,11,đều
U003,2026-01-12,278821,0,50937536,20,12,đều
U003,2026-01-13,494646,0,50442890,19,13,đều
U003,2026-01-14,363635,0,50079255,18,14,đều
U003,2026-01-15,451395,0,49627860,17,15,đều
U003,2026-01-16,267611,0,49360249,16,16,đều
U003,2026-01-17,320393,0,49039856,15,17,đều
U003,2026-01-18,509527,0,48530329,14,18,đều
U003,2026-01-19,328783,0,48201546,13,19,đều
U003,2026-01-20,761520,0,47440026,12,20,đều
U003,2026-01-21,325277,0,47114749,11,21,đều
U003,2026-01-22,417550,0,46697199,10,22,đều
U003,2026-01-23,554223,0,46142976,9,23,đều
U003,2026-01-24,216412,0,45926564,8,24,đều
U003,2026-01-25,188709,0,45737855,7,25,đều
U003,2026-01-26,207321,0,45530534,6,26,đều
U003,2026-01-27,632427,0,44898107,5,27,đều
U003,2026-01-28,306062,0,44592045,4,28,đều
U003,2026-01-29,1061895,0,43530150,3,29,đều
U003,2026-01-30,304549,0,43225601,2,30,đều
U003,2026-01-31,410900,0,42814701,1,31,đều
U003,2026-02-01,707243,16323122,58430580,28,1,đều
U003,2026-02-02,851473,0,57579107,27,2,đều
U003,2026-02-03,870556,0,56708551,26,3,đều
U003,2026-02-04,618859,0,56089692,25,4,đều
U003,2026-02-05,574877,0,55514815,24,5,đều
U003,2026-02-06,483737,0,55031078,23,6,đều
U003,2026-02-07,521065,0,54510013,22,7,đều
U003,2026-02-08,306144,0,54203869,21,8,đều
U003,2026-02-09,275132,0,53928737,20,9,đều
U003,2026-02-10,381145,0,53547592,19,10,đều
U003,2026-02-11,356544,0,53191048,18,11,đều
U003,2026-02-12,318378,0,52872670,17,12,đều
U003,2026-02-13,504257,0,52368413,16,13,đều
U003,2026-02-14,559281,0,51809132,15,14,đều
U003,2026-02-15,395398,0,51413734,14,15,đều
U003,2026-02-16,689208,0,50724526,13,16,đều
U003,2026-02-17,241738,0,50482788,12,17,đều
U003,2026-02-18,353211,0,50129577,11,18,đều
U003,2026-02-19,286518,0,49843059,10,19,đều
U003,2026-02-20,180895,0,49662164,9,20,đều
U003,2026-02-21,369244,0,49292920,8,21,đều
U003,2026-02-22,363519,0,48929401,7,22,đều
U003,2026-02-23,699182,0,48230219,6,23,đều
U003,2026-02-24,491202,0,47739017,5,24,đều
U003,2026-02-25,253371,0,47485646,4,25,đều
U003,2026-02-26,801246,0,46684400,3,26,đều
U003,2026-02-27,622002,0,46062398,2,27,đều
U003,2026-02-28,481723,0,45580675,1,28,đều
U003,2026-03-01,348604,16323122,61555193,31,1,đều
U003,2026-03-02,260019,0,61295174,30,2,đều
U003,2026-03-03,328865,0,60966309,29,3,đều
U003,2026-03-04,589945,0,60376364,28,4,đều
U003,2026-03-05,811079,0,59565285,27,5,đều
U003,2026-03-06,707564,0,58857721,26,6,đều
U003,2026-03-07,313874,0,58543847,25,7,đều
U003,2026-03-08,243882,0,58299965,24,8,đều
U003,2026-03-09,403786,0,57896179,23,9,đều
U003,2026-03-10,188134,0,57708045,22,10,đều
U003,2026-03-11,434327,0,57273718,21,11,đều
U003,2026-03-12,359779,0,56913939,20,12,đều
U003,2026-03-13,316751,0,56597188,19,13,đều
U003,2026-03-14,201673,0,56395515,18,14,đều
U003,2026-03-15,468704,0,55926811,17,15,đều
U003,2026-03-16,308416,0,55618395,16,16,đều
U003,2026-03-17,239024,0,55379371,15,17,đều
U003,2026-03-18,120980,0,55258391,14,18,đều
U003,2026-03-19,377483,0,54880908,13,19,đều
U003,2026-03-20,775440,0,54105468,12,20,đều
U003,2026-03-21,741766,0,53363702,11,21,đều
U003,2026-03-22,317886,0,53045816,10,22,đều
U003,2026-03-23,299959,0,52745857,9,23,đều
U003,2026-03-24,460374,0,52285483,8,24,đều
U003,2026-03-25,256000,0,52029483,7,25,đều
U003,2026-03-26,430629,0,51598854,6,26,đều
U003,2026-03-27,518512,0,51080342,5,27,đều
U003,2026-03-28,623472,0,50456870,4,28,đều
U003,2026-03-29,366672,0,50090198,3,29,đều
U003,2026-03-30,351799,0,49738399,2,30,đều
U003,2026-03-31,268631,0,49469768,1,31,đều
U003,2026-04-01,274178,16323122,65518712,30,1,đều
U003,2026-04-02,348605,0,65170107,29,2,đều
U003,2026-04-03,442074,0,64728033,28,3,đều
U003,2026-04-04,550025,0,64178008,27,4,đều
U003,2026-04-05,276790,0,63901218,26,5,đều
U003,2026-04-06,693399,0,63207819,25,6,đều
U003,2026-04-07,342435,0,62865384,24,7,đều
U003,2026-04-08,378412,0,62486972,23,8,đều
U003,2026-04-09,283056,0,62203916,22,9,đều
U003,2026-04-10,144725,0,62059191,21,10,đều
U003,2026-04-11,543565,0,61515626,20,11,đều
U003,2026-04-12,512483,0,61003143,19,12,đều
U003,2026-04-13,341040,0,60662103,18,13,đều
U003,2026-04-14,392025,0,60270078,17,14,đều
U003,2026-04-15,469142,0,59800936,16,15,đều
U003,2026-04-16,204284,0,59596652,15,16,đều
U003,2026-04-17,308867,0,59287785,14,17,đều
U003,2026-04-18,524390,0,58763395,13,18,đều
U003,2026-04-19,231092,0,58532303,12,19,đều
U003,2026-04-20,429213,0,58103090,11,20,đều
U003,2026-04-21,221827,0,57881263,10,21,đều
U003,2026-04-22,459943,0,57421320,9,22,đều
U003,2026-04-23,376258,0,57045062,8,23,đều
U003,2026-04-24,200032,0,56845030,7,24,đều
U003,2026-04-25,608153,0,56236877,6,25,đều
U003,2026-04-26,284489,0,55952388,5,26,đều
U003,2026-04-27,276008,0,55676380,4,27,đều
U003,2026-04-28,413542,0,55262838,3,28,đều
U003,2026-04-29,604248,0,54658590,2,29,đều
U003,2026-04-30,254220,0,54404370,1,30,đều
U003,2026-05-01,391194,16323122,70336298,31,1,đều
U003,2026-05-02,453075,0,69883223,30,2,đều
U003,2026-05-03,503595,0,69379628,29,3,đều
U003,2026-05-04,409570,0,68970058,28,4,đều
U003,2026-05-05,329547,0,68640511,27,5,đều
U003,2026-05-06,274100,0,68366411,26,6,đều
U003,2026-05-07,395040,0,67971371,25,7,đều
U003,2026-05-08,248558,0,67722813,24,8,đều
U003,2026-05-09,118628,0,67604185,23,9,đều
U003,2026-05-10,454480,0,67149705,22,10,đều
U003,2026-05-11,547906,0,66601799,21,11,đều
U003,2026-05-12,148318,0,66453481,20,12,đều
U003,2026-05-13,254841,0,66198640,19,13,đều
U003,2026-05-14,488917,0,65709723,18,14,đều
U003,2026-05-15,869161,0,64840562,17,15,đều
U003,2026-05-16,384848,0,64455714,16,16,đều
U003,2026-05-17,285240,0,64170474,15,17,đều
U003,2026-05-18,354735,0,63815739,14,18,đều
U003,2026-05-19,661481,0,63154258,13,19,đều
U003,2026-05-20,294755,0,62859503,12,20,đều
U003,2026-05-21,277232,0,62582271,11,21,đều
U003,2026-05-22,314641,0,62267630,10,22,đều
U003,2026-05-23,260655,0,62006975,9,23,đều
U003,2026-05-24,400855,0,61606120,8,24,đều
U003,2026-05-25,730992,0,60875128,7,25,đều
U003,2026-05-26,434312,0,60440816,6,26,đều
U003,2026-05-27,345015,0,60095801,5,27,đều
U003,2026-05-28,339613,0,59756188,4,28,đều
U003,2026-05-29,204232,0,59551956,3,29,đều
U003,2026-05-30,543361,0,59008595,2,30,đều
U003,2026-05-31,369960,0,58638635,1,31,đều
U003,2026-06-01,355078,16323122,74606679,30,1,đều
U003,2026-06-02,1368915,0,73237764,29,2,đều
U003,2026-06-03,430106,0,72807658,28,3,đều
U003,2026-06-04,282538,0,72525120,27,4,đều
U003,2026-06-05,321818,0,72203302,26,5,đều
U003,2026-06-06,604202,0,71599100,25,6,đều
U003,2026-06-07,399350,0,71199750,24,7,đều
U003,2026-06-08,214695,0,70985055,23,8,đều
U003,2026-06-09,551269,0,70433786,22,9,đều
U003,2026-06-10,292152,0,70141634,21,10,đều
U003,2026-06-11,807425,0,69334209,20,11,đều
U003,2026-06-12,587896,0,68746313,19,12,đều
U003,2026-06-13,319131,0,68427182,18,13,đều
U003,2026-06-14,637107,0,67790075,17,14,đều
U003,2026-06-15,392161,0,67397914,16,15,đều
U003,2026-06-16,536808,0,66861106,15,16,đều
U003,2026-06-17,463323,0,66397783,14,17,đều
U003,2026-06-18,272051,0,66125732,13,18,đều
U003,2026-06-19,295040,0,65830692,12,19,đều
U003,2026-06-20,576235,0,65254457,11,20,đều
U003,2026-06-21,333826,0,64920631,10,21,đều
U003,2026-06-22,324755,0,64595876,9,22,đều
U003,2026-06-23,260468,0,64335408,8,23,đều
U003,2026-06-24,452130,0,63883278,7,24,đều
U003,2026-06-25,870912,0,63012366,6,25,đều
U003,2026-06-26,249016,0,62763350,5,26,đều
U003,2026-06-27,385376,0,62377974,4,27,đều
U003,2026-06-28,671436,0,61706538,3,28,đều
U003,2026-06-29,369693,0,61336845,2,29,đều
U003,2026-06-30,457364,0,60879481,1,30,đều
U003,2026-07-01,249528,16323122,76953075,31,1,đều
U004,2025-01-01,1108893,27638555,26529662,31,1,đều
U004,2025-01-02,1502294,0,25027368,30,2,đều
U004,2025-01-03,2632317,0,22395051,29,3,đều
U004,2025-01-04,1178087,0,21216964,28,4,đều
U004,2025-01-05,1064343,0,20152621,27,5,đều
U004,2025-01-06,1009841,0,19142780,26,6,đều
U004,2025-01-07,811211,0,18331569,25,7,đều
U004,2025-01-08,1069758,0,17261811,24,8,đều
U004,2025-01-09,830173,0,16431638,23,9,đều
U004,2025-01-10,999424,0,15432214,22,10,đều
U004,2025-01-11,1582614,0,13849600,21,11,đều
U004,2025-01-12,624641,0,13224959,20,12,đều
U004,2025-01-13,1474016,0,11750943,19,13,đều
U004,2025-01-14,1582309,0,10168634,18,14,đều
U004,2025-01-15,891198,0,9277436,17,15,đều
U004,2025-01-16,399835,0,8877601,16,16,đều
U004,2025-01-17,732648,0,8144953,15,17,đều
U004,2025-01-18,1569625,0,6575328,14,18,đều
U004,2025-01-19,925790,0,5649538,13,19,đều
U004,2025-01-20,626453,0,5023085,12,20,đều
U004,2025-01-21,763478,0,4259607,11,21,đều
U004,2025-01-22,1307722,0,2951885,10,22,đều
U004,2025-01-23,1162686,0,1789199,9,23,đều
U004,2025-01-24,849138,0,940061,8,24,đều
U004,2025-01-25,806791,0,133270,7,25,đều
U004,2025-01-26,798784,0,-665514,6,26,đều
U004,2025-01-27,646020,0,-1311534,5,27,đều
U004,2025-01-28,1782807,0,-3094341,4,28,đều
U004,2025-01-29,821282,0,-3915623,3,29,đều
U004,2025-01-30,1520292,0,-5435915,2,30,đều
U004,2025-01-31,1716977,0,-7152892,1,31,đều
U004,2025-02-01,1392866,27638555,19092797,28,1,đều
U004,2025-02-02,786149,0,18306648,27,2,đều
U004,2025-02-03,1098045,0,17208603,26,3,đều
U004,2025-02-04,925298,0,16283305,25,4,đều
U004,2025-02-05,650872,0,15632433,24,5,đều
U004,2025-02-06,1063731,0,14568702,23,6,đều
U004,2025-02-07,582995,0,13985707,22,7,đều
U004,2025-02-08,1502470,0,12483237,21,8,đều
U004,2025-02-09,775841,0,11707396,20,9,đều
U004,2025-02-10,1012581,0,10694815,19,10,đều
U004,2025-02-11,1046398,0,9648417,18,11,đều
U004,2025-02-12,842381,0,8806036,17,12,đều
U004,2025-02-13,1181419,0,7624617,16,13,đều
U004,2025-02-14,772655,0,6851962,15,14,đều
U004,2025-02-15,1323868,0,5528094,14,15,đều
U004,2025-02-16,545336,0,4982758,13,16,đều
U004,2025-02-17,982741,0,4000017,12,17,đều
U004,2025-02-18,2029137,0,1970880,11,18,đều
U004,2025-02-19,626195,0,1344685,10,19,đều
U004,2025-02-20,712440,0,632245,9,20,đều
U004,2025-02-21,1147519,0,-515274,8,21,đều
U004,2025-02-22,1003879,0,-1519153,7,22,đều
U004,2025-02-23,1074968,0,-2594121,6,23,đều
U004,2025-02-24,1136228,0,-3730349,5,24,đều
U004,2025-02-25,1204335,0,-4934684,4,25,đều
U004,2025-02-26,1456329,0,-6391013,3,26,đều
U004,2025-02-27,1100722,0,-7491735,2,27,đều
U004,2025-02-28,848348,0,-8340083,1,28,đều
U004,2025-03-01,1222708,27638555,18075764,31,1,đều
U004,2025-03-02,1997690,0,16078074,30,2,đều
U004,2025-03-03,886021,0,15192053,29,3,đều
U004,2025-03-04,632691,0,14559362,28,4,đều
U004,2025-03-05,1454804,0,13104558,27,5,đều
U004,2025-03-06,890374,0,12214184,26,6,đều
U004,2025-03-07,391790,0,11822394,25,7,đều
U004,2025-03-08,1311285,0,10511109,24,8,đều
U004,2025-03-09,754204,0,9756905,23,9,đều
U004,2025-03-10,901068,0,8855837,22,10,đều
U004,2025-03-11,1066979,0,7788858,21,11,đều
U004,2025-03-12,1008273,0,6780585,20,12,đều
U004,2025-03-13,1240879,0,5539706,19,13,đều
U004,2025-03-14,784934,0,4754772,18,14,đều
U004,2025-03-15,1147151,0,3607621,17,15,đều
U004,2025-03-16,842165,0,2765456,16,16,đều
U004,2025-03-17,1255537,0,1509919,15,17,đều
U004,2025-03-18,1195048,0,314871,14,18,đều
U004,2025-03-19,642662,0,-327791,13,19,đều
U004,2025-03-20,1442578,0,-1770369,12,20,đều
U004,2025-03-21,754012,0,-2524381,11,21,đều
U004,2025-03-22,1290800,0,-3815181,10,22,đều
U004,2025-03-23,1082154,0,-4897335,9,23,đều
U004,2025-03-24,1948992,0,-6846327,8,24,đều
U004,2025-03-25,854407,0,-7700734,7,25,đều
U004,2025-03-26,812461,0,-8513195,6,26,đều
U004,2025-03-27,927068,0,-9440263,5,27,đều
U004,2025-03-28,827594,0,-10267857,4,28,đều
U004,2025-03-29,1286616,0,-11554473,3,29,đều
U004,2025-03-30,489444,0,-12043917,2,30,đều
U004,2025-03-31,612973,0,-12656890,1,31,đều
U004,2025-04-01,609521,27638555,14372144,30,1,đều
U004,2025-04-02,1366376,0,13005768,29,2,đều
U004,2025-04-03,1852034,0,11153734,28,3,đều
U004,2025-04-04,896066,0,10257668,27,4,đều
U004,2025-04-05,873288,0,9384380,26,5,đều
U004,2025-04-06,960847,0,8423533,25,6,đều
U004,2025-04-07,1487044,0,6936489,24,7,đều
U004,2025-04-08,644744,0,6291745,23,8,đều
U004,2025-04-09,1027765,0,5263980,22,9,đều
U004,2025-04-10,1380048,0,3883932,21,10,đều
U004,2025-04-11,1141652,0,2742280,20,11,đều
U004,2025-04-12,1007903,0,1734377,19,12,đều
U004,2025-04-13,1394391,0,339986,18,13,đều
U004,2025-04-14,316873,0,23113,17,14,đều
U004,2025-04-15,1225304,0,-1202191,16,15,đều
U004,2025-04-16,719218,0,-1921409,15,16,đều
U004,2025-04-17,449233,0,-2370642,14,17,đều
U004,2025-04-18,1146278,0,-3516920,13,18,đều
U004,2025-04-19,1618504,0,-5135424,12,19,đều
U004,2025-04-20,884316,0,-6019740,11,20,đều
U004,2025-04-21,1367780,0,-7387520,10,21,đều
U004,2025-04-22,1780600,0,-9168120,9,22,đều
U004,2025-04-23,1580917,0,-10749037,8,23,đều
U004,2025-04-24,1800429,0,-12549466,7,24,đều
U004,2025-04-25,1257204,0,-13806670,6,25,đều
U004,2025-04-26,962917,0,-14769587,5,26,đều
U004,2025-04-27,492260,0,-15261847,4,27,đều
U004,2025-04-28,846719,0,-16108566,3,28,đều
U004,2025-04-29,666804,0,-16775370,2,29,đều
U004,2025-04-30,2226467,0,-19001837,1,30,đều
U004,2025-05-01,870824,27638555,7765894,31,1,đều
U004,2025-05-02,981494,0,6784400,30,2,đều
U004,2025-05-03,1164898,0,5619502,29,3,đều
U004,2025-05-04,950735,0,4668767,28,4,đều
U004,2025-05-05,1840541,0,2828226,27,5,đều
U004,2025-05-06,728316,0,2099910,26,6,đều
U004,2025-05-07,1009931,0,1089979,25,7,đều
U004,2025-05-08,694232,0,395747,24,8,đều
U004,2025-05-09,551028,0,-155281,23,9,đều
U004,2025-05-10,731492,0,-886773,22,10,đều
U004,2025-05-11,920558,0,-1807331,21,11,đều
U004,2025-05-12,786878,0,-2594209,20,12,đều
U004,2025-05-13,708270,0,-3302479,19,13,đều
U004,2025-05-14,532332,0,-3834811,18,14,đều
U004,2025-05-15,903749,0,-4738560,17,15,đều
U004,2025-05-16,511786,0,-5250346,16,16,đều
U004,2025-05-17,1266252,0,-6516598,15,17,đều
U004,2025-05-18,965620,0,-7482218,14,18,đều
U004,2025-05-19,521534,0,-8003752,13,19,đều
U004,2025-05-20,825600,0,-8829352,12,20,đều
U004,2025-05-21,691547,0,-9520899,11,21,đều
U004,2025-05-22,1061527,0,-10582426,10,22,đều
U004,2025-05-23,1597147,0,-12179573,9,23,đều
U004,2025-05-24,441300,0,-12620873,8,24,đều
U004,2025-05-25,978289,0,-13599162,7,25,đều
U004,2025-05-26,876329,0,-14475491,6,26,đều
U004,2025-05-27,1222105,0,-15697596,5,27,đều
U004,2025-05-28,1017468,0,-16715064,4,28,đều
U004,2025-05-29,691599,0,-17406663,3,29,đều
U004,2025-05-30,822355,0,-18229018,2,30,đều
U004,2025-05-31,679518,0,-18908536,1,31,đều
U004,2025-06-01,1436834,27638555,7293185,30,1,đều
U004,2025-06-02,942296,0,6350889,29,2,đều
U004,2025-06-03,1998737,0,4352152,28,3,đều
U004,2025-06-04,911900,0,3440252,27,4,đều
U004,2025-06-05,703756,0,2736496,26,5,đều
U004,2025-06-06,509948,0,2226548,25,6,đều
U004,2025-06-07,454200,0,1772348,24,7,đều
U004,2025-06-08,495784,0,1276564,23,8,đều
U004,2025-06-09,1039656,0,236908,22,9,đều
U004,2025-06-10,1145142,0,-908234,21,10,đều
U004,2025-06-11,496368,0,-1404602,20,11,đều
U004,2025-06-12,1336500,0,-2741102,19,12,đều
U004,2025-06-13,770138,0,-3511240,18,13,đều
U004,2025-06-14,990799,0,-4502039,17,14,đều
U004,2025-06-15,1780559,0,-6282598,16,15,đều
U004,2025-06-16,1337463,0,-7620061,15,16,đều
U004,2025-06-17,839144,0,-8459205,14,17,đều
U004,2025-06-18,654137,0,-9113342,13,18,đều
U004,2025-06-19,395072,0,-9508414,12,19,đều
U004,2025-06-20,700737,0,-10209151,11,20,đều
U004,2025-06-21,858634,0,-11067785,10,21,đều
U004,2025-06-22,629498,0,-11697283,9,22,đều
U004,2025-06-23,886509,0,-12583792,8,23,đều
U004,2025-06-24,963464,0,-13547256,7,24,đều
U004,2025-06-25,853932,0,-14401188,6,25,đều
U004,2025-06-26,720390,0,-15121578,5,26,đều
U004,2025-06-27,999501,0,-16121079,4,27,đều
U004,2025-06-28,1114956,0,-17236035,3,28,đều
U004,2025-06-29,604037,0,-17840072,2,29,đều
U004,2025-06-30,1642816,0,-19482888,1,30,đều
U004,2025-07-01,898170,27638555,7257497,31,1,đều
U004,2025-07-02,941368,0,6316129,30,2,đều
U004,2025-07-03,1240265,0,5075864,29,3,đều
U004,2025-07-04,1025649,0,4050215,28,4,đều
U004,2025-07-05,1367923,0,2682292,27,5,đều
U004,2025-07-06,1048005,0,1634287,26,6,đều
U004,2025-07-07,731297,0,902990,25,7,đều
U004,2025-07-08,1079654,0,-176664,24,8,đều
U004,2025-07-09,591288,0,-767952,23,9,đều
U004,2025-07-10,975761,0,-1743713,22,10,đều
U004,2025-07-11,921960,0,-2665673,21,11,đều
U004,2025-07-12,859669,0,-3525342,20,12,đều
U004,2025-07-13,887474,0,-4412816,19,13,đều
U004,2025-07-14,440123,0,-4852939,18,14,đều
U004,2025-07-15,750173,0,-5603112,17,15,đều
U004,2025-07-16,969647,0,-6572759,16,16,đều
U004,2025-07-17,995990,0,-7568749,15,17,đều
U004,2025-07-18,619383,0,-8188132,14,18,đều
U004,2025-07-19,1550104,0,-9738236,13,19,đều
U004,2025-07-20,660716,0,-10398952,12,20,đều
U004,2025-07-21,1376882,0,-11775834,11,21,đều
U004,2025-07-22,1108399,0,-12884233,10,22,đều
U004,2025-07-23,721479,0,-13605712,9,23,đều
U004,2025-07-24,1900588,0,-15506300,8,24,đều
U004,2025-07-25,579601,0,-16085901,7,25,đều
U004,2025-07-26,1349455,0,-17435356,6,26,đều
U004,2025-07-27,1394132,0,-18829488,5,27,đều
U004,2025-07-28,714474,0,-19543962,4,28,đều
U004,2025-07-29,1630726,0,-21174688,3,29,đều
U004,2025-07-30,845371,0,-22020059,2,30,đều
U004,2025-07-31,1048663,0,-23068722,1,31,đều
U004,2025-08-01,1036830,27638555,3533003,31,1,đều
U004,2025-08-02,885428,0,2647575,30,2,đều
U004,2025-08-03,1292221,0,1355354,29,3,đều
U004,2025-08-04,1283299,0,72055,28,4,đều
U004,2025-08-05,464231,0,-392176,27,5,đều
U004,2025-08-06,1574244,0,-1966420,26,6,đều
U004,2025-08-07,480486,0,-2446906,25,7,đều
U004,2025-08-08,1412071,0,-3858977,24,8,đều
U004,2025-08-09,1466269,0,-5325246,23,9,đều
U004,2025-08-10,603899,0,-5929145,22,10,đều
U004,2025-08-11,792719,0,-6721864,21,11,đều
U004,2025-08-12,600350,0,-7322214,20,12,đều
U004,2025-08-13,857333,0,-8179547,19,13,đều
U004,2025-08-14,825988,0,-9005535,18,14,đều
U004,2025-08-15,1276221,0,-10281756,17,15,đều
U004,2025-08-16,1578007,0,-11859763,16,16,đều
U004,2025-08-17,1632826,0,-13492589,15,17,đều
U004,2025-08-18,746150,0,-14238739,14,18,đều
U004,2025-08-19,859289,0,-15098028,13,19,đều
U004,2025-08-20,476477,0,-15574505,12,20,đều
U004,2025-08-21,676848,0,-16251353,11,21,đều
U004,2025-08-22,1374348,0,-17625701,10,22,đều
U004,2025-08-23,1782955,0,-19408656,9,23,đều
U004,2025-08-24,570239,0,-19978895,8,24,đều
U004,2025-08-25,737163,0,-20716058,7,25,đều
U004,2025-08-26,924481,0,-21640539,6,26,đều
U004,2025-08-27,1045090,0,-22685629,5,27,đều
U004,2025-08-28,675838,0,-23361467,4,28,đều
U004,2025-08-29,1107011,0,-24468478,3,29,đều
U004,2025-08-30,772984,0,-25241462,2,30,đều
U004,2025-08-31,928911,0,-26170373,1,31,đều
U004,2025-09-01,1162477,27638555,305705,30,1,đều
U004,2025-09-02,936700,0,-630995,29,2,đều
U004,2025-09-03,784652,0,-1415647,28,3,đều
U004,2025-09-04,894219,0,-2309866,27,4,đều
U004,2025-09-05,901851,0,-3211717,26,5,đều
U004,2025-09-06,805763,0,-4017480,25,6,đều
U004,2025-09-07,842418,0,-4859898,24,7,đều
U004,2025-09-08,1770918,0,-6630816,23,8,đều
U004,2025-09-09,1169302,0,-7800118,22,9,đều
U004,2025-09-10,830146,0,-8630264,21,10,đều
U004,2025-09-11,1234691,0,-9864955,20,11,đều
U004,2025-09-12,817513,0,-10682468,19,12,đều
U004,2025-09-13,1493749,0,-12176217,18,13,đều
U004,2025-09-14,1083174,0,-13259391,17,14,đều
U004,2025-09-15,895044,0,-14154435,16,15,đều
U004,2025-09-16,1117535,0,-15271970,15,16,đều
U004,2025-09-17,498420,0,-15770390,14,17,đều
U004,2025-09-18,595313,0,-16365703,13,18,đều
U004,2025-09-19,579534,0,-16945237,12,19,đều
U004,2025-09-20,989274,0,-17934511,11,20,đều
U004,2025-09-21,1868330,0,-19802841,10,21,đều
U004,2025-09-22,2280875,0,-22083716,9,22,đều
U004,2025-09-23,1205940,0,-23289656,8,23,đều
U004,2025-09-24,1141538,0,-24431194,7,24,đều
U004,2025-09-25,454579,0,-24885773,6,25,đều
U004,2025-09-26,751991,0,-25637764,5,26,đều
U004,2025-09-27,681762,0,-26319526,4,27,đều
U004,2025-09-28,728841,0,-27048367,3,28,đều
U004,2025-09-29,873525,0,-27921892,2,29,đều
U004,2025-09-30,773525,0,-28695417,1,30,đều
U004,2025-10-01,423297,27638555,-1480159,31,1,đều
U004,2025-10-02,1260115,0,-2740274,30,2,đều
U004,2025-10-03,608318,0,-3348592,29,3,đều
U004,2025-10-04,1028126,0,-4376718,28,4,đều
U004,2025-10-05,2141855,0,-6518573,27,5,đều
U004,2025-10-06,646802,0,-7165375,26,6,đều
U004,2025-10-07,339570,0,-7504945,25,7,đều
U004,2025-10-08,833299,0,-8338244,24,8,đều
U004,2025-10-09,1451247,0,-9789491,23,9,đều
U004,2025-10-10,2044959,0,-11834450,22,10,đều
U004,2025-10-11,571334,0,-12405784,21,11,đều
U004,2025-10-12,1139647,0,-13545431,20,12,đều
U004,2025-10-13,775626,0,-14321057,19,13,đều
U004,2025-10-14,895529,0,-15216586,18,14,đều
U004,2025-10-15,2690633,0,-17907219,17,15,đều
U004,2025-10-16,512144,0,-18419363,16,16,đều
U004,2025-10-17,1034103,0,-19453466,15,17,đều
U004,2025-10-18,1126501,0,-20579967,14,18,đều
U004,2025-10-19,1442465,0,-22022432,13,19,đều
U004,2025-10-20,971642,0,-22994074,12,20,đều
U004,2025-10-21,1056815,0,-24050889,11,21,đều
U004,2025-10-22,798819,0,-24849708,10,22,đều
U004,2025-10-23,1040488,0,-25890196,9,23,đều
U004,2025-10-24,814454,0,-26704650,8,24,đều
U004,2025-10-25,1198017,0,-27902667,7,25,đều
U004,2025-10-26,805892,0,-28708559,6,26,đều
U004,2025-10-27,1086411,0,-29794970,5,27,đều
U004,2025-10-28,923425,0,-30718395,4,28,đều
U004,2025-10-29,1465885,0,-32184280,3,29,đều
U004,2025-10-30,915286,0,-33099566,2,30,đều
U004,2025-10-31,459703,0,-33559269,1,31,đều
U004,2025-11-01,1547758,27638555,-7468472,30,1,đều
U004,2025-11-02,650344,0,-8118816,29,2,đều
U004,2025-11-03,719307,0,-8838123,28,3,đều
U004,2025-11-04,736221,0,-9574344,27,4,đều
U004,2025-11-05,1619009,0,-11193353,26,5,đều
U004,2025-11-06,397631,0,-11590984,25,6,đều
U004,2025-11-07,3277688,0,-14868672,24,7,đều
U004,2025-11-08,1425413,0,-16294085,23,8,đều
U004,2025-11-09,1021564,0,-17315649,22,9,đều
U004,2025-11-10,914006,0,-18229655,21,10,đều
U004,2025-11-11,1047347,0,-19277002,20,11,đều
U004,2025-11-12,1150835,0,-20427837,19,12,đều
U004,2025-11-13,1209401,0,-21637238,18,13,đều
U004,2025-11-14,1166818,0,-22804056,17,14,đều
U004,2025-11-15,968382,0,-23772438,16,15,đều
U004,2025-11-16,863383,0,-24635821,15,16,đều
U004,2025-11-17,879440,0,-25515261,14,17,đều
U004,2025-11-18,864223,0,-26379484,13,18,đều
U004,2025-11-19,1470418,0,-27849902,12,19,đều
U004,2025-11-20,1184667,0,-29034569,11,20,đều
U004,2025-11-21,288195,0,-29322764,10,21,đều
U004,2025-11-22,1214581,0,-30537345,9,22,đều
U004,2025-11-23,1009983,0,-31547328,8,23,đều
U004,2025-11-24,927331,0,-32474659,7,24,đều
U004,2025-11-25,799820,0,-33274479,6,25,đều
U004,2025-11-26,1464749,0,-34739228,5,26,đều
U004,2025-11-27,1364857,0,-36104085,4,27,đều
U004,2025-11-28,685839,0,-36789924,3,28,đều
U004,2025-11-29,1099505,0,-37889429,2,29,đều
U004,2025-11-30,633419,0,-38522848,1,30,đều
U004,2025-12-01,538048,27638555,-11422341,31,1,đều
U004,2025-12-02,727132,0,-12149473,30,2,đều
U004,2025-12-03,1319162,0,-13468635,29,3,đều
U004,2025-12-04,1367917,0,-14836552,28,4,đều
U004,2025-12-05,1147141,0,-15983693,27,5,đều
U004,2025-12-06,1248668,0,-17232361,26,6,đều
U004,2025-12-07,1148562,0,-18380923,25,7,đều
U004,2025-12-08,722850,0,-19103773,24,8,đều
U004,2025-12-09,1110497,0,-20214270,23,9,đều
U004,2025-12-10,1286857,0,-21501127,22,10,đều
U004,2025-12-11,1263336,0,-22764463,21,11,đều
U004,2025-12-12,1503212,0,-24267675,20,12,đều
U004,2025-12-13,1240309,0,-25507984,19,13,đều
U004,2025-12-14,1075320,0,-26583304,18,14,đều
U004,2025-12-15,1433471,0,-28016775,17,15,đều
U004,2025-12-16,924438,0,-28941213,16,16,đều
U004,2025-12-17,656580,0,-29597793,15,17,đều
U004,2025-12-18,875301,0,-30473094,14,18,đều
U004,2025-12-19,693557,0,-31166651,13,19,đều
U004,2025-12-20,713172,0,-31879823,12,20,đều
U004,2025-12-21,881819,0,-32761642,11,21,đều
U004,2025-12-22,680499,0,-33442141,10,22,đều
U004,2025-12-23,826012,0,-34268153,9,23,đều
U004,2025-12-24,438057,0,-34706210,8,24,đều
U004,2025-12-25,1017508,0,-35723718,7,25,đều
U004,2025-12-26,934748,0,-36658466,6,26,đều
U004,2025-12-27,673817,0,-37332283,5,27,đều
U004,2025-12-28,1216207,0,-38548490,4,28,đều
U004,2025-12-29,1359432,0,-39907922,3,29,đều
U004,2025-12-30,491160,0,-40399082,2,30,đều
U004,2025-12-31,688630,0,-41087712,1,31,đều
U004,2026-01-01,686865,27638555,-14136022,31,1,đều
U004,2026-01-02,641515,0,-14777537,30,2,đều
U004,2026-01-03,1301905,0,-16079442,29,3,đều
U004,2026-01-04,864597,0,-16944039,28,4,đều
U004,2026-01-05,840493,0,-17784532,27,5,đều
U004,2026-01-06,419159,0,-18203691,26,6,đều
U004,2026-01-07,1204671,0,-19408362,25,7,đều
U004,2026-01-08,569120,0,-19977482,24,8,đều
U004,2026-01-09,956965,0,-20934447,23,9,đều
U004,2026-01-10,1043927,0,-21978374,22,10,đều
U004,2026-01-11,1610110,0,-23588484,21,11,đều
U004,2026-01-12,553502,0,-24141986,20,12,đều
U004,2026-01-13,279217,0,-24421203,19,13,đều
U004,2026-01-14,1005594,0,-25426797,18,14,đều
U004,2026-01-15,1919843,0,-27346640,17,15,đều
U004,2026-01-16,1533599,0,-28880239,16,16,đều
U004,2026-01-17,1016030,0,-29896269,15,17,đều
U004,2026-01-18,767501,0,-30663770,14,18,đều
U004,2026-01-19,1290317,0,-31954087,13,19,đều
U004,2026-01-20,632940,0,-32587027,12,20,đều
U004,2026-01-21,1130412,0,-33717439,11,21,đều
U004,2026-01-22,1143652,0,-34861091,10,22,đều
U004,2026-01-23,1427783,0,-36288874,9,23,đều
U004,2026-01-24,2817649,0,-39106523,8,24,đều
U004,2026-01-25,1093087,0,-40199610,7,25,đều
U004,2026-01-26,762200,0,-40961810,6,26,đều
U004,2026-01-27,924788,0,-41886598,5,27,đều
U004,2026-01-28,460431,0,-42347029,4,28,đều
U004,2026-01-29,707621,0,-43054650,3,29,đều
U004,2026-01-30,793205,0,-43847855,2,30,đều
U004,2026-01-31,757603,0,-44605458,1,31,đều
U004,2026-02-01,993006,27638555,-17959909,28,1,đều
U004,2026-02-02,672382,0,-18632291,27,2,đều
U004,2026-02-03,1462945,0,-20095236,26,3,đều
U004,2026-02-04,934374,0,-21029610,25,4,đều
U004,2026-02-05,930828,0,-21960438,24,5,đều
U004,2026-02-06,819452,0,-22779890,23,6,đều
U004,2026-02-07,994133,0,-23774023,22,7,đều
U004,2026-02-08,1299628,0,-25073651,21,8,đều
U004,2026-02-09,660464,0,-25734115,20,9,đều
U004,2026-02-10,718056,0,-26452171,19,10,đều
U004,2026-02-11,827413,0,-27279584,18,11,đều
U004,2026-02-12,545360,0,-27824944,17,12,đều
U004,2026-02-13,673233,0,-28498177,16,13,đều
U004,2026-02-14,772248,0,-29270425,15,14,đều
U004,2026-02-15,1325507,0,-30595932,14,15,đều
U004,2026-02-16,1037759,0,-31633691,13,16,đều
U004,2026-02-17,1009520,0,-32643211,12,17,đều
U004,2026-02-18,1313110,0,-33956321,11,18,đều
U004,2026-02-19,884343,0,-34840664,10,19,đều
U004,2026-02-20,1092234,0,-35932898,9,20,đều
U004,2026-02-21,896507,0,-36829405,8,21,đều
U004,2026-02-22,1038922,0,-37868327,7,22,đều
U004,2026-02-23,740030,0,-38608357,6,23,đều
U004,2026-02-24,352224,0,-38960581,5,24,đều
U004,2026-02-25,885438,0,-39846019,4,25,đều
U004,2026-02-26,1650599,0,-41496618,3,26,đều
U004,2026-02-27,1353272,0,-42849890,2,27,đều
U004,2026-02-28,1374648,0,-44224538,1,28,đều
U004,2026-03-01,1531873,27638555,-18117856,31,1,đều
U004,2026-03-02,968024,0,-19085880,30,2,đều
U004,2026-03-03,1011026,0,-20096906,29,3,đều
U004,2026-03-04,729773,0,-20826679,28,4,đều
U004,2026-03-05,823337,0,-21650016,27,5,đều
U004,2026-03-06,1195241,0,-22845257,26,6,đều
U004,2026-03-07,1512241,0,-24357498,25,7,đều
U004,2026-03-08,883610,0,-25241108,24,8,đều
U004,2026-03-09,780331,0,-26021439,23,9,đều
U004,2026-03-10,934494,0,-26955933,22,10,đều
U004,2026-03-11,1188298,0,-28144231,21,11,đều
U004,2026-03-12,524399,0,-28668630,20,12,đều
U004,2026-03-13,372904,0,-29041534,19,13,đều
U004,2026-03-14,749630,0,-29791164,18,14,đều
U004,2026-03-15,573357,0,-30364521,17,15,đều
U004,2026-03-16,762451,0,-31126972,16,16,đều
U004,2026-03-17,880669,0,-32007641,15,17,đều
U004,2026-03-18,779377,0,-32787018,14,18,đều
U004,2026-03-19,1670338,0,-34457356,13,19,đều
U004,2026-03-20,1064747,0,-35522103,12,20,đều
U004,2026-03-21,1053617,0,-36575720,11,21,đều
U004,2026-03-22,1198322,0,-37774042,10,22,đều
U004,2026-03-23,592447,0,-38366489,9,23,đều
U004,2026-03-24,1415784,0,-39782273,8,24,đều
U004,2026-03-25,906407,0,-40688680,7,25,đều
U004,2026-03-26,1221685,0,-41910365,6,26,đều
U004,2026-03-27,608533,0,-42518898,5,27,đều
U004,2026-03-28,501845,0,-43020743,4,28,đều
U004,2026-03-29,1295886,0,-44316629,3,29,đều
U004,2026-03-30,1086110,0,-45402739,2,30,đều
U004,2026-03-31,651302,0,-46054041,1,31,đều
U004,2026-04-01,659795,27638555,-19075281,30,1,đều
U004,2026-04-02,1465524,0,-20540805,29,2,đều
U004,2026-04-03,580581,0,-21121386,28,3,đều
U004,2026-04-04,1802380,0,-22923766,27,4,đều
U004,2026-04-05,651675,0,-23575441,26,5,đều
U004,2026-04-06,1206105,0,-24781546,25,6,đều
U004,2026-04-07,819215,0,-25600761,24,7,đều
U004,2026-04-08,1189239,0,-26790000,23,8,đều
U004,2026-04-09,751558,0,-27541558,22,9,đều
U004,2026-04-10,875397,0,-28416955,21,10,đều
U004,2026-04-11,949715,0,-29366670,20,11,đều
U004,2026-04-12,625730,0,-29992400,19,12,đều
U004,2026-04-13,1256549,0,-31248949,18,13,đều
U004,2026-04-14,760905,0,-32009854,17,14,đều
U004,2026-04-15,852654,0,-32862508,16,15,đều
U004,2026-04-16,627695,0,-33490203,15,16,đều
U004,2026-04-17,335245,0,-33825448,14,17,đều
U004,2026-04-18,865566,0,-34691014,13,18,đều
U004,2026-04-19,2452444,0,-37143458,12,19,đều
U004,2026-04-20,1278747,0,-38422205,11,20,đều
U004,2026-04-21,927127,0,-39349332,10,21,đều
U004,2026-04-22,841039,0,-40190371,9,22,đều
U004,2026-04-23,942731,0,-41133102,8,23,đều
U004,2026-04-24,1162865,0,-42295967,7,24,đều
U004,2026-04-25,582582,0,-42878549,6,25,đều
U004,2026-04-26,1459024,0,-44337573,5,26,đều
U004,2026-04-27,1243825,0,-45581398,4,27,đều
U004,2026-04-28,1245221,0,-46826619,3,28,đều
U004,2026-04-29,1113412,0,-47940031,2,29,đều
U004,2026-04-30,941657,0,-48881688,1,30,đều
U004,2026-05-01,1222849,27638555,-22465982,31,1,đều
U004,2026-05-02,1183841,0,-23649823,30,2,đều
U004,2026-05-03,810927,0,-24460750,29,3,đều
U004,2026-05-04,742746,0,-25203496,28,4,đều
U004,2026-05-05,973149,0,-26176645,27,5,đều
U004,2026-05-06,1736110,0,-27912755,26,6,đều
U004,2026-05-07,569154,0,-28481909,25,7,đều
U004,2026-05-08,519457,0,-29001366,24,8,đều
U004,2026-05-09,997945,0,-29999311,23,9,đều
U004,2026-05-10,953509,0,-30952820,22,10,đều
U004,2026-05-11,1001377,0,-31954197,21,11,đều
U004,2026-05-12,1030063,0,-32984260,20,12,đều
U004,2026-05-13,854497,0,-33838757,19,13,đều
U004,2026-05-14,1695511,0,-35534268,18,14,đều
U004,2026-05-15,492470,0,-36026738,17,15,đều
U004,2026-05-16,670749,0,-36697487,16,16,đều
U004,2026-05-17,896495,0,-37593982,15,17,đều
U004,2026-05-18,484210,0,-38078192,14,18,đều
U004,2026-05-19,870835,0,-38949027,13,19,đều
U004,2026-05-20,1815983,0,-40765010,12,20,đều
U004,2026-05-21,942135,0,-41707145,11,21,đều
U004,2026-05-22,1024617,0,-42731762,10,22,đều
U004,2026-05-23,564380,0,-43296142,9,23,đều
U004,2026-05-24,730150,0,-44026292,8,24,đều
U004,2026-05-25,804094,0,-44830386,7,25,đều
U004,2026-05-26,822796,0,-45653182,6,26,đều
U004,2026-05-27,1560017,0,-47213199,5,27,đều
U004,2026-05-28,1167793,0,-48380992,4,28,đều
U004,2026-05-29,598970,0,-48979962,3,29,đều
U004,2026-05-30,1031115,0,-50011077,2,30,đều
U004,2026-05-31,1140341,0,-51151418,1,31,đều
U004,2026-06-01,1474175,27638555,-24987038,30,1,đều
U004,2026-06-02,1758138,0,-26745176,29,2,đều
U004,2026-06-03,622508,0,-27367684,28,3,đều
U004,2026-06-04,675499,0,-28043183,27,4,đều
U004,2026-06-05,564965,0,-28608148,26,5,đều
U004,2026-06-06,850808,0,-29458956,25,6,đều
U004,2026-06-07,1125900,0,-30584856,24,7,đều
U004,2026-06-08,1386764,0,-31971620,23,8,đều
U004,2026-06-09,906339,0,-32877959,22,9,đều
U004,2026-06-10,822094,0,-33700053,21,10,đều
U004,2026-06-11,992768,0,-34692821,20,11,đều
U004,2026-06-12,668969,0,-35361790,19,12,đều
U004,2026-06-13,2155137,0,-37516927,18,13,đều
U004,2026-06-14,491140,0,-38008067,17,14,đều
U004,2026-06-15,1005953,0,-39014020,16,15,đều
U004,2026-06-16,2099043,0,-41113063,15,16,đều
U004,2026-06-17,936842,0,-42049905,14,17,đều
U004,2026-06-18,865908,0,-42915813,13,18,đều
U004,2026-06-19,809823,0,-43725636,12,19,đều
U004,2026-06-20,869256,0,-44594892,11,20,đều
U004,2026-06-21,1617980,0,-46212872,10,21,đều
U004,2026-06-22,385696,0,-46598568,9,22,đều
U004,2026-06-23,1725320,0,-48323888,8,23,đều
U004,2026-06-24,528589,0,-48852477,7,24,đều
U004,2026-06-25,839774,0,-49692251,6,25,đều
U004,2026-06-26,786896,0,-50479147,5,26,đều
U004,2026-06-27,1182298,0,-51661445,4,27,đều
U004,2026-06-28,493017,0,-52154462,3,28,đều
U004,2026-06-29,1124016,0,-53278478,2,29,đều
U004,2026-06-30,2099634,0,-55378112,1,30,đều
U004,2026-07-01,541598,27638555,-28281155,31,1,đều
U005,2025-01-01,328193,11461631,11133438,31,1,đều
U005,2025-01-02,278914,0,10854524,30,2,đều
U005,2025-01-03,214145,0,10640379,29,3,đều
U005,2025-01-04,336432,0,10303947,28,4,đều
U005,2025-01-05,569629,0,9734318,27,5,đều
U005,2025-01-06,256437,0,9477881,26,6,đều
U005,2025-01-07,369130,0,9108751,25,7,đều
U005,2025-01-08,164999,0,8943752,24,8,đều
U005,2025-01-09,188797,0,8754955,23,9,đều
U005,2025-01-10,334357,0,8420598,22,10,đều
U005,2025-01-11,501144,0,7919454,21,11,đều
U005,2025-01-12,319096,0,7600358,20,12,đều
U005,2025-01-13,244209,0,7356149,19,13,đều
U005,2025-01-14,276708,0,7079441,18,14,đều
U005,2025-01-15,167852,0,6911589,17,15,đều
U005,2025-01-16,352501,0,6559088,16,16,đều
U005,2025-01-17,393932,0,6165156,15,17,đều
U005,2025-01-18,230998,0,5934158,14,18,đều
U005,2025-01-19,229345,0,5704813,13,19,đều
U005,2025-01-20,307845,0,5396968,12,20,đều
U005,2025-01-21,232423,0,5164545,11,21,đều
U005,2025-01-22,269561,0,4894984,10,22,đều
U005,2025-01-23,641068,0,4253916,9,23,đều
U005,2025-01-24,250745,0,4003171,8,24,đều
U005,2025-01-25,239825,0,3763346,7,25,đều
U005,2025-01-26,213627,0,3549719,6,26,đều
U005,2025-01-27,372756,0,3176963,5,27,đều
U005,2025-01-28,257432,0,2919531,4,28,đều
U005,2025-01-29,213470,0,2706061,3,29,đều
U005,2025-01-30,469547,0,2236514,2,30,đều
U005,2025-01-31,488377,0,1748137,1,31,đều
U005,2025-02-01,217691,11461631,12992077,28,1,đều
U005,2025-02-02,131188,0,12860889,27,2,đều
U005,2025-02-03,414160,0,12446729,26,3,đều
U005,2025-02-04,210481,0,12236248,25,4,đều
U005,2025-02-05,379744,0,11856504,24,5,đều
U005,2025-02-06,125864,0,11730640,23,6,đều
U005,2025-02-07,395553,0,11335087,22,7,đều
U005,2025-02-08,170507,0,11164580,21,8,đều
U005,2025-02-09,370759,0,10793821,20,9,đều
U005,2025-02-10,278371,0,10515450,19,10,đều
U005,2025-02-11,188986,0,10326464,18,11,đều
U005,2025-02-12,235199,0,10091265,17,12,đều
U005,2025-02-13,364226,0,9727039,16,13,đều
U005,2025-02-14,288762,0,9438277,15,14,đều
U005,2025-02-15,349678,0,9088599,14,15,đều
U005,2025-02-16,610222,0,8478377,13,16,đều
U005,2025-02-17,148050,0,8330327,12,17,đều
U005,2025-02-18,528547,0,7801780,11,18,đều
U005,2025-02-19,288585,0,7513195,10,19,đều
U005,2025-02-20,193201,0,7319994,9,20,đều
U005,2025-02-21,162572,0,7157422,8,21,đều
U005,2025-02-22,256620,0,6900802,7,22,đều
U005,2025-02-23,400177,0,6500625,6,23,đều
U005,2025-02-24,263019,0,6237606,5,24,đều
U005,2025-02-25,506593,0,5731013,4,25,đều
U005,2025-02-26,154899,0,5576114,3,26,đều
U005,2025-02-27,275451,0,5300663,2,27,đều
U005,2025-02-28,167719,0,5132944,1,28,đều
U005,2025-03-01,320121,11461631,16274454,31,1,đều
U005,2025-03-02,394651,0,15879803,30,2,đều
U005,2025-03-03,233911,0,15645892,29,3,đều
U005,2025-03-04,97667,0,15548225,28,4,đều
U005,2025-03-05,299713,0,15248512,27,5,đều
U005,2025-03-06,329620,0,14918892,26,6,đều
U005,2025-03-07,325370,0,14593522,25,7,đều
U005,2025-03-08,453756,0,14139766,24,8,đều
U005,2025-03-09,180337,0,13959429,23,9,đều
U005,2025-03-10,363338,0,13596091,22,10,đều
U005,2025-03-11,445969,0,13150122,21,11,đều
U005,2025-03-12,135885,0,13014237,20,12,đều
U005,2025-03-13,314539,0,12699698,19,13,đều
U005,2025-03-14,226235,0,12473463,18,14,đều
U005,2025-03-15,267906,0,12205557,17,15,đều
U005,2025-03-16,318084,0,11887473,16,16,đều
U005,2025-03-17,227774,0,11659699,15,17,đều
U005,2025-03-18,211233,0,11448466,14,18,đều
U005,2025-03-19,280594,0,11167872,13,19,đều
U005,2025-03-20,179172,0,10988700,12,20,đều
U005,2025-03-21,179274,0,10809426,11,21,đều
U005,2025-03-22,363215,0,10446211,10,22,đều
U005,2025-03-23,174815,0,10271396,9,23,đều
U005,2025-03-24,361323,0,9910073,8,24,đều
U005,2025-03-25,333047,0,9577026,7,25,đều
U005,2025-03-26,138785,0,9438241,6,26,đều
U005,2025-03-27,211076,0,9227165,5,27,đều
U005,2025-03-28,446255,0,8780910,4,28,đều
U005,2025-03-29,186939,0,8593971,3,29,đều
U005,2025-03-30,229863,0,8364108,2,30,đều
U005,2025-03-31,332976,0,8031132,1,31,đều
U005,2025-04-01,378646,11461631,19114117,30,1,đều
U005,2025-04-02,250293,0,18863824,29,2,đều
U005,2025-04-03,217945,0,18645879,28,3,đều
U005,2025-04-04,488918,0,18156961,27,4,đều
U005,2025-04-05,554910,0,17602051,26,5,đều
U005,2025-04-06,409440,0,17192611,25,6,đều
U005,2025-04-07,286395,0,16906216,24,7,đều
U005,2025-04-08,200325,0,16705891,23,8,đều
U005,2025-04-09,198555,0,16507336,22,9,đều
U005,2025-04-10,341126,0,16166210,21,10,đều
U005,2025-04-11,327211,0,15838999,20,11,đều
U005,2025-04-12,484872,0,15354127,19,12,đều
U005,2025-04-13,359037,0,14995090,18,13,đều
U005,2025-04-14,151717,0,14843373,17,14,đều
U005,2025-04-15,421587,0,14421786,16,15,đều
U005,2025-04-16,185679,0,14236107,15,16,đều
U005,2025-04-17,237379,0,13998728,14,17,đều
U005,2025-04-18,305921,0,13692807,13,18,đều
U005,2025-04-19,614933,0,13077874,12,19,đều
U005,2025-04-20,960269,0,12117605,11,20,đều
U005,2025-04-21,352812,0,11764793,10,21,đều
U005,2025-04-22,257229,0,11507564,9,22,đều
U005,2025-04-23,342766,0,11164798,8,23,đều
U005,2025-04-24,394772,0,10770026,7,24,đều
U005,2025-04-25,243466,0,10526560,6,25,đều
U005,2025-04-26,567551,0,9959009,5,26,đều
U005,2025-04-27,303467,0,9655542,4,27,đều
U005,2025-04-28,337763,0,9317779,3,28,đều
U005,2025-04-29,361266,0,8956513,2,29,đều
U005,2025-04-30,327629,0,8628884,1,30,đều
U005,2025-05-01,387154,11461631,19703361,31,1,đều
U005,2025-05-02,216230,0,19487131,30,2,đều
U005,2025-05-03,221390,0,19265741,29,3,đều
U005,2025-05-04,178250,0,19087491,28,4,đều
U005,2025-05-05,329985,0,18757506,27,5,đều
U005,2025-05-06,377972,0,18379534,26,6,đều
U005,2025-05-07,332405,0,18047129,25,7,đều
U005,2025-05-08,540797,0,17506332,24,8,đều
U005,2025-05-09,276168,0,17230164,23,9,đều
U005,2025-05-10,361674,0,16868490,22,10,đều
U005,2025-05-11,178853,0,16689637,21,11,đều
U005,2025-05-12,237082,0,16452555,20,12,đều
U005,2025-05-13,365571,0,16086984,19,13,đều
U005,2025-05-14,388731,0,15698253,18,14,đều
U005,2025-05-15,246081,0,15452172,17,15,đều
U005,2025-05-16,268972,0,15183200,16,16,đều
U005,2025-05-17,150821,0,15032379,15,17,đều
U005,2025-05-18,239951,0,14792428,14,18,đều
U005,2025-05-19,395203,0,14397225,13,19,đều
U005,2025-05-20,348392,0,14048833,12,20,đều
U005,2025-05-21,338158,0,13710675,11,21,đều
U005,2025-05-22,282352,0,13428323,10,22,đều
U005,2025-05-23,277570,0,13150753,9,23,đều
U005,2025-05-24,212537,0,12938216,8,24,đều
U005,2025-05-25,366053,0,12572163,7,25,đều
U005,2025-05-26,327548,0,12244615,6,26,đều
U005,2025-05-27,336990,0,11907625,5,27,đều
U005,2025-05-28,224266,0,11683359,4,28,đều
U005,2025-05-29,116969,0,11566390,3,29,đều
U005,2025-05-30,429279,0,11137111,2,30,đều
U005,2025-05-31,228540,0,10908571,1,31,đều
U005,2025-06-01,196004,11461631,22174198,30,1,đều
U005,2025-06-02,365270,0,21808928,29,2,đều
U005,2025-06-03,236617,0,21572311,28,3,đều
U005,2025-06-04,422936,0,21149375,27,4,đều
U005,2025-06-05,354266,0,20795109,26,5,đều
U005,2025-06-06,363825,0,20431284,25,6,đều
U005,2025-06-07,160271,0,20271013,24,7,đều
U005,2025-06-08,449450,0,19821563,23,8,đều
U005,2025-06-09,307276,0,19514287,22,9,đều
U005,2025-06-10,238778,0,19275509,21,10,đều
U005,2025-06-11,293126,0,18982383,20,11,đều
U005,2025-06-12,136013,0,18846370,19,12,đều
U005,2025-06-13,325938,0,18520432,18,13,đều
U005,2025-06-14,183368,0,18337064,17,14,đều
U005,2025-06-15,161125,0,18175939,16,15,đều
U005,2025-06-16,150551,0,18025388,15,16,đều
U005,2025-06-17,431955,0,17593433,14,17,đều
U005,2025-06-18,215194,0,17378239,13,18,đều
U005,2025-06-19,511188,0,16867051,12,19,đều
U005,2025-06-20,223391,0,16643660,11,20,đều
U005,2025-06-21,139813,0,16503847,10,21,đều
U005,2025-06-22,177086,0,16326761,9,22,đều
U005,2025-06-23,453761,0,15873000,8,23,đều
U005,2025-06-24,260053,0,15612947,7,24,đều
U005,2025-06-25,222279,0,15390668,6,25,đều
U005,2025-06-26,295082,0,15095586,5,26,đều
U005,2025-06-27,338309,0,14757277,4,27,đều
U005,2025-06-28,432770,0,14324507,3,28,đều
U005,2025-06-29,494055,0,13830452,2,29,đều
U005,2025-06-30,239688,0,13590764,1,30,đều
U005,2025-07-01,162850,11461631,24889545,31,1,đều
U005,2025-07-02,234595,0,24654950,30,2,đều
U005,2025-07-03,307157,0,24347793,29,3,đều
U005,2025-07-04,188245,0,24159548,28,4,đều
U005,2025-07-05,188743,0,23970805,27,5,đều
U005,2025-07-06,317590,0,23653215,26,6,đều
U005,2025-07-07,271452,0,23381763,25,7,đều
U005,2025-07-08,280441,0,23101322,24,8,đều
U005,2025-07-09,204353,0,22896969,23,9,đều
U005,2025-07-10,252418,0,22644551,22,10,đều
U005,2025-07-11,191245,0,22453306,21,11,đều
U005,2025-07-12,395174,0,22058132,20,12,đều
U005,2025-07-13,418780,0,21639352,19,13,đều
U005,2025-07-14,132260,0,21507092,18,14,đều
U005,2025-07-15,190841,0,21316251,17,15,đều
U005,2025-07-16,152115,0,21164136,16,16,đều
U005,2025-07-17,213415,0,20950721,15,17,đều
U005,2025-07-18,267701,0,20683020,14,18,đều
U005,2025-07-19,154994,0,20528026,13,19,đều
U005,2025-07-20,191426,0,20336600,12,20,đều
U005,2025-07-21,185242,0,20151358,11,21,đều
U005,2025-07-22,300712,0,19850646,10,22,đều
U005,2025-07-23,284571,0,19566075,9,23,đều
U005,2025-07-24,207380,0,19358695,8,24,đều
U005,2025-07-25,297072,0,19061623,7,25,đều
U005,2025-07-26,222421,0,18839202,6,26,đều
U005,2025-07-27,248287,0,18590915,5,27,đều
U005,2025-07-28,540572,0,18050343,4,28,đều
U005,2025-07-29,473159,0,17577184,3,29,đều
U005,2025-07-30,164583,0,17412601,2,30,đều
U005,2025-07-31,385731,0,17026870,1,31,đều
U005,2025-08-01,382912,11461631,28105589,31,1,đều
U005,2025-08-02,174852,0,27930737,30,2,đều
U005,2025-08-03,384044,0,27546693,29,3,đều
U005,2025-08-04,512048,0,27034645,28,4,đều
U005,2025-08-05,176660,0,26857985,27,5,đều
U005,2025-08-06,191760,0,26666225,26,6,đều
U005,2025-08-07,415844,0,26250381,25,7,đều
U005,2025-08-08,308538,0,25941843,24,8,đều
U005,2025-08-09,345101,0,25596742,23,9,đều
U005,2025-08-10,317184,0,25279558,22,10,đều
U005,2025-08-11,323605,0,24955953,21,11,đều
U005,2025-08-12,162822,0,24793131,20,12,đều
U005,2025-08-13,420807,0,24372324,19,13,đều
U005,2025-08-14,441899,0,23930425,18,14,đều
U005,2025-08-15,252520,0,23677905,17,15,đều
U005,2025-08-16,272015,0,23405890,16,16,đều
U005,2025-08-17,150025,0,23255865,15,17,đều
U005,2025-08-18,340001,0,22915864,14,18,đều
U005,2025-08-19,347954,0,22567910,13,19,đều
U005,2025-08-20,269986,0,22297924,12,20,đều
U005,2025-08-21,433975,0,21863949,11,21,đều
U005,2025-08-22,242164,0,21621785,10,22,đều
U005,2025-08-23,346918,0,21274867,9,23,đều
U005,2025-08-24,184082,0,21090785,8,24,đều
U005,2025-08-25,274191,0,20816594,7,25,đều
U005,2025-08-26,258141,0,20558453,6,26,đều
U005,2025-08-27,302890,0,20255563,5,27,đều
U005,2025-08-28,238754,0,20016809,4,28,đều
U005,2025-08-29,262607,0,19754202,3,29,đều
U005,2025-08-30,385162,0,19369040,2,30,đều
U005,2025-08-31,232419,0,19136621,1,31,đều
U005,2025-09-01,145564,11461631,30452688,30,1,đều
U005,2025-09-02,557287,0,29895401,29,2,đều
U005,2025-09-03,480981,0,29414420,28,3,đều
U005,2025-09-04,165065,0,29249355,27,4,đều
U005,2025-09-05,364720,0,28884635,26,5,đều
U005,2025-09-06,226344,0,28658291,25,6,đều
U005,2025-09-07,307551,0,28350740,24,7,đều
U005,2025-09-08,311356,0,28039384,23,8,đều
U005,2025-09-09,252014,0,27787370,22,9,đều
U005,2025-09-10,202298,0,27585072,21,10,đều
U005,2025-09-11,209984,0,27375088,20,11,đều
U005,2025-09-12,191861,0,27183227,19,12,đều
U005,2025-09-13,198446,0,26984781,18,13,đều
U005,2025-09-14,269448,0,26715333,17,14,đều
U005,2025-09-15,207876,0,26507457,16,15,đều
U005,2025-09-16,363605,0,26143852,15,16,đều
U005,2025-09-17,501771,0,25642081,14,17,đều
U005,2025-09-18,219472,0,25422609,13,18,đều
U005,2025-09-19,304603,0,25118006,12,19,đều
U005,2025-09-20,338025,0,24779981,11,20,đều
U005,2025-09-21,334303,0,24445678,10,21,đều
U005,2025-09-22,285325,0,24160353,9,22,đều
U005,2025-09-23,372531,0,23787822,8,23,đều
U005,2025-09-24,335676,0,23452146,7,24,đều
U005,2025-09-25,168710,0,23283436,6,25,đều
U005,2025-09-26,391862,0,22891574,5,26,đều
U005,2025-09-27,394714,0,22496860,4,27,đều
U005,2025-09-28,203962,0,22292898,3,28,đều
U005,2025-09-29,281019,0,22011879,2,29,đều
U005,2025-09-30,363790,0,21648089,1,30,đều
U005,2025-10-01,254556,11461631,32855164,31,1,đều
U005,2025-10-02,425148,0,32430016,30,2,đều
U005,2025-10-03,712511,0,31717505,29,3,đều
U005,2025-10-04,202118,0,31515387,28,4,đều
U005,2025-10-05,159306,0,31356081,27,5,đều
U005,2025-10-06,312553,0,31043528,26,6,đều
U005,2025-10-07,369397,0,30674131,25,7,đều
U005,2025-10-08,252371,0,30421760,24,8,đều
U005,2025-10-09,494996,0,29926764,23,9,đều
U005,2025-10-10,162034,0,29764730,22,10,đều
U005,2025-10-11,365188,0,29399542,21,11,đều
U005,2025-10-12,217218,0,29182324,20,12,đều
U005,2025-10-13,550594,0,28631730,19,13,đều
U005,2025-10-14,614158,0,28017572,18,14,đều
U005,2025-10-15,203687,0,27813885,17,15,đều
U005,2025-10-16,222166,0,27591719,16,16,đều
U005,2025-10-17,390365,0,27201354,15,17,đều
U005,2025-10-18,237079,0,26964275,14,18,đều
U005,2025-10-19,271804,0,26692471,13,19,đều
U005,2025-10-20,279612,0,26412859,12,20,đều
U005,2025-10-21,128429,0,26284430,11,21,đều
U005,2025-10-22,275259,0,26009171,10,22,đều
U005,2025-10-23,210052,0,25799119,9,23,đều
U005,2025-10-24,227238,0,25571881,8,24,đều
U005,2025-10-25,493094,0,25078787,7,25,đều
U005,2025-10-26,167443,0,24911344,6,26,đều
U005,2025-10-27,383189,0,24528155,5,27,đều
U005,2025-10-28,247562,0,24280593,4,28,đều
U005,2025-10-29,247483,0,24033110,3,29,đều
U005,2025-10-30,379705,0,23653405,2,30,đều
U005,2025-10-31,317116,0,23336289,1,31,đều
U005,2025-11-01,347753,11461631,34450167,30,1,đều
U005,2025-11-02,407695,0,34042472,29,2,đều
U005,2025-11-03,242432,0,33800040,28,3,đều
U005,2025-11-04,216665,0,33583375,27,4,đều
U005,2025-11-05,179323,0,33404052,26,5,đều
U005,2025-11-06,198956,0,33205096,25,6,đều
U005,2025-11-07,900440,0,32304656,24,7,đều
U005,2025-11-08,455374,0,31849282,23,8,đều
U005,2025-11-09,161227,0,31688055,22,9,đều
U005,2025-11-10,163084,0,31524971,21,10,đều
U005,2025-11-11,335624,0,31189347,20,11,đều
U005,2025-11-12,344520,0,30844827,19,12,đều
U005,2025-11-13,344743,0,30500084,18,13,đều
U005,2025-11-14,249951,0,30250133,17,14,đều
U005,2025-11-15,263240,0,29986893,16,15,đều
U005,2025-11-16,315576,0,29671317,15,16,đều
U005,2025-11-17,286461,0,29384856,14,17,đều
U005,2025-11-18,113923,0,29270933,13,18,đều
U005,2025-11-19,252479,0,29018454,12,19,đều
U005,2025-11-20,196898,0,28821556,11,20,đều
U005,2025-11-21,296881,0,28524675,10,21,đều
U005,2025-11-22,913561,0,27611114,9,22,đều
U005,2025-11-23,320614,0,27290500,8,23,đều
U005,2025-11-24,244163,0,27046337,7,24,đều
U005,2025-11-25,400201,0,26646136,6,25,đều
U005,2025-11-26,335735,0,26310401,5,26,đều
U005,2025-11-27,327433,0,25982968,4,27,đều
U005,2025-11-28,352830,0,25630138,3,28,đều
U005,2025-11-29,630091,0,25000047,2,29,đều
U005,2025-11-30,176072,0,24823975,1,30,đều
U005,2025-12-01,334521,11461631,35951085,31,1,đều
U005,2025-12-02,191080,0,35760005,30,2,đều
U005,2025-12-03,345658,0,35414347,29,3,đều
U005,2025-12-04,191669,0,35222678,28,4,đều
U005,2025-12-05,234229,0,34988449,27,5,đều
U005,2025-12-06,245970,0,34742479,26,6,đều
U005,2025-12-07,408942,0,34333537,25,7,đều
U005,2025-12-08,399665,0,33933872,24,8,đều
U005,2025-12-09,168167,0,33765705,23,9,đều
U005,2025-12-10,282936,0,33482769,22,10,đều
U005,2025-12-11,208391,0,33274378,21,11,đều
U005,2025-12-12,167309,0,33107069,20,12,đều
U005,2025-12-13,253773,0,32853296,19,13,đều
U005,2025-12-14,244656,0,32608640,18,14,đều
U005,2025-12-15,730649,0,31877991,17,15,đều
U005,2025-12-16,329123,0,31548868,16,16,đều
U005,2025-12-17,159525,0,31389343,15,17,đều
U005,2025-12-18,220817,0,31168526,14,18,đều
U005,2025-12-19,416464,0,30752062,13,19,đều
U005,2025-12-20,638182,0,30113880,12,20,đều
U005,2025-12-21,146768,0,29967112,11,21,đều
U005,2025-12-22,130487,0,29836625,10,22,đều
U005,2025-12-23,585012,0,29251613,9,23,đều
U005,2025-12-24,323465,0,28928148,8,24,đều
U005,2025-12-25,195572,0,28732576,7,25,đều
U005,2025-12-26,342783,0,28389793,6,26,đều
U005,2025-12-27,96443,0,28293350,5,27,đều
U005,2025-12-28,277160,0,28016190,4,28,đều
U005,2025-12-29,315568,0,27700622,3,29,đều
U005,2025-12-30,400596,0,27300026,2,30,đều
U005,2025-12-31,184507,0,27115519,1,31,đều
U005,2026-01-01,286438,11461631,38290712,31,1,đều
U005,2026-01-02,191153,0,38099559,30,2,đều
U005,2026-01-03,306556,0,37793003,29,3,đều
U005,2026-01-04,193467,0,37599536,28,4,đều
U005,2026-01-05,235099,0,37364437,27,5,đều
U005,2026-01-06,185846,0,37178591,26,6,đều
U005,2026-01-07,359136,0,36819455,25,7,đều
U005,2026-01-08,390187,0,36429268,24,8,đều
U005,2026-01-09,251992,0,36177276,23,9,đều
U005,2026-01-10,281052,0,35896224,22,10,đều
U005,2026-01-11,155060,0,35741164,21,11,đều
U005,2026-01-12,245519,0,35495645,20,12,đều
U005,2026-01-13,271283,0,35224362,19,13,đều
U005,2026-01-14,789629,0,34434733,18,14,đều
U005,2026-01-15,177409,0,34257324,17,15,đều
U005,2026-01-16,497163,0,33760161,16,16,đều
U005,2026-01-17,412398,0,33347763,15,17,đều
U005,2026-01-18,309668,0,33038095,14,18,đều
U005,2026-01-19,559305,0,32478790,13,19,đều
U005,2026-01-20,321208,0,32157582,12,20,đều
U005,2026-01-21,323406,0,31834176,11,21,đều
U005,2026-01-22,270967,0,31563209,10,22,đều
U005,2026-01-23,451544,0,31111665,9,23,đều
U005,2026-01-24,429162,0,30682503,8,24,đều
U005,2026-01-25,215503,0,30467000,7,25,đều
U005,2026-01-26,163293,0,30303707,6,26,đều
U005,2026-01-27,255202,0,30048505,5,27,đều
U005,2026-01-28,200985,0,29847520,4,28,đều
U005,2026-01-29,269842,0,29577678,3,29,đều
U005,2026-01-30,454056,0,29123622,2,30,đều
U005,2026-01-31,230517,0,28893105,1,31,đều
U005,2026-02-01,272086,11461631,40082650,28,1,đều
U005,2026-02-02,283286,0,39799364,27,2,đều
U005,2026-02-03,388626,0,39410738,26,3,đều
U005,2026-02-04,112673,0,39298065,25,4,đều
U005,2026-02-05,217145,0,39080920,24,5,đều
U005,2026-02-06,301196,0,38779724,23,6,đều
U005,2026-02-07,447322,0,38332402,22,7,đều
U005,2026-02-08,227349,0,38105053,21,8,đều
U005,2026-02-09,130663,0,37974390,20,9,đều
U005,2026-02-10,354650,0,37619740,19,10,đều
U005,2026-02-11,214670,0,37405070,18,11,đều
U005,2026-02-12,171980,0,37233090,17,12,đều
U005,2026-02-13,215618,0,37017472,16,13,đều
U005,2026-02-14,257093,0,36760379,15,14,đều
U005,2026-02-15,217315,0,36543064,14,15,đều
U005,2026-02-16,114551,0,36428513,13,16,đều
U005,2026-02-17,396261,0,36032252,12,17,đều
U005,2026-02-18,460907,0,35571345,11,18,đều
U005,2026-02-19,359191,0,35212154,10,19,đều
U005,2026-02-20,175594,0,35036560,9,20,đều
U005,2026-02-21,255354,0,34781206,8,21,đều
U005,2026-02-22,276065,0,34505141,7,22,đều
U005,2026-02-23,351695,0,34153446,6,23,đều
U005,2026-02-24,361616,0,33791830,5,24,đều
U005,2026-02-25,206351,0,33585479,4,25,đều
U005,2026-02-26,286015,0,33299464,3,26,đều
U005,2026-02-27,332340,0,32967124,2,27,đều
U005,2026-02-28,495504,0,32471620,1,28,đều
U005,2026-03-01,366885,11461631,43566366,31,1,đều
U005,2026-03-02,379505,0,43186861,30,2,đều
U005,2026-03-03,286225,0,42900636,29,3,đều
U005,2026-03-04,486594,0,42414042,28,4,đều
U005,2026-03-05,326083,0,42087959,27,5,đều
U005,2026-03-06,196137,0,41891822,26,6,đều
U005,2026-03-07,485216,0,41406606,25,7,đều
U005,2026-03-08,365917,0,41040689,24,8,đều
U005,2026-03-09,231836,0,40808853,23,9,đều
U005,2026-03-10,228480,0,40580373,22,10,đều
U005,2026-03-11,311649,0,40268724,21,11,đều
U005,2026-03-12,333126,0,39935598,20,12,đều
U005,2026-03-13,299515,0,39636083,19,13,đều
U005,2026-03-14,313491,0,39322592,18,14,đều
U005,2026-03-15,546333,0,38776259,17,15,đều
U005,2026-03-16,424904,0,38351355,16,16,đều
U005,2026-03-17,298718,0,38052637,15,17,đều
U005,2026-03-18,403336,0,37649301,14,18,đều
U005,2026-03-19,183137,0,37466164,13,19,đều
U005,2026-03-20,324543,0,37141621,12,20,đều
U005,2026-03-21,570760,0,36570861,11,21,đều
U005,2026-03-22,253668,0,36317193,10,22,đều
U005,2026-03-23,197195,0,36119998,9,23,đều
U005,2026-03-24,213238,0,35906760,8,24,đều
U005,2026-03-25,179001,0,35727759,7,25,đều
U005,2026-03-26,202217,0,35525542,6,26,đều
U005,2026-03-27,238661,0,35286881,5,27,đều
U005,2026-03-28,157751,0,35129130,4,28,đều
U005,2026-03-29,278521,0,34850609,3,29,đều
U005,2026-03-30,397088,0,34453521,2,30,đều
U005,2026-03-31,192509,0,34261012,1,31,đều
U005,2026-04-01,508243,11461631,45214400,30,1,đều
U005,2026-04-02,339530,0,44874870,29,2,đều
U005,2026-04-03,417999,0,44456871,28,3,đều
U005,2026-04-04,212749,0,44244122,27,4,đều
U005,2026-04-05,389575,0,43854547,26,5,đều
U005,2026-04-06,178837,0,43675710,25,6,đều
U005,2026-04-07,395182,0,43280528,24,7,đều
U005,2026-04-08,296481,0,42984047,23,8,đều
U005,2026-04-09,345346,0,42638701,22,9,đều
U005,2026-04-10,172951,0,42465750,21,10,đều
U005,2026-04-11,193489,0,42272261,20,11,đều
U005,2026-04-12,351475,0,41920786,19,12,đều
U005,2026-04-13,189409,0,41731377,18,13,đều
U005,2026-04-14,333129,0,41398248,17,14,đều
U005,2026-04-15,160195,0,41238053,16,15,đều
U005,2026-04-16,388587,0,40849466,15,16,đều
U005,2026-04-17,169057,0,40680409,14,17,đều
U005,2026-04-18,345215,0,40335194,13,18,đều
U005,2026-04-19,355491,0,39979703,12,19,đều
U005,2026-04-20,209461,0,39770242,11,20,đều
U005,2026-04-21,349344,0,39420898,10,21,đều
U005,2026-04-22,307177,0,39113721,9,22,đều
U005,2026-04-23,223120,0,38890601,8,23,đều
U005,2026-04-24,184902,0,38705699,7,24,đều
U005,2026-04-25,126241,0,38579458,6,25,đều
U005,2026-04-26,318336,0,38261122,5,26,đều
U005,2026-04-27,148017,0,38113105,4,27,đều
U005,2026-04-28,287546,0,37825559,3,28,đều
U005,2026-04-29,249103,0,37576456,2,29,đều
U005,2026-04-30,363182,0,37213274,1,30,đều
U005,2026-05-01,245287,11461631,48429618,31,1,đều
U005,2026-05-02,242613,0,48187005,30,2,đều
U005,2026-05-03,370923,0,47816082,29,3,đều
U005,2026-05-04,316483,0,47499599,28,4,đều
U005,2026-05-05,314099,0,47185500,27,5,đều
U005,2026-05-06,333937,0,46851563,26,6,đều
U005,2026-05-07,149757,0,46701806,25,7,đều
U005,2026-05-08,374639,0,46327167,24,8,đều
U005,2026-05-09,353624,0,45973543,23,9,đều
U005,2026-05-10,184301,0,45789242,22,10,đều
U005,2026-05-11,251040,0,45538202,21,11,đều
U005,2026-05-12,272469,0,45265733,20,12,đều
U005,2026-05-13,262289,0,45003444,19,13,đều
U005,2026-05-14,316331,0,44687113,18,14,đều
U005,2026-05-15,490680,0,44196433,17,15,đều
U005,2026-05-16,426645,0,43769788,16,16,đều
U005,2026-05-17,163753,0,43606035,15,17,đều
U005,2026-05-18,354985,0,43251050,14,18,đều
U005,2026-05-19,470982,0,42780068,13,19,đều
U005,2026-05-20,323102,0,42456966,12,20,đều
U005,2026-05-21,428221,0,42028745,11,21,đều
U005,2026-05-22,619030,0,41409715,10,22,đều
U005,2026-05-23,416851,0,40992864,9,23,đều
U005,2026-05-24,305812,0,40687052,8,24,đều
U005,2026-05-25,420431,0,40266621,7,25,đều
U005,2026-05-26,293302,0,39973319,6,26,đều
U005,2026-05-27,279446,0,39693873,5,27,đều
U005,2026-05-28,240490,0,39453383,4,28,đều
U005,2026-05-29,517294,0,38936089,3,29,đều
U005,2026-05-30,199512,0,38736577,2,30,đều
U005,2026-05-31,510910,0,38225667,1,31,đều
U005,2026-06-01,338049,11461631,49349249,30,1,đều
U005,2026-06-02,158147,0,49191102,29,2,đều
U005,2026-06-03,320636,0,48870466,28,3,đều
U005,2026-06-04,119490,0,48750976,27,4,đều
U005,2026-06-05,355473,0,48395503,26,5,đều
U005,2026-06-06,394389,0,48001114,25,6,đều
U005,2026-06-07,218395,0,47782719,24,7,đều
U005,2026-06-08,290809,0,47491910,23,8,đều
U005,2026-06-09,604807,0,46887103,22,9,đều
U005,2026-06-10,226093,0,46661010,21,10,đều
U005,2026-06-11,181215,0,46479795,20,11,đều
U005,2026-06-12,500652,0,45979143,19,12,đều
U005,2026-06-13,606850,0,45372293,18,13,đều
U005,2026-06-14,277196,0,45095097,17,14,đều
U005,2026-06-15,414814,0,44680283,16,15,đều
U005,2026-06-16,473351,0,44206932,15,16,đều
U005,2026-06-17,205666,0,44001266,14,17,đều
U005,2026-06-18,227949,0,43773317,13,18,đều
U005,2026-06-19,452866,0,43320451,12,19,đều
U005,2026-06-20,543077,0,42777374,11,20,đều
U005,2026-06-21,346679,0,42430695,10,21,đều
U005,2026-06-22,194673,0,42236022,9,22,đều
U005,2026-06-23,612820,0,41623202,8,23,đều
U005,2026-06-24,223824,0,41399378,7,24,đều
U005,2026-06-25,242061,0,41157317,6,25,đều
U005,2026-06-26,317406,0,40839911,5,26,đều
U005,2026-06-27,515383,0,40324528,4,27,đều
U005,2026-06-28,389489,0,39935039,3,28,đều
U005,2026-06-29,326749,0,39608290,2,29,đều
U005,2026-06-30,333140,0,39275150,1,30,đều
U005,2026-07-01,281646,11461631,50455135,31,1,đều
U006,2025-01-01,661415,0,-661415,24,8,dồn đầu chu kỳ
U006,2025-01-02,562937,0,-1224352,23,9,dồn đầu chu kỳ
U006,2025-01-03,311225,0,-1535577,22,10,dồn đầu chu kỳ
U006,2025-01-04,554690,0,-2090267,21,11,dồn đầu chu kỳ
U006,2025-01-05,421418,0,-2511685,20,12,dồn đầu chu kỳ
U006,2025-01-06,886782,0,-3398467,19,13,dồn đầu chu kỳ
U006,2025-01-07,790720,0,-4189187,18,14,dồn đầu chu kỳ
U006,2025-01-08,334932,0,-4524119,17,15,dồn đầu chu kỳ
U006,2025-01-09,363018,0,-4887137,16,16,dồn đầu chu kỳ
U006,2025-01-10,356945,0,-5244082,15,17,dồn đầu chu kỳ
U006,2025-01-11,291922,0,-5536004,14,18,dồn đầu chu kỳ
U006,2025-01-12,358711,0,-5894715,13,19,dồn đầu chu kỳ
U006,2025-01-13,231742,0,-6126457,12,20,dồn đầu chu kỳ
U006,2025-01-14,188265,0,-6314722,11,21,dồn đầu chu kỳ
U006,2025-01-15,356616,0,-6671338,10,22,dồn đầu chu kỳ
U006,2025-01-16,334520,0,-7005858,9,23,dồn đầu chu kỳ
U006,2025-01-17,175511,0,-7181369,8,24,dồn đầu chu kỳ
U006,2025-01-18,320732,0,-7502101,7,25,dồn đầu chu kỳ
U006,2025-01-19,160205,0,-7662306,6,26,dồn đầu chu kỳ
U006,2025-01-20,208383,0,-7870689,5,27,dồn đầu chu kỳ
U006,2025-01-21,236551,0,-8107240,4,28,dồn đầu chu kỳ
U006,2025-01-22,150409,0,-8257649,3,29,dồn đầu chu kỳ
U006,2025-01-23,161343,0,-8418992,2,30,dồn đầu chu kỳ
U006,2025-01-24,94819,0,-8513811,1,31,dồn đầu chu kỳ
U006,2025-01-25,605141,19769913,10650961,31,1,dồn đầu chu kỳ
U006,2025-01-26,586355,0,10064606,30,2,dồn đầu chu kỳ
U006,2025-01-27,459006,0,9605600,29,3,dồn đầu chu kỳ
U006,2025-01-28,559795,0,9045805,28,4,dồn đầu chu kỳ
U006,2025-01-29,313729,0,8732076,27,5,dồn đầu chu kỳ
U006,2025-01-30,464175,0,8267901,26,6,dồn đầu chu kỳ
U006,2025-01-31,488096,0,7779805,25,7,dồn đầu chu kỳ
U006,2025-02-01,477543,0,7302262,24,8,dồn đầu chu kỳ
U006,2025-02-02,464073,0,6838189,23,9,dồn đầu chu kỳ
U006,2025-02-03,481168,0,6357021,22,10,dồn đầu chu kỳ
U006,2025-02-04,575741,0,5781280,21,11,dồn đầu chu kỳ
U006,2025-02-05,648863,0,5132417,20,12,dồn đầu chu kỳ
U006,2025-02-06,338831,0,4793586,19,13,dồn đầu chu kỳ
U006,2025-02-07,260462,0,4533124,18,14,dồn đầu chu kỳ
U006,2025-02-08,265983,0,4267141,17,15,dồn đầu chu kỳ
U006,2025-02-09,317319,0,3949822,16,16,dồn đầu chu kỳ
U006,2025-02-10,319383,0,3630439,15,17,dồn đầu chu kỳ
U006,2025-02-11,257019,0,3373420,14,18,dồn đầu chu kỳ
U006,2025-02-12,197563,0,3175857,13,19,dồn đầu chu kỳ
U006,2025-02-13,261514,0,2914343,12,20,dồn đầu chu kỳ
U006,2025-02-14,318196,0,2596147,11,21,dồn đầu chu kỳ
U006,2025-02-15,352689,0,2243458,10,22,dồn đầu chu kỳ
U006,2025-02-16,208078,0,2035380,9,23,dồn đầu chu kỳ
U006,2025-02-17,205249,0,1830131,8,24,dồn đầu chu kỳ
U006,2025-02-18,154746,0,1675385,7,25,dồn đầu chu kỳ
U006,2025-02-19,203671,0,1471714,6,26,dồn đầu chu kỳ
U006,2025-02-20,134121,0,1337593,5,27,dồn đầu chu kỳ
U006,2025-02-21,214279,0,1123314,4,28,dồn đầu chu kỳ
U006,2025-02-22,74623,0,1048691,3,29,dồn đầu chu kỳ
U006,2025-02-23,116488,0,932203,2,30,dồn đầu chu kỳ
U006,2025-02-24,131497,0,800706,1,31,dồn đầu chu kỳ
U006,2025-02-25,704566,19769913,19866053,28,1,dồn đầu chu kỳ
U006,2025-02-26,1869604,0,17996449,27,2,dồn đầu chu kỳ
U006,2025-02-27,711671,0,17284778,26,3,dồn đầu chu kỳ
U006,2025-02-28,402083,0,16882695,25,4,dồn đầu chu kỳ
U006,2025-03-01,561039,0,16321656,24,5,dồn đầu chu kỳ
U006,2025-03-02,277612,0,16044044,23,6,dồn đầu chu kỳ
U006,2025-03-03,529653,0,15514391,22,7,dồn đầu chu kỳ
U006,2025-03-04,379139,0,15135252,21,8,dồn đầu chu kỳ
U006,2025-03-05,737153,0,14398099,20,9,dồn đầu chu kỳ
U006,2025-03-06,395878,0,14002221,19,10,dồn đầu chu kỳ
U006,2025-03-07,453581,0,13548640,18,11,dồn đầu chu kỳ
U006,2025-03-08,354671,0,13193969,17,12,dồn đầu chu kỳ
U006,2025-03-09,880905,0,12313064,16,13,dồn đầu chu kỳ
U006,2025-03-10,370643,0,11942421,15,14,dồn đầu chu kỳ
U006,2025-03-11,839892,0,11102529,14,15,dồn đầu chu kỳ
U006,2025-03-12,534029,0,10568500,13,16,dồn đầu chu kỳ
U006,2025-03-13,445852,0,10122648,12,17,dồn đầu chu kỳ
U006,2025-03-14,405306,0,9717342,11,18,dồn đầu chu kỳ
U006,2025-03-15,388396,0,9328946,10,19,dồn đầu chu kỳ
U006,2025-03-16,145164,0,9183782,9,20,dồn đầu chu kỳ
U006,2025-03-17,264686,0,8919096,8,21,dồn đầu chu kỳ
U006,2025-03-18,389802,0,8529294,7,22,dồn đầu chu kỳ
U006,2025-03-19,255016,0,8274278,6,23,dồn đầu chu kỳ
U006,2025-03-20,138013,0,8136265,5,24,dồn đầu chu kỳ
U006,2025-03-21,219533,0,7916732,4,25,dồn đầu chu kỳ
U006,2025-03-22,407779,0,7508953,3,26,dồn đầu chu kỳ
U006,2025-03-23,310092,0,7198861,2,27,dồn đầu chu kỳ
U006,2025-03-24,166206,0,7032655,1,28,dồn đầu chu kỳ
U006,2025-03-25,957789,19769913,25844779,31,1,dồn đầu chu kỳ
U006,2025-03-26,549861,0,25294918,30,2,dồn đầu chu kỳ
U006,2025-03-27,312982,0,24981936,29,3,dồn đầu chu kỳ
U006,2025-03-28,415090,0,24566846,28,4,dồn đầu chu kỳ
U006,2025-03-29,1089127,0,23477719,27,5,dồn đầu chu kỳ
U006,2025-03-30,506298,0,22971421,26,6,dồn đầu chu kỳ
U006,2025-03-31,496264,0,22475157,25,7,dồn đầu chu kỳ
U006,2025-04-01,469276,0,22005881,24,8,dồn đầu chu kỳ
U006,2025-04-02,1094764,0,20911117,23,9,dồn đầu chu kỳ
U006,2025-04-03,945114,0,19966003,22,10,dồn đầu chu kỳ
U006,2025-04-04,1154465,0,18811538,21,11,dồn đầu chu kỳ
U006,2025-04-05,429146,0,18382392,20,12,dồn đầu chu kỳ
U006,2025-04-06,494555,0,17887837,19,13,dồn đầu chu kỳ
U006,2025-04-07,229770,0,17658067,18,14,dồn đầu chu kỳ
U006,2025-04-08,728527,0,16929540,17,15,dồn đầu chu kỳ
U006,2025-04-09,241695,0,16687845,16,16,dồn đầu chu kỳ
U006,2025-04-10,400964,0,16286881,15,17,dồn đầu chu kỳ
U006,2025-04-11,225479,0,16061402,14,18,dồn đầu chu kỳ
U006,2025-04-12,262161,0,15799241,13,19,dồn đầu chu kỳ
U006,2025-04-13,224535,0,15574706,12,20,dồn đầu chu kỳ
U006,2025-04-14,232048,0,15342658,11,21,dồn đầu chu kỳ
U006,2025-04-15,224063,0,15118595,10,22,dồn đầu chu kỳ
U006,2025-04-16,208842,0,14909753,9,23,dồn đầu chu kỳ
U006,2025-04-17,337903,0,14571850,8,24,dồn đầu chu kỳ
U006,2025-04-18,144102,0,14427748,7,25,dồn đầu chu kỳ
U006,2025-04-19,225270,0,14202478,6,26,dồn đầu chu kỳ
U006,2025-04-20,306524,0,13895954,5,27,dồn đầu chu kỳ
U006,2025-04-21,138760,0,13757194,4,28,dồn đầu chu kỳ
U006,2025-04-22,114392,0,13642802,3,29,dồn đầu chu kỳ
U006,2025-04-23,122662,0,13520140,2,30,dồn đầu chu kỳ
U006,2025-04-24,186873,0,13333267,1,31,dồn đầu chu kỳ
U006,2025-04-25,707467,19769913,32395713,30,1,dồn đầu chu kỳ
U006,2025-04-26,514802,0,31880911,29,2,dồn đầu chu kỳ
U006,2025-04-27,750880,0,31130031,28,3,dồn đầu chu kỳ
U006,2025-04-28,386590,0,30743441,27,4,dồn đầu chu kỳ
U006,2025-04-29,765493,0,29977948,26,5,dồn đầu chu kỳ
U006,2025-04-30,665252,0,29312696,25,6,dồn đầu chu kỳ
U006,2025-05-01,483639,0,28829057,24,7,dồn đầu chu kỳ
U006,2025-05-02,378302,0,28450755,23,8,dồn đầu chu kỳ
U006,2025-05-03,358514,0,28092241,22,9,dồn đầu chu kỳ
U006,2025-05-04,610848,0,27481393,21,10,dồn đầu chu kỳ
U006,2025-05-05,777025,0,26704368,20,11,dồn đầu chu kỳ
U006,2025-05-06,354423,0,26349945,19,12,dồn đầu chu kỳ
U006,2025-05-07,527824,0,25822121,18,13,dồn đầu chu kỳ
U006,2025-05-08,182897,0,25639224,17,14,dồn đầu chu kỳ
U006,2025-05-09,319387,0,25319837,16,15,dồn đầu chu kỳ
U006,2025-05-10,380835,0,24939002,15,16,dồn đầu chu kỳ
U006,2025-05-11,255517,0,24683485,14,17,dồn đầu chu kỳ
U006,2025-05-12,240459,0,24443026,13,18,dồn đầu chu kỳ
U006,2025-05-13,254015,0,24189011,12,19,dồn đầu chu kỳ
U006,2025-05-14,352769,0,23836242,11,20,dồn đầu chu kỳ
U006,2025-05-15,274559,0,23561683,10,21,dồn đầu chu kỳ
U006,2025-05-16,113555,0,23448128,9,22,dồn đầu chu kỳ
U006,2025-05-17,111342,0,23336786,8,23,dồn đầu chu kỳ
U006,2025-05-18,189935,0,23146851,7,24,dồn đầu chu kỳ
U006,2025-05-19,269223,0,22877628,6,25,dồn đầu chu kỳ
U006,2025-05-20,68723,0,22808905,5,26,dồn đầu chu kỳ
U006,2025-05-21,154195,0,22654710,4,27,dồn đầu chu kỳ
U006,2025-05-22,138038,0,22516672,3,28,dồn đầu chu kỳ
U006,2025-05-23,265639,0,22251033,2,29,dồn đầu chu kỳ
U006,2025-05-24,115311,0,22135722,1,30,dồn đầu chu kỳ
U006,2025-05-25,762989,19769913,41142646,31,1,dồn đầu chu kỳ
U006,2025-05-26,673691,0,40468955,30,2,dồn đầu chu kỳ
U006,2025-05-27,263873,0,40205082,29,3,dồn đầu chu kỳ
U006,2025-05-28,816939,0,39388143,28,4,dồn đầu chu kỳ
U006,2025-05-29,635324,0,38752819,27,5,dồn đầu chu kỳ
U006,2025-05-30,692308,0,38060511,26,6,dồn đầu chu kỳ
U006,2025-05-31,2630574,0,35429937,25,7,dồn đầu chu kỳ
U006,2025-06-01,229862,0,35200075,24,8,dồn đầu chu kỳ
U006,2025-06-02,1018940,0,34181135,23,9,dồn đầu chu kỳ
U006,2025-06-03,439634,0,33741501,22,10,dồn đầu chu kỳ
U006,2025-06-04,533155,0,33208346,21,11,dồn đầu chu kỳ
U006,2025-06-05,449084,0,32759262,20,12,dồn đầu chu kỳ
U006,2025-06-06,370819,0,32388443,19,13,dồn đầu chu kỳ
U006,2025-06-07,335561,0,32052882,18,14,dồn đầu chu kỳ
U006,2025-06-08,460381,0,31592501,17,15,dồn đầu chu kỳ
U006,2025-06-09,210171,0,31382330,16,16,dồn đầu chu kỳ
U006,2025-06-10,496405,0,30885925,15,17,dồn đầu chu kỳ
U006,2025-06-11,296093,0,30589832,14,18,dồn đầu chu kỳ
U006,2025-06-12,211131,0,30378701,13,19,dồn đầu chu kỳ
U006,2025-06-13,262154,0,30116547,12,20,dồn đầu chu kỳ
U006,2025-06-14,489290,0,29627257,11,21,dồn đầu chu kỳ
U006,2025-06-15,224403,0,29402854,10,22,dồn đầu chu kỳ
U006,2025-06-16,300145,0,29102709,9,23,dồn đầu chu kỳ
U006,2025-06-17,180737,0,28921972,8,24,dồn đầu chu kỳ
U006,2025-06-18,303576,0,28618396,7,25,dồn đầu chu kỳ
U006,2025-06-19,271316,0,28347080,6,26,dồn đầu chu kỳ
U006,2025-06-20,394475,0,27952605,5,27,dồn đầu chu kỳ
U006,2025-06-21,158825,0,27793780,4,28,dồn đầu chu kỳ
U006,2025-06-22,199191,0,27594589,3,29,dồn đầu chu kỳ
U006,2025-06-23,139891,0,27454698,2,30,dồn đầu chu kỳ
U006,2025-06-24,195759,0,27258939,1,31,dồn đầu chu kỳ
U006,2025-06-25,491035,19769913,46537817,30,1,dồn đầu chu kỳ
U006,2025-06-26,857714,0,45680103,29,2,dồn đầu chu kỳ
U006,2025-06-27,572387,0,45107716,28,3,dồn đầu chu kỳ
U006,2025-06-28,585582,0,44522134,27,4,dồn đầu chu kỳ
U006,2025-06-29,604666,0,43917468,26,5,dồn đầu chu kỳ
U006,2025-06-30,624917,0,43292551,25,6,dồn đầu chu kỳ
U006,2025-07-01,522158,0,42770393,24,7,dồn đầu chu kỳ
U006,2025-07-02,576521,0,42193872,23,8,dồn đầu chu kỳ
U006,2025-07-03,960916,0,41232956,22,9,dồn đầu chu kỳ
U006,2025-07-04,731503,0,40501453,21,10,dồn đầu chu kỳ
U006,2025-07-05,672863,0,39828590,20,11,dồn đầu chu kỳ
U006,2025-07-06,381152,0,39447438,19,12,dồn đầu chu kỳ
U006,2025-07-07,307881,0,39139557,18,13,dồn đầu chu kỳ
U006,2025-07-08,617609,0,38521948,17,14,dồn đầu chu kỳ
U006,2025-07-09,572876,0,37949072,16,15,dồn đầu chu kỳ
U006,2025-07-10,694962,0,37254110,15,16,dồn đầu chu kỳ
U006,2025-07-11,288752,0,36965358,14,17,dồn đầu chu kỳ
U006,2025-07-12,319045,0,36646313,13,18,dồn đầu chu kỳ
U006,2025-07-13,172210,0,36474103,12,19,dồn đầu chu kỳ
U006,2025-07-14,268258,0,36205845,11,20,dồn đầu chu kỳ
U006,2025-07-15,440859,0,35764986,10,21,dồn đầu chu kỳ
U006,2025-07-16,230668,0,35534318,9,22,dồn đầu chu kỳ
U006,2025-07-17,335988,0,35198330,8,23,dồn đầu chu kỳ
U006,2025-07-18,224354,0,34973976,7,24,dồn đầu chu kỳ
U006,2025-07-19,255210,0,34718766,6,25,dồn đầu chu kỳ
U006,2025-07-20,130322,0,34588444,5,26,dồn đầu chu kỳ
U006,2025-07-21,194843,0,34393601,4,27,dồn đầu chu kỳ
U006,2025-07-22,51500,0,34342101,3,28,dồn đầu chu kỳ
U006,2025-07-23,141464,0,34200637,2,29,dồn đầu chu kỳ
U006,2025-07-24,70067,0,34130570,1,30,dồn đầu chu kỳ
U006,2025-07-25,1060447,19769913,52840036,31,1,dồn đầu chu kỳ
U006,2025-07-26,868903,0,51971133,30,2,dồn đầu chu kỳ
U006,2025-07-27,745730,0,51225403,29,3,dồn đầu chu kỳ
U006,2025-07-28,1103987,0,50121416,28,4,dồn đầu chu kỳ
U006,2025-07-29,398780,0,49722636,27,5,dồn đầu chu kỳ
U006,2025-07-30,1136454,0,48586182,26,6,dồn đầu chu kỳ
U006,2025-07-31,794203,0,47791979,25,7,dồn đầu chu kỳ
U006,2025-08-01,481306,0,47310673,24,8,dồn đầu chu kỳ
U006,2025-08-02,805037,0,46505636,23,9,dồn đầu chu kỳ
U006,2025-08-03,316842,0,46188794,22,10,dồn đầu chu kỳ
U006,2025-08-04,341748,0,45847046,21,11,dồn đầu chu kỳ
U006,2025-08-05,358518,0,45488528,20,12,dồn đầu chu kỳ
U006,2025-08-06,355604,0,45132924,19,13,dồn đầu chu kỳ
U006,2025-08-07,276197,0,44856727,18,14,dồn đầu chu kỳ
U006,2025-08-08,658184,0,44198543,17,15,dồn đầu chu kỳ
U006,2025-08-09,347668,0,43850875,16,16,dồn đầu chu kỳ
U006,2025-08-10,423334,0,43427541,15,17,dồn đầu chu kỳ
U006,2025-08-11,278386,0,43149155,14,18,dồn đầu chu kỳ
U006,2025-08-12,160175,0,42988980,13,19,dồn đầu chu kỳ
U006,2025-08-13,349659,0,42639321,12,20,dồn đầu chu kỳ
U006,2025-08-14,137716,0,42501605,11,21,dồn đầu chu kỳ
U006,2025-08-15,270459,0,42231146,10,22,dồn đầu chu kỳ
U006,2025-08-16,150439,0,42080707,9,23,dồn đầu chu kỳ
U006,2025-08-17,536108,0,41544599,8,24,dồn đầu chu kỳ
U006,2025-08-18,322792,0,41221807,7,25,dồn đầu chu kỳ
U006,2025-08-19,215161,0,41006646,6,26,dồn đầu chu kỳ
U006,2025-08-20,312184,0,40694462,5,27,dồn đầu chu kỳ
U006,2025-08-21,121450,0,40573012,4,28,dồn đầu chu kỳ
U006,2025-08-22,189463,0,40383549,3,29,dồn đầu chu kỳ
U006,2025-08-23,145702,0,40237847,2,30,dồn đầu chu kỳ
U006,2025-08-24,129560,0,40108287,1,31,dồn đầu chu kỳ
U006,2025-08-25,1088972,19769913,58789228,31,1,dồn đầu chu kỳ
U006,2025-08-26,853431,0,57935797,30,2,dồn đầu chu kỳ
U006,2025-08-27,694495,0,57241302,29,3,dồn đầu chu kỳ
U006,2025-08-28,309924,0,56931378,28,4,dồn đầu chu kỳ
U006,2025-08-29,397008,0,56534370,27,5,dồn đầu chu kỳ
U006,2025-08-30,537882,0,55996488,26,6,dồn đầu chu kỳ
U006,2025-08-31,567824,0,55428664,25,7,dồn đầu chu kỳ
U006,2025-09-01,336650,0,55092014,24,8,dồn đầu chu kỳ
U006,2025-09-02,1341187,0,53750827,23,9,dồn đầu chu kỳ
U006,2025-09-03,904588,0,52846239,22,10,dồn đầu chu kỳ
U006,2025-09-04,604697,0,52241542,21,11,dồn đầu chu kỳ
U006,2025-09-05,470704,0,51770838,20,12,dồn đầu chu kỳ
U006,2025-09-06,403641,0,51367197,19,13,dồn đầu chu kỳ
U006,2025-09-07,288002,0,51079195,18,14,dồn đầu chu kỳ
U006,2025-09-08,416232,0,50662963,17,15,dồn đầu chu kỳ
U006,2025-09-09,427472,0,50235491,16,16,dồn đầu chu kỳ
U006,2025-09-10,223734,0,50011757,15,17,dồn đầu chu kỳ
U006,2025-09-11,399743,0,49612014,14,18,dồn đầu chu kỳ
U006,2025-09-12,311813,0,49300201,13,19,dồn đầu chu kỳ
U006,2025-09-13,146323,0,49153878,12,20,dồn đầu chu kỳ
U006,2025-09-14,209755,0,48944123,11,21,dồn đầu chu kỳ
U006,2025-09-15,235600,0,48708523,10,22,dồn đầu chu kỳ
U006,2025-09-16,553333,0,48155190,9,23,dồn đầu chu kỳ
U006,2025-09-17,302490,0,47852700,8,24,dồn đầu chu kỳ
U006,2025-09-18,131403,0,47721297,7,25,dồn đầu chu kỳ
U006,2025-09-19,250510,0,47470787,6,26,dồn đầu chu kỳ
U006,2025-09-20,101412,0,47369375,5,27,dồn đầu chu kỳ
U006,2025-09-21,262724,0,47106651,4,28,dồn đầu chu kỳ
U006,2025-09-22,126261,0,46980390,3,29,dồn đầu chu kỳ
U006,2025-09-23,129565,0,46850825,2,30,dồn đầu chu kỳ
U006,2025-09-24,198117,0,46652708,1,31,dồn đầu chu kỳ
U006,2025-09-25,391186,19769913,66031435,30,1,dồn đầu chu kỳ
U006,2025-09-26,364097,0,65667338,29,2,dồn đầu chu kỳ
U006,2025-09-27,489926,0,65177412,28,3,dồn đầu chu kỳ
U006,2025-09-28,910171,0,64267241,27,4,dồn đầu chu kỳ
U006,2025-09-29,317424,0,63949817,26,5,dồn đầu chu kỳ
U006,2025-09-30,181973,0,63767844,25,6,dồn đầu chu kỳ
U006,2025-10-01,456687,0,63311157,24,7,dồn đầu chu kỳ
U006,2025-10-02,659724,0,62651433,23,8,dồn đầu chu kỳ
U006,2025-10-03,826124,0,61825309,22,9,dồn đầu chu kỳ
U006,2025-10-04,409795,0,61415514,21,10,dồn đầu chu kỳ
U006,2025-10-05,403150,0,61012364,20,11,dồn đầu chu kỳ
U006,2025-10-06,725582,0,60286782,19,12,dồn đầu chu kỳ
U006,2025-10-07,207995,0,60078787,18,13,dồn đầu chu kỳ
U006,2025-10-08,360801,0,59717986,17,14,dồn đầu chu kỳ
U006,2025-10-09,435468,0,59282518,16,15,dồn đầu chu kỳ
U006,2025-10-10,461497,0,58821021,15,16,dồn đầu chu kỳ
U006,2025-10-11,299837,0,58521184,14,17,dồn đầu chu kỳ
U006,2025-10-12,354577,0,58166607,13,18,dồn đầu chu kỳ
U006,2025-10-13,122630,0,58043977,12,19,dồn đầu chu kỳ
U006,2025-10-14,241203,0,57802774,11,20,dồn đầu chu kỳ
U006,2025-10-15,354781,0,57447993,10,21,dồn đầu chu kỳ
U006,2025-10-16,187665,0,57260328,9,22,dồn đầu chu kỳ
U006,2025-10-17,266261,0,56994067,8,23,dồn đầu chu kỳ
U006,2025-10-18,289506,0,56704561,7,24,dồn đầu chu kỳ
U006,2025-10-19,195477,0,56509084,6,25,dồn đầu chu kỳ
U006,2025-10-20,220802,0,56288282,5,26,dồn đầu chu kỳ
U006,2025-10-21,128126,0,56160156,4,27,dồn đầu chu kỳ
U006,2025-10-22,156865,0,56003291,3,28,dồn đầu chu kỳ
U006,2025-10-23,194589,0,55808702,2,29,dồn đầu chu kỳ
U006,2025-10-24,143227,0,55665475,1,30,dồn đầu chu kỳ
U006,2025-10-25,517720,19769913,74917668,31,1,dồn đầu chu kỳ
U006,2025-10-26,696421,0,74221247,30,2,dồn đầu chu kỳ
U006,2025-10-27,823480,0,73397767,29,3,dồn đầu chu kỳ
U006,2025-10-28,264623,0,73133144,28,4,dồn đầu chu kỳ
U006,2025-10-29,926677,0,72206467,27,5,dồn đầu chu kỳ
U006,2025-10-30,493845,0,71712622,26,6,dồn đầu chu kỳ
U006,2025-10-31,648498,0,71064124,25,7,dồn đầu chu kỳ
U006,2025-11-01,854080,0,70210044,24,8,dồn đầu chu kỳ
U006,2025-11-02,295294,0,69914750,23,9,dồn đầu chu kỳ
U006,2025-11-03,371350,0,69543400,22,10,dồn đầu chu kỳ
U006,2025-11-04,423461,0,69119939,21,11,dồn đầu chu kỳ
U006,2025-11-05,334258,0,68785681,20,12,dồn đầu chu kỳ
U006,2025-11-06,879526,0,67906155,19,13,dồn đầu chu kỳ
U006,2025-11-07,299175,0,67606980,18,14,dồn đầu chu kỳ
U006,2025-11-08,323123,0,67283857,17,15,dồn đầu chu kỳ
U006,2025-11-09,418444,0,66865413,16,16,dồn đầu chu kỳ
U006,2025-11-10,227307,0,66638106,15,17,dồn đầu chu kỳ
U006,2025-11-11,298532,0,66339574,14,18,dồn đầu chu kỳ
U006,2025-11-12,376715,0,65962859,13,19,dồn đầu chu kỳ
U006,2025-11-13,274731,0,65688128,12,20,dồn đầu chu kỳ
U006,2025-11-14,285072,0,65403056,11,21,dồn đầu chu kỳ
U006,2025-11-15,224942,0,65178114,10,22,dồn đầu chu kỳ
U006,2025-11-16,141896,0,65036218,9,23,dồn đầu chu kỳ
U006,2025-11-17,275355,0,64760863,8,24,dồn đầu chu kỳ
U006,2025-11-18,452342,0,64308521,7,25,dồn đầu chu kỳ
U006,2025-11-19,207772,0,64100749,6,26,dồn đầu chu kỳ
U006,2025-11-20,206070,0,63894679,5,27,dồn đầu chu kỳ
U006,2025-11-21,224779,0,63669900,4,28,dồn đầu chu kỳ
U006,2025-11-22,91750,0,63578150,3,29,dồn đầu chu kỳ
U006,2025-11-23,265774,0,63312376,2,30,dồn đầu chu kỳ
U006,2025-11-24,126402,0,63185974,1,31,dồn đầu chu kỳ
U006,2025-11-25,1257387,19769913,81698500,30,1,dồn đầu chu kỳ
U006,2025-11-26,474877,0,81223623,29,2,dồn đầu chu kỳ
U006,2025-11-27,1280390,0,79943233,28,3,dồn đầu chu kỳ
U006,2025-11-28,819212,0,79124021,27,4,dồn đầu chu kỳ
U006,2025-11-29,727193,0,78396828,26,5,dồn đầu chu kỳ
U006,2025-11-30,620381,0,77776447,25,6,dồn đầu chu kỳ
U006,2025-12-01,495244,0,77281203,24,7,dồn đầu chu kỳ
U006,2025-12-02,855203,0,76426000,23,8,dồn đầu chu kỳ
U006,2025-12-03,540656,0,75885344,22,9,dồn đầu chu kỳ
U006,2025-12-04,224549,0,75660795,21,10,dồn đầu chu kỳ
U006,2025-12-05,303993,0,75356802,20,11,dồn đầu chu kỳ
U006,2025-12-06,424570,0,74932232,19,12,dồn đầu chu kỳ
U006,2025-12-07,497407,0,74434825,18,13,dồn đầu chu kỳ
U006,2025-12-08,412032,0,74022793,17,14,dồn đầu chu kỳ
U006,2025-12-09,657102,0,73365691,16,15,dồn đầu chu kỳ
U006,2025-12-10,176681,0,73189010,15,16,dồn đầu chu kỳ
U006,2025-12-11,389396,0,72799614,14,17,dồn đầu chu kỳ
U006,2025-12-12,169010,0,72630604,13,18,dồn đầu chu kỳ
U006,2025-12-13,449615,0,72180989,12,19,dồn đầu chu kỳ
U006,2025-12-14,302219,0,71878770,11,20,dồn đầu chu kỳ
U006,2025-12-15,350002,0,71528768,10,21,dồn đầu chu kỳ
U006,2025-12-16,196767,0,71332001,9,22,dồn đầu chu kỳ
U006,2025-12-17,433838,0,70898163,8,23,dồn đầu chu kỳ
U006,2025-12-18,367277,0,70530886,7,24,dồn đầu chu kỳ
U006,2025-12-19,283123,0,70247763,6,25,dồn đầu chu kỳ
U006,2025-12-20,195836,0,70051927,5,26,dồn đầu chu kỳ
U006,2025-12-21,237473,0,69814454,4,27,dồn đầu chu kỳ
U006,2025-12-22,128415,0,69686039,3,28,dồn đầu chu kỳ
U006,2025-12-23,214653,0,69471386,2,29,dồn đầu chu kỳ
U006,2025-12-24,260195,0,69211191,1,30,dồn đầu chu kỳ
U006,2025-12-25,1004547,19769913,87976557,31,1,dồn đầu chu kỳ
U006,2025-12-26,475529,0,87501028,30,2,dồn đầu chu kỳ
U006,2025-12-27,714985,0,86786043,29,3,dồn đầu chu kỳ
U006,2025-12-28,358176,0,86427867,28,4,dồn đầu chu kỳ
U006,2025-12-29,732843,0,85695024,27,5,dồn đầu chu kỳ
U006,2025-12-30,676522,0,85018502,26,6,dồn đầu chu kỳ
U006,2025-12-31,258924,0,84759578,25,7,dồn đầu chu kỳ
U006,2026-01-01,332424,0,84427154,24,8,dồn đầu chu kỳ
U006,2026-01-02,456407,0,83970747,23,9,dồn đầu chu kỳ
U006,2026-01-03,437282,0,83533465,22,10,dồn đầu chu kỳ
U006,2026-01-04,292976,0,83240489,21,11,dồn đầu chu kỳ
U006,2026-01-05,534326,0,82706163,20,12,dồn đầu chu kỳ
U006,2026-01-06,485898,0,82220265,19,13,dồn đầu chu kỳ
U006,2026-01-07,389954,0,81830311,18,14,dồn đầu chu kỳ
U006,2026-01-08,298251,0,81532060,17,15,dồn đầu chu kỳ
U006,2026-01-09,586558,0,80945502,16,16,dồn đầu chu kỳ
U006,2026-01-10,712887,0,80232615,15,17,dồn đầu chu kỳ
U006,2026-01-11,288220,0,79944395,14,18,dồn đầu chu kỳ
U006,2026-01-12,259729,0,79684666,13,19,dồn đầu chu kỳ
U006,2026-01-13,382000,0,79302666,12,20,dồn đầu chu kỳ
U006,2026-01-14,256437,0,79046229,11,21,dồn đầu chu kỳ
U006,2026-01-15,262911,0,78783318,10,22,dồn đầu chu kỳ
U006,2026-01-16,349585,0,78433733,9,23,dồn đầu chu kỳ
U006,2026-01-17,112808,0,78320925,8,24,dồn đầu chu kỳ
U006,2026-01-18,379853,0,77941072,7,25,dồn đầu chu kỳ
U006,2026-01-19,212333,0,77728739,6,26,dồn đầu chu kỳ
U006,2026-01-20,159735,0,77569004,5,27,dồn đầu chu kỳ
U006,2026-01-21,164405,0,77404599,4,28,dồn đầu chu kỳ
U006,2026-01-22,150171,0,77254428,3,29,dồn đầu chu kỳ
U006,2026-01-23,67300,0,77187128,2,30,dồn đầu chu kỳ
U006,2026-01-24,211985,0,76975143,1,31,dồn đầu chu kỳ
U006,2026-01-25,665526,19769913,96079530,31,1,dồn đầu chu kỳ
U006,2026-01-26,760115,0,95319415,30,2,dồn đầu chu kỳ
U006,2026-01-27,905344,0,94414071,29,3,dồn đầu chu kỳ
U006,2026-01-28,399341,0,94014730,28,4,dồn đầu chu kỳ
U006,2026-01-29,704413,0,93310317,27,5,dồn đầu chu kỳ
U006,2026-01-30,507586,0,92802731,26,6,dồn đầu chu kỳ
U006,2026-01-31,767525,0,92035206,25,7,dồn đầu chu kỳ
U006,2026-02-01,225932,0,91809274,24,8,dồn đầu chu kỳ
U006,2026-02-02,491274,0,91318000,23,9,dồn đầu chu kỳ
U006,2026-02-03,387530,0,90930470,22,10,dồn đầu chu kỳ
U006,2026-02-04,564977,0,90365493,21,11,dồn đầu chu kỳ
U006,2026-02-05,551936,0,89813557,20,12,dồn đầu chu kỳ
U006,2026-02-06,331079,0,89482478,19,13,dồn đầu chu kỳ
U006,2026-02-07,316989,0,89165489,18,14,dồn đầu chu kỳ
U006,2026-02-08,386057,0,88779432,17,15,dồn đầu chu kỳ
U006,2026-02-09,269382,0,88510050,16,16,dồn đầu chu kỳ
U006,2026-02-10,514890,0,87995160,15,17,dồn đầu chu kỳ
U006,2026-02-11,301710,0,87693450,14,18,dồn đầu chu kỳ
U006,2026-02-12,103722,0,87589728,13,19,dồn đầu chu kỳ
U006,2026-02-13,270158,0,87319570,12,20,dồn đầu chu kỳ
U006,2026-02-14,195328,0,87124242,11,21,dồn đầu chu kỳ
U006,2026-02-15,144758,0,86979484,10,22,dồn đầu chu kỳ
U006,2026-02-16,158525,0,86820959,9,23,dồn đầu chu kỳ
U006,2026-02-17,252949,0,86568010,8,24,dồn đầu chu kỳ
U006,2026-02-18,381427,0,86186583,7,25,dồn đầu chu kỳ
U006,2026-02-19,233774,0,85952809,6,26,dồn đầu chu kỳ
U006,2026-02-20,147748,0,85805061,5,27,dồn đầu chu kỳ
U006,2026-02-21,204463,0,85600598,4,28,dồn đầu chu kỳ
U006,2026-02-22,126870,0,85473728,3,29,dồn đầu chu kỳ
U006,2026-02-23,101880,0,85371848,2,30,dồn đầu chu kỳ
U006,2026-02-24,73464,0,85298384,1,31,dồn đầu chu kỳ
U006,2026-02-25,324835,19769913,104743462,28,1,dồn đầu chu kỳ
U006,2026-02-26,544735,0,104198727,27,2,dồn đầu chu kỳ
U006,2026-02-27,659127,0,103539600,26,3,dồn đầu chu kỳ
U006,2026-02-28,578033,0,102961567,25,4,dồn đầu chu kỳ
U006,2026-03-01,493533,0,102468034,24,5,dồn đầu chu kỳ
U006,2026-03-02,387000,0,102081034,23,6,dồn đầu chu kỳ
U006,2026-03-03,697680,0,101383354,22,7,dồn đầu chu kỳ
U006,2026-03-04,312396,0,101070958,21,8,dồn đầu chu kỳ
U006,2026-03-05,697185,0,100373773,20,9,dồn đầu chu kỳ
U006,2026-03-06,330311,0,100043462,19,10,dồn đầu chu kỳ
U006,2026-03-07,351745,0,99691717,18,11,dồn đầu chu kỳ
U006,2026-03-08,254347,0,99437370,17,12,dồn đầu chu kỳ
U006,2026-03-09,359548,0,99077822,16,13,dồn đầu chu kỳ
U006,2026-03-10,622573,0,98455249,15,14,dồn đầu chu kỳ
U006,2026-03-11,495963,0,97959286,14,15,dồn đầu chu kỳ
U006,2026-03-12,570297,0,97388989,13,16,dồn đầu chu kỳ
U006,2026-03-13,453057,0,96935932,12,17,dồn đầu chu kỳ
U006,2026-03-14,224906,0,96711026,11,18,dồn đầu chu kỳ
U006,2026-03-15,290671,0,96420355,10,19,dồn đầu chu kỳ
U006,2026-03-16,229719,0,96190636,9,20,dồn đầu chu kỳ
U006,2026-03-17,503874,0,95686762,8,21,dồn đầu chu kỳ
U006,2026-03-18,172235,0,95514527,7,22,dồn đầu chu kỳ
U006,2026-03-19,371803,0,95142724,6,23,dồn đầu chu kỳ
U006,2026-03-20,346058,0,94796666,5,24,dồn đầu chu kỳ
U006,2026-03-21,466059,0,94330607,4,25,dồn đầu chu kỳ
U006,2026-03-22,175074,0,94155533,3,26,dồn đầu chu kỳ
U006,2026-03-23,250395,0,93905138,2,27,dồn đầu chu kỳ
U006,2026-03-24,424405,0,93480733,1,28,dồn đầu chu kỳ
U006,2026-03-25,511318,19769913,112739328,31,1,dồn đầu chu kỳ
U006,2026-03-26,344555,0,112394773,30,2,dồn đầu chu kỳ
U006,2026-03-27,291690,0,112103083,29,3,dồn đầu chu kỳ
U006,2026-03-28,799004,0,111304079,28,4,dồn đầu chu kỳ
U006,2026-03-29,274435,0,111029644,27,5,dồn đầu chu kỳ
U006,2026-03-30,486772,0,110542872,26,6,dồn đầu chu kỳ
U006,2026-03-31,651572,0,109891300,25,7,dồn đầu chu kỳ
U006,2026-04-01,569749,0,109321551,24,8,dồn đầu chu kỳ
U006,2026-04-02,605962,0,108715589,23,9,dồn đầu chu kỳ
U006,2026-04-03,539066,0,108176523,22,10,dồn đầu chu kỳ
U006,2026-04-04,792686,0,107383837,21,11,dồn đầu chu kỳ
U006,2026-04-05,312463,0,107071374,20,12,dồn đầu chu kỳ
U006,2026-04-06,335161,0,106736213,19,13,dồn đầu chu kỳ
U006,2026-04-07,309412,0,106426801,18,14,dồn đầu chu kỳ
U006,2026-04-08,562464,0,105864337,17,15,dồn đầu chu kỳ
U006,2026-04-09,552773,0,105311564,16,16,dồn đầu chu kỳ
U006,2026-04-10,440386,0,104871178,15,17,dồn đầu chu kỳ
U006,2026-04-11,561464,0,104309714,14,18,dồn đầu chu kỳ
U006,2026-04-12,207118,0,104102596,13,19,dồn đầu chu kỳ
U006,2026-04-13,611446,0,103491150,12,20,dồn đầu chu kỳ
U006,2026-04-14,544241,0,102946909,11,21,dồn đầu chu kỳ
U006,2026-04-15,373092,0,102573817,10,22,dồn đầu chu kỳ
U006,2026-04-16,530385,0,102043432,9,23,dồn đầu chu kỳ
U006,2026-04-17,124808,0,101918624,8,24,dồn đầu chu kỳ
U006,2026-04-18,181760,0,101736864,7,25,dồn đầu chu kỳ
U006,2026-04-19,153694,0,101583170,6,26,dồn đầu chu kỳ
U006,2026-04-20,251314,0,101331856,5,27,dồn đầu chu kỳ
U006,2026-04-21,111941,0,101219915,4,28,dồn đầu chu kỳ
U006,2026-04-22,206397,0,101013518,3,29,dồn đầu chu kỳ
U006,2026-04-23,232724,0,100780794,2,30,dồn đầu chu kỳ
U006,2026-04-24,153949,0,100626845,1,31,dồn đầu chu kỳ
U006,2026-04-25,733295,19769913,119663463,30,1,dồn đầu chu kỳ
U006,2026-04-26,428855,0,119234608,29,2,dồn đầu chu kỳ
U006,2026-04-27,440960,0,118793648,28,3,dồn đầu chu kỳ
U006,2026-04-28,990420,0,117803228,27,4,dồn đầu chu kỳ
U006,2026-04-29,796093,0,117007135,26,5,dồn đầu chu kỳ
U006,2026-04-30,556193,0,116450942,25,6,dồn đầu chu kỳ
U006,2026-05-01,462802,0,115988140,24,7,dồn đầu chu kỳ
U006,2026-05-02,235286,0,115752854,23,8,dồn đầu chu kỳ
U006,2026-05-03,333052,0,115419802,22,9,dồn đầu chu kỳ
U006,2026-05-04,1059433,0,114360369,21,10,dồn đầu chu kỳ
U006,2026-05-05,284775,0,114075594,20,11,dồn đầu chu kỳ
U006,2026-05-06,493344,0,113582250,19,12,dồn đầu chu kỳ
U006,2026-05-07,657462,0,112924788,18,13,dồn đầu chu kỳ
U006,2026-05-08,255128,0,112669660,17,14,dồn đầu chu kỳ
U006,2026-05-09,434474,0,112235186,16,15,dồn đầu chu kỳ
U006,2026-05-10,561131,0,111674055,15,16,dồn đầu chu kỳ
U006,2026-05-11,369504,0,111304551,14,17,dồn đầu chu kỳ
U006,2026-05-12,1101592,0,110202959,13,18,dồn đầu chu kỳ
U006,2026-05-13,170216,0,110032743,12,19,dồn đầu chu kỳ
U006,2026-05-14,479349,0,109553394,11,20,dồn đầu chu kỳ
U006,2026-05-15,276159,0,109277235,10,21,dồn đầu chu kỳ
U006,2026-05-16,378548,0,108898687,9,22,dồn đầu chu kỳ
U006,2026-05-17,310259,0,108588428,8,23,dồn đầu chu kỳ
U006,2026-05-18,180578,0,108407850,7,24,dồn đầu chu kỳ
U006,2026-05-19,245688,0,108162162,6,25,dồn đầu chu kỳ
U006,2026-05-20,98094,0,108064068,5,26,dồn đầu chu kỳ
U006,2026-05-21,239705,0,107824363,4,27,dồn đầu chu kỳ
U006,2026-05-22,191961,0,107632402,3,28,dồn đầu chu kỳ
U006,2026-05-23,196815,0,107435587,2,29,dồn đầu chu kỳ
U006,2026-05-24,205385,0,107230202,1,30,dồn đầu chu kỳ
U006,2026-05-25,758313,19769913,126241802,31,1,dồn đầu chu kỳ
U006,2026-05-26,675534,0,125566268,30,2,dồn đầu chu kỳ
U006,2026-05-27,434966,0,125131302,29,3,dồn đầu chu kỳ
U006,2026-05-28,451869,0,124679433,28,4,dồn đầu chu kỳ
U006,2026-05-29,936987,0,123742446,27,5,dồn đầu chu kỳ
U006,2026-05-30,1003508,0,122738938,26,6,dồn đầu chu kỳ
U006,2026-05-31,497312,0,122241626,25,7,dồn đầu chu kỳ
U006,2026-06-01,538898,0,121702728,24,8,dồn đầu chu kỳ
U006,2026-06-02,355951,0,121346777,23,9,dồn đầu chu kỳ
U006,2026-06-03,788415,0,120558362,22,10,dồn đầu chu kỳ
U006,2026-06-04,620203,0,119938159,21,11,dồn đầu chu kỳ
U006,2026-06-05,994163,0,118943996,20,12,dồn đầu chu kỳ
U006,2026-06-06,309228,0,118634768,19,13,dồn đầu chu kỳ
U006,2026-06-07,362322,0,118272446,18,14,dồn đầu chu kỳ
U006,2026-06-08,442672,0,117829774,17,15,dồn đầu chu kỳ
U006,2026-06-09,499389,0,117330385,16,16,dồn đầu chu kỳ
U006,2026-06-10,337273,0,116993112,15,17,dồn đầu chu kỳ
U006,2026-06-11,246649,0,116746463,14,18,dồn đầu chu kỳ
U006,2026-06-12,472043,0,116274420,13,19,dồn đầu chu kỳ
U006,2026-06-13,418799,0,115855621,12,20,dồn đầu chu kỳ
U006,2026-06-14,205118,0,115650503,11,21,dồn đầu chu kỳ
U006,2026-06-15,478068,0,115172435,10,22,dồn đầu chu kỳ
U006,2026-06-16,415285,0,114757150,9,23,dồn đầu chu kỳ
U006,2026-06-17,255480,0,114501670,8,24,dồn đầu chu kỳ
U006,2026-06-18,231436,0,114270234,7,25,dồn đầu chu kỳ
U006,2026-06-19,257419,0,114012815,6,26,dồn đầu chu kỳ
U006,2026-06-20,133410,0,113879405,5,27,dồn đầu chu kỳ
U006,2026-06-21,172438,0,113706967,4,28,dồn đầu chu kỳ
U006,2026-06-22,64447,0,113642520,3,29,dồn đầu chu kỳ
U006,2026-06-23,190990,0,113451530,2,30,dồn đầu chu kỳ
U006,2026-06-24,62423,0,113389107,1,31,dồn đầu chu kỳ
U006,2026-06-25,1194420,19769913,131964600,30,1,dồn đầu chu kỳ
U006,2026-06-26,557923,0,131406677,29,2,dồn đầu chu kỳ
U006,2026-06-27,568515,0,130838162,28,3,dồn đầu chu kỳ
U006,2026-06-28,467401,0,130370761,27,4,dồn đầu chu kỳ
U006,2026-06-29,519445,0,129851316,26,5,dồn đầu chu kỳ
U006,2026-06-30,996387,0,128854929,25,6,dồn đầu chu kỳ
U006,2026-07-01,202217,0,128652712,24,7,dồn đầu chu kỳ
U007,2025-01-01,1219594,0,-1219594,24,8,đều
U007,2025-01-02,837730,0,-2057324,23,9,đều
U007,2025-01-03,451546,0,-2508870,22,10,đều
U007,2025-01-04,475973,0,-2984843,21,11,đều
U007,2025-01-05,1430879,0,-4415722,20,12,đều
U007,2025-01-06,501340,0,-4917062,19,13,đều
U007,2025-01-07,461345,0,-5378407,18,14,đều
U007,2025-01-08,1153334,0,-6531741,17,15,đều
U007,2025-01-09,837908,0,-7369649,16,16,đều
U007,2025-01-10,502862,0,-7872511,15,17,đều
U007,2025-01-11,798022,0,-8670533,14,18,đều
U007,2025-01-12,485503,0,-9156036,13,19,đều
U007,2025-01-13,1136621,0,-10292657,12,20,đều
U007,2025-01-14,1118826,0,-11411483,11,21,đều
U007,2025-01-15,905321,0,-12316804,10,22,đều
U007,2025-01-16,845689,0,-13162493,9,23,đều
U007,2025-01-17,1480244,0,-14642737,8,24,đều
U007,2025-01-18,731693,0,-15374430,7,25,đều
U007,2025-01-19,456111,0,-15830541,6,26,đều
U007,2025-01-20,875921,0,-16706462,5,27,đều
U007,2025-01-21,1685648,0,-18392110,4,28,đều
U007,2025-01-22,487643,0,-18879753,3,29,đều
U007,2025-01-23,633273,0,-19513026,2,30,đều
U007,2025-01-24,864426,0,-20377452,1,31,đều
U007,2025-01-25,716175,27472371,6378744,31,1,đều
U007,2025-01-26,494015,0,5884729,30,2,đều
U007,2025-01-27,1146226,0,4738503,29,3,đều
U007,2025-01-28,1851040,0,2887463,28,4,đều
U007,2025-01-29,791507,0,2095956,27,5,đều
U007,2025-01-30,509719,0,1586237,26,6,đều
U007,2025-01-31,393823,0,1192414,25,7,đều
U007,2025-02-01,811332,0,381082,24,8,đều
U007,2025-02-02,1138011,0,-756929,23,9,đều
U007,2025-02-03,884970,0,-1641899,22,10,đều
U007,2025-02-04,731082,0,-2372981,21,11,đều
U007,2025-02-05,578118,0,-2951099,20,12,đều
U007,2025-02-06,472776,0,-3423875,19,13,đều
U007,2025-02-07,1021868,0,-4445743,18,14,đều
U007,2025-02-08,1054683,0,-5500426,17,15,đều
U007,2025-02-09,394333,0,-5894759,16,16,đều
U007,2025-02-10,1382187,0,-7276946,15,17,đều
U007,2025-02-11,920682,0,-8197628,14,18,đều
U007,2025-02-12,1280908,0,-9478536,13,19,đều
U007,2025-02-13,427791,0,-9906327,12,20,đều
U007,2025-02-14,423756,0,-10330083,11,21,đều
U007,2025-02-15,689453,0,-11019536,10,22,đều
U007,2025-02-16,894800,0,-11914336,9,23,đều
U007,2025-02-17,1501217,0,-13415553,8,24,đều
U007,2025-02-18,970604,0,-14386157,7,25,đều
U007,2025-02-19,664088,0,-15050245,6,26,đều
U007,2025-02-20,485383,0,-15535628,5,27,đều
U007,2025-02-21,1196896,0,-16732524,4,28,đều
U007,2025-02-22,497504,0,-17230028,3,29,đều
U007,2025-02-23,1403710,0,-18633738,2,30,đều
U007,2025-02-24,653102,0,-19286840,1,31,đều
U007,2025-02-25,1382598,27472371,6802933,28,1,đều
U007,2025-02-26,960121,0,5842812,27,2,đều
U007,2025-02-27,692763,0,5150049,26,3,đều
U007,2025-02-28,594504,0,4555545,25,4,đều
U007,2025-03-01,638501,0,3917044,24,5,đều
U007,2025-03-02,868540,0,3048504,23,6,đều
U007,2025-03-03,754722,0,2293782,22,7,đều
U007,2025-03-04,577069,0,1716713,21,8,đều
U007,2025-03-05,684874,0,1031839,20,9,đều
U007,2025-03-06,755151,0,276688,19,10,đều
U007,2025-03-07,312309,0,-35621,18,11,đều
U007,2025-03-08,878973,0,-914594,17,12,đều
U007,2025-03-09,494525,0,-1409119,16,13,đều
U007,2025-03-10,461349,0,-1870468,15,14,đều
U007,2025-03-11,372616,0,-2243084,14,15,đều
U007,2025-03-12,357069,0,-2600153,13,16,đều
U007,2025-03-13,425518,0,-3025671,12,17,đều
U007,2025-03-14,551079,0,-3576750,11,18,đều
U007,2025-03-15,1598451,0,-5175201,10,19,đều
U007,2025-03-16,592965,0,-5768166,9,20,đều
U007,2025-03-17,785709,0,-6553875,8,21,đều
U007,2025-03-18,858923,0,-7412798,7,22,đều
U007,2025-03-19,771173,0,-8183971,6,23,đều
U007,2025-03-20,709464,0,-8893435,5,24,đều
U007,2025-03-21,453670,0,-9347105,4,25,đều
U007,2025-03-22,1307481,0,-10654586,3,26,đều
U007,2025-03-23,1507737,0,-12162323,2,27,đều
U007,2025-03-24,373315,0,-12535638,1,28,đều
U007,2025-03-25,485838,27472371,14450895,31,1,đều
U007,2025-03-26,654298,0,13796597,30,2,đều
U007,2025-03-27,497538,0,13299059,29,3,đều
U007,2025-03-28,895940,0,12403119,28,4,đều
U007,2025-03-29,546852,0,11856267,27,5,đều
U007,2025-03-30,1739772,0,10116495,26,6,đều
U007,2025-03-31,1178156,0,8938339,25,7,đều
U007,2025-04-01,796730,0,8141609,24,8,đều
U007,2025-04-02,1103543,0,7038066,23,9,đều
U007,2025-04-03,1138933,0,5899133,22,10,đều
U007,2025-04-04,584004,0,5315129,21,11,đều
U007,2025-04-05,527949,0,4787180,20,12,đều
U007,2025-04-06,755020,0,4032160,19,13,đều
U007,2025-04-07,1032916,0,2999244,18,14,đều
U007,2025-04-08,773643,0,2225601,17,15,đều
U007,2025-04-09,389432,0,1836169,16,16,đều
U007,2025-04-10,530785,0,1305384,15,17,đều
U007,2025-04-11,710449,0,594935,14,18,đều
U007,2025-04-12,709968,0,-115033,13,19,đều
U007,2025-04-13,1610828,0,-1725861,12,20,đều
U007,2025-04-14,420352,0,-2146213,11,21,đều
U007,2025-04-15,895805,0,-3042018,10,22,đều
U007,2025-04-16,1327605,0,-4369623,9,23,đều
U007,2025-04-17,1815410,0,-6185033,8,24,đều
U007,2025-04-18,622490,0,-6807523,7,25,đều
U007,2025-04-19,890745,0,-7698268,6,26,đều
U007,2025-04-20,919096,0,-8617364,5,27,đều
U007,2025-04-21,791302,0,-9408666,4,28,đều
U007,2025-04-22,703416,0,-10112082,3,29,đều
U007,2025-04-23,871205,0,-10983287,2,30,đều
U007,2025-04-24,265759,0,-11249046,1,31,đều
U007,2025-04-25,961327,27472371,15261998,30,1,đều
U007,2025-04-26,769667,0,14492331,29,2,đều
U007,2025-04-27,669477,0,13822854,28,3,đều
U007,2025-04-28,1659434,0,12163420,27,4,đều
U007,2025-04-29,558644,0,11604776,26,5,đều
U007,2025-04-30,622819,0,10981957,25,6,đều
U007,2025-05-01,1623124,0,9358833,24,7,đều
U007,2025-05-02,524614,0,8834219,23,8,đều
U007,2025-05-03,587244,0,8246975,22,9,đều
U007,2025-05-04,689990,0,7556985,21,10,đều
U007,2025-05-05,1024316,0,6532669,20,11,đều
U007,2025-05-06,795211,0,5737458,19,12,đều
U007,2025-05-07,436346,0,5301112,18,13,đều
U007,2025-05-08,591475,0,4709637,17,14,đều
U007,2025-05-09,573952,0,4135685,16,15,đều
U007,2025-05-10,709527,0,3426158,15,16,đều
U007,2025-05-11,867681,0,2558477,14,17,đều
U007,2025-05-12,865034,0,1693443,13,18,đều
U007,2025-05-13,359632,0,1333811,12,19,đều
U007,2025-05-14,1119977,0,213834,11,20,đều
U007,2025-05-15,809579,0,-595745,10,21,đều
U007,2025-05-16,1273214,0,-1868959,9,22,đều
U007,2025-05-17,874075,0,-2743034,8,23,đều
U007,2025-05-18,1136849,0,-3879883,7,24,đều
U007,2025-05-19,881923,0,-4761806,6,25,đều
U007,2025-05-20,1253854,0,-6015660,5,26,đều
U007,2025-05-21,901795,0,-6917455,4,27,đều
U007,2025-05-22,703678,0,-7621133,3,28,đều
U007,2025-05-23,1816125,0,-9437258,2,29,đều
U007,2025-05-24,1044299,0,-10481557,1,30,đều
U007,2025-05-25,920562,27472371,16070252,31,1,đều
U007,2025-05-26,439204,0,15631048,30,2,đều
U007,2025-05-27,437101,0,15193947,29,3,đều
U007,2025-05-28,822685,0,14371262,28,4,đều
U007,2025-05-29,775645,0,13595617,27,5,đều
U007,2025-05-30,572400,0,13023217,26,6,đều
U007,2025-05-31,774238,0,12248979,25,7,đều
U007,2025-06-01,1381517,0,10867462,24,8,đều
U007,2025-06-02,966468,0,9900994,23,9,đều
U007,2025-06-03,463628,0,9437366,22,10,đều
U007,2025-06-04,699862,0,8737504,21,11,đều
U007,2025-06-05,530330,0,8207174,20,12,đều
U007,2025-06-06,626662,0,7580512,19,13,đều
U007,2025-06-07,620199,0,6960313,18,14,đều
U007,2025-06-08,604516,0,6355797,17,15,đều
U007,2025-06-09,442939,0,5912858,16,16,đều
U007,2025-06-10,695357,0,5217501,15,17,đều
U007,2025-06-11,584785,0,4632716,14,18,đều
U007,2025-06-12,226718,0,4405998,13,19,đều
U007,2025-06-13,1663494,0,2742504,12,20,đều
U007,2025-06-14,1131155,0,1611349,11,21,đều
U007,2025-06-15,629526,0,981823,10,22,đều
U007,2025-06-16,737314,0,244509,9,23,đều
U007,2025-06-17,457980,0,-213471,8,24,đều
U007,2025-06-18,1441985,0,-1655456,7,25,đều
U007,2025-06-19,1563062,0,-3218518,6,26,đều
U007,2025-06-20,779119,0,-3997637,5,27,đều
U007,2025-06-21,1102019,0,-5099656,4,28,đều
U007,2025-06-22,784935,0,-5884591,3,29,đều
U007,2025-06-23,428717,0,-6313308,2,30,đều
U007,2025-06-24,620644,0,-6933952,1,31,đều
U007,2025-06-25,771439,27472371,19766980,30,1,đều
U007,2025-06-26,610127,0,19156853,29,2,đều
U007,2025-06-27,670501,0,18486352,28,3,đều
U007,2025-06-28,705514,0,17780838,27,4,đều
U007,2025-06-29,708490,0,17072348,26,5,đều
U007,2025-06-30,747243,0,16325105,25,6,đều
U007,2025-07-01,478782,0,15846323,24,7,đều
U007,2025-07-02,549320,0,15297003,23,8,đều
U007,2025-07-03,437752,0,14859251,22,9,đều
U007,2025-07-04,1082050,0,13777201,21,10,đều
U007,2025-07-05,315206,0,13461995,20,11,đều
U007,2025-07-06,1160868,0,12301127,19,12,đều
U007,2025-07-07,1274140,0,11026987,18,13,đều
U007,2025-07-08,648469,0,10378518,17,14,đều
U007,2025-07-09,258328,0,10120190,16,15,đều
U007,2025-07-10,633312,0,9486878,15,16,đều
U007,2025-07-11,713237,0,8773641,14,17,đều
U007,2025-07-12,488455,0,8285186,13,18,đều
U007,2025-07-13,595499,0,7689687,12,19,đều
U007,2025-07-14,1349602,0,6340085,11,20,đều
U007,2025-07-15,954758,0,5385327,10,21,đều
U007,2025-07-16,505557,0,4879770,9,22,đều
U007,2025-07-17,386235,0,4493535,8,23,đều
U007,2025-07-18,642059,0,3851476,7,24,đều
U007,2025-07-19,671896,0,3179580,6,25,đều
U007,2025-07-20,892446,0,2287134,5,26,đều
U007,2025-07-21,590731,0,1696403,4,27,đều
U007,2025-07-22,897925,0,798478,3,28,đều
U007,2025-07-23,1586917,0,-788439,2,29,đều
U007,2025-07-24,1014029,0,-1802468,1,30,đều
U007,2025-07-25,717843,27472371,24952060,31,1,đều
U007,2025-07-26,680091,0,24271969,30,2,đều
U007,2025-07-27,634487,0,23637482,29,3,đều
U007,2025-07-28,1173497,0,22463985,28,4,đều
U007,2025-07-29,569388,0,21894597,27,5,đều
U007,2025-07-30,745143,0,21149454,26,6,đều
U007,2025-07-31,746926,0,20402528,25,7,đều
U007,2025-08-01,598707,0,19803821,24,8,đều
U007,2025-08-02,422631,0,19381190,23,9,đều
U007,2025-08-03,832703,0,18548487,22,10,đều
U007,2025-08-04,714144,0,17834343,21,11,đều
U007,2025-08-05,893890,0,16940453,20,12,đều
U007,2025-08-06,591136,0,16349317,19,13,đều
U007,2025-08-07,1192510,0,15156807,18,14,đều
U007,2025-08-08,515314,0,14641493,17,15,đều
U007,2025-08-09,1451428,0,13190065,16,16,đều
U007,2025-08-10,363737,0,12826328,15,17,đều
U007,2025-08-11,870785,0,11955543,14,18,đều
U007,2025-08-12,885063,0,11070480,13,19,đều
U007,2025-08-13,532330,0,10538150,12,20,đều
U007,2025-08-14,867178,0,9670972,11,21,đều
U007,2025-08-15,1220840,0,8450132,10,22,đều
U007,2025-08-16,301497,0,8148635,9,23,đều
U007,2025-08-17,894786,0,7253849,8,24,đều
U007,2025-08-18,269934,0,6983915,7,25,đều
U007,2025-08-19,497314,0,6486601,6,26,đều
U007,2025-08-20,1404102,0,5082499,5,27,đều
U007,2025-08-21,579853,0,4502646,4,28,đều
U007,2025-08-22,457572,0,4045074,3,29,đều
U007,2025-08-23,676080,0,3368994,2,30,đều
U007,2025-08-24,1673461,0,1695533,1,31,đều
U007,2025-08-25,351712,27472371,28816192,31,1,đều
U007,2025-08-26,480565,0,28335627,30,2,đều
U007,2025-08-27,1332030,0,27003597,29,3,đều
U007,2025-08-28,1538507,0,25465090,28,4,đều
U007,2025-08-29,702127,0,24762963,27,5,đều
U007,2025-08-30,445798,0,24317165,26,6,đều
U007,2025-08-31,1692267,0,22624898,25,7,đều
U007,2025-09-01,1384735,0,21240163,24,8,đều
U007,2025-09-02,960127,0,20280036,23,9,đều
U007,2025-09-03,528755,0,19751281,22,10,đều
U007,2025-09-04,717573,0,19033708,21,11,đều
U007,2025-09-05,686319,0,18347389,20,12,đều
U007,2025-09-06,835330,0,17512059,19,13,đều
U007,2025-09-07,1307520,0,16204539,18,14,đều
U007,2025-09-08,1040289,0,15164250,17,15,đều
U007,2025-09-09,475581,0,14688669,16,16,đều
U007,2025-09-10,1269128,0,13419541,15,17,đều
U007,2025-09-11,829431,0,12590110,14,18,đều
U007,2025-09-12,963250,0,11626860,13,19,đều
U007,2025-09-13,1315672,0,10311188,12,20,đều
U007,2025-09-14,469118,0,9842070,11,21,đều
U007,2025-09-15,721373,0,9120697,10,22,đều
U007,2025-09-16,591644,0,8529053,9,23,đều
U007,2025-09-17,390857,0,8138196,8,24,đều
U007,2025-09-18,840646,0,7297550,7,25,đều
U007,2025-09-19,1998414,0,5299136,6,26,đều
U007,2025-09-20,350533,0,4948603,5,27,đều
U007,2025-09-21,722397,0,4226206,4,28,đều
U007,2025-09-22,945491,0,3280715,3,29,đều
U007,2025-09-23,768713,0,2512002,2,30,đều
U007,2025-09-24,699409,0,1812593,1,31,đều
U007,2025-09-25,435198,27472371,28849766,30,1,đều
U007,2025-09-26,803198,0,28046568,29,2,đều
U007,2025-09-27,540655,0,27505913,28,3,đều
U007,2025-09-28,304758,0,27201155,27,4,đều
U007,2025-09-29,1180064,0,26021091,26,5,đều
U007,2025-09-30,1073673,0,24947418,25,6,đều
U007,2025-10-01,747064,0,24200354,24,7,đều
U007,2025-10-02,802006,0,23398348,23,8,đều
U007,2025-10-03,1124635,0,22273713,22,9,đều
U007,2025-10-04,800489,0,21473224,21,10,đều
U007,2025-10-05,1050576,0,20422648,20,11,đều
U007,2025-10-06,649689,0,19772959,19,12,đều
U007,2025-10-07,1236797,0,18536162,18,13,đều
U007,2025-10-08,831974,0,17704188,17,14,đều
U007,2025-10-09,790849,0,16913339,16,15,đều
U007,2025-10-10,440303,0,16473036,15,16,đều
U007,2025-10-11,820791,0,15652245,14,17,đều
U007,2025-10-12,524636,0,15127609,13,18,đều
U007,2025-10-13,566895,0,14560714,12,19,đều
U007,2025-10-14,528127,0,14032587,11,20,đều
U007,2025-10-15,477705,0,13554882,10,21,đều
U007,2025-10-16,1711962,0,11842920,9,22,đều
U007,2025-10-17,1246410,0,10596510,8,23,đều
U007,2025-10-18,1577559,0,9018951,7,24,đều
U007,2025-10-19,448688,0,8570263,6,25,đều
U007,2025-10-20,752942,0,7817321,5,26,đều
U007,2025-10-21,436193,0,7381128,4,27,đều
U007,2025-10-22,554024,0,6827104,3,28,đều
U007,2025-10-23,506861,0,6320243,2,29,đều
U007,2025-10-24,1201493,0,5118750,1,30,đều
U007,2025-10-25,624527,27472371,31966594,31,1,đều
U007,2025-10-26,1121967,0,30844627,30,2,đều
U007,2025-10-27,931816,0,29912811,29,3,đều
U007,2025-10-28,1838936,0,28073875,28,4,đều
U007,2025-10-29,404928,0,27668947,27,5,đều
U007,2025-10-30,1210974,0,26457973,26,6,đều
U007,2025-10-31,1157552,0,25300421,25,7,đều
U007,2025-11-01,495781,0,24804640,24,8,đều
U007,2025-11-02,1094814,0,23709826,23,9,đều
U007,2025-11-03,837101,0,22872725,22,10,đều
U007,2025-11-04,668139,0,22204586,21,11,đều
U007,2025-11-05,526322,0,21678264,20,12,đều
U007,2025-11-06,548860,0,21129404,19,13,đều
U007,2025-11-07,1661393,0,19468011,18,14,đều
U007,2025-11-08,731985,0,18736026,17,15,đều
U007,2025-11-09,1000584,0,17735442,16,16,đều
U007,2025-11-10,533323,0,17202119,15,17,đều
U007,2025-11-11,535685,0,16666434,14,18,đều
U007,2025-11-12,1128089,0,15538345,13,19,đều
U007,2025-11-13,426519,0,15111826,12,20,đều
U007,2025-11-14,619803,0,14492023,11,21,đều
U007,2025-11-15,741813,0,13750210,10,22,đều
U007,2025-11-16,765122,0,12985088,9,23,đều
U007,2025-11-17,681196,0,12303892,8,24,đều
U007,2025-11-18,857323,0,11446569,7,25,đều
U007,2025-11-19,965484,0,10481085,6,26,đều
U007,2025-11-20,981755,0,9499330,5,27,đều
U007,2025-11-21,493324,0,9006006,4,28,đều
U007,2025-11-22,653162,0,8352844,3,29,đều
U007,2025-11-23,1180144,0,7172700,2,30,đều
U007,2025-11-24,1046646,0,6126054,1,31,đều
U007,2025-11-25,422565,27472371,33175860,30,1,đều
U007,2025-11-26,842252,0,32333608,29,2,đều
U007,2025-11-27,331689,0,32001919,28,3,đều
U007,2025-11-28,745653,0,31256266,27,4,đều
U007,2025-11-29,1563361,0,29692905,26,5,đều
U007,2025-11-30,500862,0,29192043,25,6,đều
U007,2025-12-01,524139,0,28667904,24,7,đều
U007,2025-12-02,993365,0,27674539,23,8,đều
U007,2025-12-03,394795,0,27279744,22,9,đều
U007,2025-12-04,568150,0,26711594,21,10,đều
U007,2025-12-05,928958,0,25782636,20,11,đều
U007,2025-12-06,567802,0,25214834,19,12,đều
U007,2025-12-07,665873,0,24548961,18,13,đều
U007,2025-12-08,985512,0,23563449,17,14,đều
U007,2025-12-09,866191,0,22697258,16,15,đều
U007,2025-12-10,814207,0,21883051,15,16,đều
U007,2025-12-11,638957,0,21244094,14,17,đều
U007,2025-12-12,848535,0,20395559,13,18,đều
U007,2025-12-13,696448,0,19699111,12,19,đều
U007,2025-12-14,878845,0,18820266,11,20,đều
U007,2025-12-15,599871,0,18220395,10,21,đều
U007,2025-12-16,680249,0,17540146,9,22,đều
U007,2025-12-17,492505,0,17047641,8,23,đều
U007,2025-12-18,721609,0,16326032,7,24,đều
U007,2025-12-19,529052,0,15796980,6,25,đều
U007,2025-12-20,468656,0,15328324,5,26,đều
U007,2025-12-21,811554,0,14516770,4,27,đều
U007,2025-12-22,796783,0,13719987,3,28,đều
U007,2025-12-23,1000881,0,12719106,2,29,đều
U007,2025-12-24,615870,0,12103236,1,30,đều
U007,2025-12-25,861528,27472371,38714079,31,1,đều
U007,2025-12-26,912151,0,37801928,30,2,đều
U007,2025-12-27,874276,0,36927652,29,3,đều
U007,2025-12-28,525960,0,36401692,28,4,đều
U007,2025-12-29,776838,0,35624854,27,5,đều
U007,2025-12-30,846528,0,34778326,26,6,đều
U007,2025-12-31,733889,0,34044437,25,7,đều
U007,2026-01-01,317633,0,33726804,24,8,đều
U007,2026-01-02,780303,0,32946501,23,9,đều
U007,2026-01-03,1773126,0,31173375,22,10,đều
U007,2026-01-04,633634,0,30539741,21,11,đều
U007,2026-01-05,546894,0,29992847,20,12,đều
U007,2026-01-06,849651,0,29143196,19,13,đều
U007,2026-01-07,829181,0,28314015,18,14,đều
U007,2026-01-08,1179187,0,27134828,17,15,đều
U007,2026-01-09,442455,0,26692373,16,16,đều
U007,2026-01-10,980477,0,25711896,15,17,đều
U007,2026-01-11,926724,0,24785172,14,18,đều
U007,2026-01-12,691338,0,24093834,13,19,đều
U007,2026-01-13,837953,0,23255881,12,20,đều
U007,2026-01-14,1104634,0,22151247,11,21,đều
U007,2026-01-15,1037338,0,21113909,10,22,đều
U007,2026-01-16,463256,0,20650653,9,23,đều
U007,2026-01-17,1015920,0,19634733,8,24,đều
U007,2026-01-18,713093,0,18921640,7,25,đều
U007,2026-01-19,753430,0,18168210,6,26,đều
U007,2026-01-20,753528,0,17414682,5,27,đều
U007,2026-01-21,689102,0,16725580,4,28,đều
U007,2026-01-22,1178703,0,15546877,3,29,đều
U007,2026-01-23,707685,0,14839192,2,30,đều
U007,2026-01-24,467626,0,14371566,1,31,đều
U007,2026-01-25,625202,27472371,41218735,31,1,đều
U007,2026-01-26,786006,0,40432729,30,2,đều
U007,2026-01-27,1196520,0,39236209,29,3,đều
U007,2026-01-28,931433,0,38304776,28,4,đều
U007,2026-01-29,520751,0,37784025,27,5,đều
U007,2026-01-30,1977449,0,35806576,26,6,đều
U007,2026-01-31,813541,0,34993035,25,7,đều
U007,2026-02-01,1218826,0,33774209,24,8,đều
U007,2026-02-02,688697,0,33085512,23,9,đều
U007,2026-02-03,905811,0,32179701,22,10,đều
U007,2026-02-04,1023798,0,31155903,21,11,đều
U007,2026-02-05,1191257,0,29964646,20,12,đều
U007,2026-02-06,1117036,0,28847610,19,13,đều
U007,2026-02-07,1037289,0,27810321,18,14,đều
U007,2026-02-08,645130,0,27165191,17,15,đều
U007,2026-02-09,582185,0,26583006,16,16,đều
U007,2026-02-10,835917,0,25747089,15,17,đều
U007,2026-02-11,1062881,0,24684208,14,18,đều
U007,2026-02-12,669411,0,24014797,13,19,đều
U007,2026-02-13,1120528,0,22894269,12,20,đều
U007,2026-02-14,1308365,0,21585904,11,21,đều
U007,2026-02-15,507227,0,21078677,10,22,đều
U007,2026-02-16,523595,0,20555082,9,23,đều
U007,2026-02-17,691828,0,19863254,8,24,đều
U007,2026-02-18,827602,0,19035652,7,25,đều
U007,2026-02-19,593276,0,18442376,6,26,đều
U007,2026-02-20,1256855,0,17185521,5,27,đều
U007,2026-02-21,867065,0,16318456,4,28,đều
U007,2026-02-22,743423,0,15575033,3,29,đều
U007,2026-02-23,412041,0,15162992,2,30,đều
U007,2026-02-24,432318,0,14730674,1,31,đều
U007,2026-02-25,818841,27472371,41384204,28,1,đều
U007,2026-02-26,311827,0,41072377,27,2,đều
U007,2026-02-27,1097227,0,39975150,26,3,đều
U007,2026-02-28,686925,0,39288225,25,4,đều
U007,2026-03-01,2677728,0,36610497,24,5,đều
U007,2026-03-02,1842085,0,34768412,23,6,đều
U007,2026-03-03,680554,0,34087858,22,7,đều
U007,2026-03-04,701311,0,33386547,21,8,đều
U007,2026-03-05,1089767,0,32296780,20,9,đều
U007,2026-03-06,1446288,0,30850492,19,10,đều
U007,2026-03-07,380039,0,30470453,18,11,đều
U007,2026-03-08,358145,0,30112308,17,12,đều
U007,2026-03-09,570591,0,29541717,16,13,đều
U007,2026-03-10,923880,0,28617837,15,14,đều
U007,2026-03-11,892687,0,27725150,14,15,đều
U007,2026-03-12,1122592,0,26602558,13,16,đều
U007,2026-03-13,452871,0,26149687,12,17,đều
U007,2026-03-14,289753,0,25859934,11,18,đều
U007,2026-03-15,1031421,0,24828513,10,19,đều
U007,2026-03-16,525425,0,24303088,9,20,đều
U007,2026-03-17,326390,0,23976698,8,21,đều
U007,2026-03-18,775503,0,23201195,7,22,đều
U007,2026-03-19,1005014,0,22196181,6,23,đều
U007,2026-03-20,696915,0,21499266,5,24,đều
U007,2026-03-21,609322,0,20889944,4,25,đều
U007,2026-03-22,686593,0,20203351,3,26,đều
U007,2026-03-23,630967,0,19572384,2,27,đều
U007,2026-03-24,426780,0,19145604,1,28,đều
U007,2026-03-25,549833,27472371,46068142,31,1,đều
U007,2026-03-26,901445,0,45166697,30,2,đều
U007,2026-03-27,832271,0,44334426,29,3,đều
U007,2026-03-28,782670,0,43551756,28,4,đều
U007,2026-03-29,491483,0,43060273,27,5,đều
U007,2026-03-30,680539,0,42379734,26,6,đều
U007,2026-03-31,306329,0,42073405,25,7,đều
U007,2026-04-01,785938,0,41287467,24,8,đều
U007,2026-04-02,1295990,0,39991477,23,9,đều
U007,2026-04-03,405789,0,39585688,22,10,đều
U007,2026-04-04,578892,0,39006796,21,11,đều
U007,2026-04-05,834748,0,38172048,20,12,đều
U007,2026-04-06,1207882,0,36964166,19,13,đều
U007,2026-04-07,611672,0,36352494,18,14,đều
U007,2026-04-08,554788,0,35797706,17,15,đều
U007,2026-04-09,332925,0,35464781,16,16,đều
U007,2026-04-10,762698,0,34702083,15,17,đều
U007,2026-04-11,1656260,0,33045823,14,18,đều
U007,2026-04-12,817647,0,32228176,13,19,đều
U007,2026-04-13,725293,0,31502883,12,20,đều
U007,2026-04-14,832405,0,30670478,11,21,đều
U007,2026-04-15,728545,0,29941933,10,22,đều
U007,2026-04-16,528626,0,29413307,9,23,đều
U007,2026-04-17,1017190,0,28396117,8,24,đều
U007,2026-04-18,800944,0,27595173,7,25,đều
U007,2026-04-19,736959,0,26858214,6,26,đều
U007,2026-04-20,495388,0,26362826,5,27,đều
U007,2026-04-21,1232611,0,25130215,4,28,đều
U007,2026-04-22,954672,0,24175543,3,29,đều
U007,2026-04-23,586585,0,23588958,2,30,đều
U007,2026-04-24,1092492,0,22496466,1,31,đều
U007,2026-04-25,599717,27472371,49369120,30,1,đều
U007,2026-04-26,535224,0,48833896,29,2,đều
U007,2026-04-27,540020,0,48293876,28,3,đều
U007,2026-04-28,360344,0,47933532,27,4,đều
U007,2026-04-29,883688,0,47049844,26,5,đều
U007,2026-04-30,351788,0,46698056,25,6,đều
U007,2026-05-01,447694,0,46250362,24,7,đều
U007,2026-05-02,319019,0,45931343,23,8,đều
U007,2026-05-03,707020,0,45224323,22,9,đều
U007,2026-05-04,689081,0,44535242,21,10,đều
U007,2026-05-05,642141,0,43893101,20,11,đều
U007,2026-05-06,482247,0,43410854,19,12,đều
U007,2026-05-07,457874,0,42952980,18,13,đều
U007,2026-05-08,881156,0,42071824,17,14,đều
U007,2026-05-09,587142,0,41484682,16,15,đều
U007,2026-05-10,830502,0,40654180,15,16,đều
U007,2026-05-11,513570,0,40140610,14,17,đều
U007,2026-05-12,786751,0,39353859,13,18,đều
U007,2026-05-13,1232498,0,38121361,12,19,đều
U007,2026-05-14,925147,0,37196214,11,20,đều
U007,2026-05-15,620497,0,36575717,10,21,đều
U007,2026-05-16,811080,0,35764637,9,22,đều
U007,2026-05-17,664623,0,35100014,8,23,đều
U007,2026-05-18,734095,0,34365919,7,24,đều
U007,2026-05-19,642420,0,33723499,6,25,đều
U007,2026-05-20,685229,0,33038270,5,26,đều
U007,2026-05-21,796577,0,32241693,4,27,đều
U007,2026-05-22,491835,0,31749858,3,28,đều
U007,2026-05-23,487424,0,31262434,2,29,đều
U007,2026-05-24,419922,0,30842512,1,30,đều
U007,2026-05-25,385823,27472371,57929060,31,1,đều
U007,2026-05-26,449697,0,57479363,30,2,đều
U007,2026-05-27,779983,0,56699380,29,3,đều
U007,2026-05-28,512024,0,56187356,28,4,đều
U007,2026-05-29,898685,0,55288671,27,5,đều
U007,2026-05-30,742017,0,54546654,26,6,đều
U007,2026-05-31,332981,0,54213673,25,7,đều
U007,2026-06-01,950965,0,53262708,24,8,đều
U007,2026-06-02,1012124,0,52250584,23,9,đều
U007,2026-06-03,491736,0,51758848,22,10,đều
U007,2026-06-04,865722,0,50893126,21,11,đều
U007,2026-06-05,519511,0,50373615,20,12,đều
U007,2026-06-06,760940,0,49612675,19,13,đều
U007,2026-06-07,441283,0,49171392,18,14,đều
U007,2026-06-08,357182,0,48814210,17,15,đều
U007,2026-06-09,627887,0,48186323,16,16,đều
U007,2026-06-10,696449,0,47489874,15,17,đều
U007,2026-06-11,624165,0,46865709,14,18,đều
U007,2026-06-12,455718,0,46409991,13,19,đều
U007,2026-06-13,623611,0,45786380,12,20,đều
U007,2026-06-14,815013,0,44971367,11,21,đều
U007,2026-06-15,718761,0,44252606,10,22,đều
U007,2026-06-16,787204,0,43465402,9,23,đều
U007,2026-06-17,559722,0,42905680,8,24,đều
U007,2026-06-18,1169316,0,41736364,7,25,đều
U007,2026-06-19,457153,0,41279211,6,26,đều
U007,2026-06-20,889368,0,40389843,5,27,đều
U007,2026-06-21,1174084,0,39215759,4,28,đều
U007,2026-06-22,887004,0,38328755,3,29,đều
U007,2026-06-23,674841,0,37653914,2,30,đều
U007,2026-06-24,592392,0,37061522,1,31,đều
U007,2026-06-25,1107568,27472371,63426325,30,1,đều
U007,2026-06-26,414178,0,63012147,29,2,đều
U007,2026-06-27,496427,0,62515720,28,3,đều
U007,2026-06-28,624196,0,61891524,27,4,đều
U007,2026-06-29,1200566,0,60690958,26,5,đều
U007,2026-06-30,851836,0,59839122,25,6,đều
U007,2026-07-01,496840,0,59342282,24,7,đều
U008,2025-01-01,265631,13933764,13668133,31,1,bất thường
U008,2025-01-02,444872,0,13223261,30,2,bất thường
U008,2025-01-03,173735,0,13049526,29,3,bất thường
U008,2025-01-04,572346,0,12477180,28,4,bất thường
U008,2025-01-05,418854,0,12058326,27,5,bất thường
U008,2025-01-06,465250,0,11593076,26,6,bất thường
U008,2025-01-07,249899,0,11343177,25,7,bất thường
U008,2025-01-08,283229,0,11059948,24,8,bất thường
U008,2025-01-09,169520,0,10890428,23,9,bất thường
U008,2025-01-10,243804,0,10646624,22,10,bất thường
U008,2025-01-11,366388,0,10280236,21,11,bất thường
U008,2025-01-12,505049,0,9775187,20,12,bất thường
U008,2025-01-13,193131,0,9582056,19,13,bất thường
U008,2025-01-14,259830,0,9322226,18,14,bất thường
U008,2025-01-15,283075,0,9039151,17,15,bất thường
U008,2025-01-16,172072,0,8867079,16,16,bất thường
U008,2025-01-17,380989,0,8486090,15,17,bất thường
U008,2025-01-18,225120,0,8260970,14,18,bất thường
U008,2025-01-19,278126,0,7982844,13,19,bất thường
U008,2025-01-20,251000,0,7731844,12,20,bất thường
U008,2025-01-21,219312,0,7512532,11,21,bất thường
U008,2025-01-22,299889,0,7212643,10,22,bất thường
U008,2025-01-23,275886,0,6936757,9,23,bất thường
U008,2025-01-24,259171,0,6677586,8,24,bất thường
U008,2025-01-25,224718,0,6452868,7,25,bất thường
U008,2025-01-26,341737,0,6111131,6,26,bất thường
U008,2025-01-27,582703,0,5528428,5,27,bất thường
U008,2025-01-28,318043,0,5210385,4,28,bất thường
U008,2025-01-29,447949,0,4762436,3,29,bất thường
U008,2025-01-30,172456,0,4589980,2,30,bất thường
U008,2025-01-31,320325,0,4269655,1,31,bất thường
U008,2025-02-01,193889,13933764,18009530,28,1,bất thường
U008,2025-02-02,166578,0,17842952,27,2,bất thường
U008,2025-02-03,223740,0,17619212,26,3,bất thường
U008,2025-02-04,484439,0,17134773,25,4,bất thường
U008,2025-02-05,439764,0,16695009,24,5,bất thường
U008,2025-02-06,331435,0,16363574,23,6,bất thường
U008,2025-02-07,162902,0,16200672,22,7,bất thường
U008,2025-02-08,278027,0,15922645,21,8,bất thường
U008,2025-02-09,339309,0,15583336,20,9,bất thường
U008,2025-02-10,322610,0,15260726,19,10,bất thường
U008,2025-02-11,143842,0,15116884,18,11,bất thường
U008,2025-02-12,210630,0,14906254,17,12,bất thường
U008,2025-02-13,293125,0,14613129,16,13,bất thường
U008,2025-02-14,372690,0,14240439,15,14,bất thường
U008,2025-02-15,124933,0,14115506,14,15,bất thường
U008,2025-02-16,281852,0,13833654,13,16,bất thường
U008,2025-02-17,318445,0,13515209,12,17,bất thường
U008,2025-02-18,422452,0,13092757,11,18,bất thường
U008,2025-02-19,396777,0,12695980,10,19,bất thường
U008,2025-02-20,379654,0,12316326,9,20,bất thường
U008,2025-02-21,218384,0,12097942,8,21,bất thường
U008,2025-02-22,140194,0,11957748,7,22,bất thường
U008,2025-02-23,256983,0,11700765,6,23,bất thường
U008,2025-02-24,448938,0,11251827,5,24,bất thường
U008,2025-02-25,525113,0,10726714,4,25,bất thường
U008,2025-02-26,399595,0,10327119,3,26,bất thường
U008,2025-02-27,357083,0,9970036,2,27,bất thường
U008,2025-02-28,350054,0,9619982,1,28,bất thường
U008,2025-03-01,240756,13933764,23312990,31,1,bất thường
U008,2025-03-02,285490,0,23027500,30,2,bất thường
U008,2025-03-03,586316,0,22441184,29,3,bất thường
U008,2025-03-04,206275,0,22234909,28,4,bất thường
U008,2025-03-05,573721,0,21661188,27,5,bất thường
U008,2025-03-06,264389,0,21396799,26,6,bất thường
U008,2025-03-07,511018,0,20885781,25,7,bất thường
U008,2025-03-08,171315,0,20714466,24,8,bất thường
U008,2025-03-09,380160,0,20334306,23,9,bất thường
U008,2025-03-10,223972,0,20110334,22,10,bất thường
U008,2025-03-11,170737,0,19939597,21,11,bất thường
U008,2025-03-12,328207,0,19611390,20,12,bất thường
U008,2025-03-13,450348,0,19161042,19,13,bất thường
U008,2025-03-14,214488,0,18946554,18,14,bất thường
U008,2025-03-15,165112,0,18781442,17,15,bất thường
U008,2025-03-16,289888,0,18491554,16,16,bất thường
U008,2025-03-17,290399,0,18201155,15,17,bất thường
U008,2025-03-18,374488,0,17826667,14,18,bất thường
U008,2025-03-19,3352742,0,14473925,13,19,bất thường
U008,2025-03-20,293672,0,14180253,12,20,bất thường
U008,2025-03-21,200479,0,13979774,11,21,bất thường
U008,2025-03-22,422168,0,13557606,10,22,bất thường
U008,2025-03-23,198714,0,13358892,9,23,bất thường
U008,2025-03-24,283612,0,13075280,8,24,bất thường
U008,2025-03-25,406386,0,12668894,7,25,bất thường
U008,2025-03-26,187026,0,12481868,6,26,bất thường
U008,2025-03-27,323383,0,12158485,5,27,bất thường
U008,2025-03-28,488931,0,11669554,4,28,bất thường
U008,2025-03-29,363509,0,11306045,3,29,bất thường
U008,2025-03-30,225423,0,11080622,2,30,bất thường
U008,2025-03-31,552094,0,10528528,1,31,bất thường
U008,2025-04-01,391344,13933764,24070948,30,1,bất thường
U008,2025-04-02,142887,0,23928061,29,2,bất thường
U008,2025-04-03,424932,0,23503129,28,3,bất thường
U008,2025-04-04,239291,0,23263838,27,4,bất thường
U008,2025-04-05,325335,0,22938503,26,5,bất thường
U008,2025-04-06,450083,0,22488420,25,6,bất thường
U008,2025-04-07,241384,0,22247036,24,7,bất thường
U008,2025-04-08,155710,0,22091326,23,8,bất thường
U008,2025-04-09,549193,0,21542133,22,9,bất thường
U008,2025-04-10,479174,0,21062959,21,10,bất thường
U008,2025-04-11,290420,0,20772539,20,11,bất thường
U008,2025-04-12,2301928,0,18470611,19,12,bất thường
U008,2025-04-13,259427,0,18211184,18,13,bất thường
U008,2025-04-14,2203439,0,16007745,17,14,bất thường
U008,2025-04-15,356918,0,15650827,16,15,bất thường
U008,2025-04-16,185482,0,15465345,15,16,bất thường
U008,2025-04-17,271945,0,15193400,14,17,bất thường
U008,2025-04-18,341048,0,14852352,13,18,bất thường
U008,2025-04-19,627329,0,14225023,12,19,bất thường
U008,2025-04-20,188523,0,14036500,11,20,bất thường
U008,2025-04-21,370351,0,13666149,10,21,bất thường
U008,2025-04-22,386948,0,13279201,9,22,bất thường
U008,2025-04-23,141960,0,13137241,8,23,bất thường
U008,2025-04-24,354406,0,12782835,7,24,bất thường
U008,2025-04-25,427667,0,12355168,6,25,bất thường
U008,2025-04-26,380578,0,11974590,5,26,bất thường
U008,2025-04-27,290807,0,11683783,4,27,bất thường
U008,2025-04-28,343617,0,11340166,3,28,bất thường
U008,2025-04-29,321877,0,11018289,2,29,bất thường
U008,2025-04-30,153002,0,10865287,1,30,bất thường
U008,2025-05-01,324914,13933764,24474137,31,1,bất thường
U008,2025-05-02,259668,0,24214469,30,2,bất thường
U008,2025-05-03,226853,0,23987616,29,3,bất thường
U008,2025-05-04,812584,0,23175032,28,4,bất thường
U008,2025-05-05,496348,0,22678684,27,5,bất thường
U008,2025-05-06,189836,0,22488848,26,6,bất thường
U008,2025-05-07,345463,0,22143385,25,7,bất thường
U008,2025-05-08,538852,0,21604533,24,8,bất thường
U008,2025-05-09,165298,0,21439235,23,9,bất thường
U008,2025-05-10,310140,0,21129095,22,10,bất thường
U008,2025-05-11,316037,0,20813058,21,11,bất thường
U008,2025-05-12,180627,0,20632431,20,12,bất thường
U008,2025-05-13,350041,0,20282390,19,13,bất thường
U008,2025-05-14,469999,0,19812391,18,14,bất thường
U008,2025-05-15,549743,0,19262648,17,15,bất thường
U008,2025-05-16,272186,0,18990462,16,16,bất thường
U008,2025-05-17,818022,0,18172440,15,17,bất thường
U008,2025-05-18,132032,0,18040408,14,18,bất thường
U008,2025-05-19,346789,0,17693619,13,19,bất thường
U008,2025-05-20,170940,0,17522679,12,20,bất thường
U008,2025-05-21,311782,0,17210897,11,21,bất thường
U008,2025-05-22,244073,0,16966824,10,22,bất thường
U008,2025-05-23,368331,0,16598493,9,23,bất thường
U008,2025-05-24,285853,0,16312640,8,24,bất thường
U008,2025-05-25,216121,0,16096519,7,25,bất thường
U008,2025-05-26,221875,0,15874644,6,26,bất thường
U008,2025-05-27,651459,0,15223185,5,27,bất thường
U008,2025-05-28,359114,0,14864071,4,28,bất thường
U008,2025-05-29,152228,0,14711843,3,29,bất thường
U008,2025-05-30,374858,0,14336985,2,30,bất thường
U008,2025-05-31,278206,0,14058779,1,31,bất thường
U008,2025-06-01,301290,13933764,27691253,30,1,bất thường
U008,2025-06-02,417459,0,27273794,29,2,bất thường
U008,2025-06-03,482761,0,26791033,28,3,bất thường
U008,2025-06-04,213301,0,26577732,27,4,bất thường
U008,2025-06-05,297179,0,26280553,26,5,bất thường
U008,2025-06-06,241722,0,26038831,25,6,bất thường
U008,2025-06-07,381830,0,25657001,24,7,bất thường
U008,2025-06-08,274050,0,25382951,23,8,bất thường
U008,2025-06-09,304275,0,25078676,22,9,bất thường
U008,2025-06-10,269919,0,24808757,21,10,bất thường
U008,2025-06-11,288237,0,24520520,20,11,bất thường
U008,2025-06-12,594721,0,23925799,19,12,bất thường
U008,2025-06-13,782534,0,23143265,18,13,bất thường
U008,2025-06-14,349697,0,22793568,17,14,bất thường
U008,2025-06-15,288947,0,22504621,16,15,bất thường
U008,2025-06-16,158853,0,22345768,15,16,bất thường
U008,2025-06-17,221864,0,22123904,14,17,bất thường
U008,2025-06-18,285870,0,21838034,13,18,bất thường
U008,2025-06-19,225926,0,21612108,12,19,bất thường
U008,2025-06-20,235632,0,21376476,11,20,bất thường
U008,2025-06-21,564752,0,20811724,10,21,bất thường
U008,2025-06-22,304219,0,20507505,9,22,bất thường
U008,2025-06-23,315297,0,20192208,8,23,bất thường
U008,2025-06-24,229650,0,19962558,7,24,bất thường
U008,2025-06-25,481665,0,19480893,6,25,bất thường
U008,2025-06-26,276221,0,19204672,5,26,bất thường
U008,2025-06-27,244175,0,18960497,4,27,bất thường
U008,2025-06-28,159801,0,18800696,3,28,bất thường
U008,2025-06-29,293474,0,18507222,2,29,bất thường
U008,2025-06-30,241147,0,18266075,1,30,bất thường
U008,2025-07-01,589965,13933764,31609874,31,1,bất thường
U008,2025-07-02,628786,0,30981088,30,2,bất thường
U008,2025-07-03,183482,0,30797606,29,3,bất thường
U008,2025-07-04,191976,0,30605630,28,4,bất thường
U008,2025-07-05,269267,0,30336363,27,5,bất thường
U008,2025-07-06,216982,0,30119381,26,6,bất thường
U008,2025-07-07,328060,0,29791321,25,7,bất thường
U008,2025-07-08,263903,0,29527418,24,8,bất thường
U008,2025-07-09,336448,0,29190970,23,9,bất thường
U008,2025-07-10,451542,0,28739428,22,10,bất thường
U008,2025-07-11,196476,0,28542952,21,11,bất thường
U008,2025-07-12,447786,0,28095166,20,12,bất thường
U008,2025-07-13,224701,0,27870465,19,13,bất thường
U008,2025-07-14,710255,0,27160210,18,14,bất thường
U008,2025-07-15,575145,0,26585065,17,15,bất thường
U008,2025-07-16,287436,0,26297629,16,16,bất thường
U008,2025-07-17,204547,0,26093082,15,17,bất thường
U008,2025-07-18,189480,0,25903602,14,18,bất thường
U008,2025-07-19,426530,0,25477072,13,19,bất thường
U008,2025-07-20,297100,0,25179972,12,20,bất thường
U008,2025-07-21,435710,0,24744262,11,21,bất thường
U008,2025-07-22,726271,0,24017991,10,22,bất thường
U008,2025-07-23,220981,0,23797010,9,23,bất thường
U008,2025-07-24,183860,0,23613150,8,24,bất thường
U008,2025-07-25,324815,0,23288335,7,25,bất thường
U008,2025-07-26,475390,0,22812945,6,26,bất thường
U008,2025-07-27,206448,0,22606497,5,27,bất thường
U008,2025-07-28,304930,0,22301567,4,28,bất thường
U008,2025-07-29,520218,0,21781349,3,29,bất thường
U008,2025-07-30,156504,0,21624845,2,30,bất thường
U008,2025-07-31,330418,0,21294427,1,31,bất thường
U008,2025-08-01,242303,13933764,34985888,31,1,bất thường
U008,2025-08-02,316048,0,34669840,30,2,bất thường
U008,2025-08-03,399473,0,34270367,29,3,bất thường
U008,2025-08-04,328506,0,33941861,28,4,bất thường
U008,2025-08-05,200766,0,33741095,27,5,bất thường
U008,2025-08-06,246099,0,33494996,26,6,bất thường
U008,2025-08-07,532120,0,32962876,25,7,bất thường
U008,2025-08-08,343025,0,32619851,24,8,bất thường
U008,2025-08-09,420885,0,32198966,23,9,bất thường
U008,2025-08-10,332403,0,31866563,22,10,bất thường
U008,2025-08-11,415664,0,31450899,21,11,bất thường
U008,2025-08-12,256665,0,31194234,20,12,bất thường
U008,2025-08-13,221235,0,30972999,19,13,bất thường
U008,2025-08-14,408181,0,30564818,18,14,bất thường
U008,2025-08-15,472095,0,30092723,17,15,bất thường
U008,2025-08-16,208621,0,29884102,16,16,bất thường
U008,2025-08-17,238854,0,29645248,15,17,bất thường
U008,2025-08-18,281728,0,29363520,14,18,bất thường
U008,2025-08-19,574880,0,28788640,13,19,bất thường
U008,2025-08-20,376714,0,28411926,12,20,bất thường
U008,2025-08-21,177079,0,28234847,11,21,bất thường
U008,2025-08-22,289756,0,27945091,10,22,bất thường
U008,2025-08-23,272566,0,27672525,9,23,bất thường
U008,2025-08-24,188091,0,27484434,8,24,bất thường
U008,2025-08-25,288390,0,27196044,7,25,bất thường
U008,2025-08-26,267794,0,26928250,6,26,bất thường
U008,2025-08-27,260233,0,26668017,5,27,bất thường
U008,2025-08-28,255514,0,26412503,4,28,bất thường
U008,2025-08-29,541741,0,25870762,3,29,bất thường
U008,2025-08-30,260018,0,25610744,2,30,bất thường
U008,2025-08-31,306770,0,25303974,1,31,bất thường
U008,2025-09-01,293749,13933764,38943989,30,1,bất thường
U008,2025-09-02,245728,0,38698261,29,2,bất thường
U008,2025-09-03,310453,0,38387808,28,3,bất thường
U008,2025-09-04,1677334,0,36710474,27,4,bất thường
U008,2025-09-05,424141,0,36286333,26,5,bất thường
U008,2025-09-06,310490,0,35975843,25,6,bất thường
U008,2025-09-07,474401,0,35501442,24,7,bất thường
U008,2025-09-08,257569,0,35243873,23,8,bất thường
U008,2025-09-09,193792,0,35050081,22,9,bất thường
U008,2025-09-10,530825,0,34519256,21,10,bất thường
U008,2025-09-11,287390,0,34231866,20,11,bất thường
U008,2025-09-12,328604,0,33903262,19,12,bất thường
U008,2025-09-13,492814,0,33410448,18,13,bất thường
U008,2025-09-14,199029,0,33211419,17,14,bất thường
U008,2025-09-15,381621,0,32829798,16,15,bất thường
U008,2025-09-16,237525,0,32592273,15,16,bất thường
U008,2025-09-17,285249,0,32307024,14,17,bất thường
U008,2025-09-18,309557,0,31997467,13,18,bất thường
U008,2025-09-19,165033,0,31832434,12,19,bất thường
U008,2025-09-20,220235,0,31612199,11,20,bất thường
U008,2025-09-21,516286,0,31095913,10,21,bất thường
U008,2025-09-22,428679,0,30667234,9,22,bất thường
U008,2025-09-23,293294,0,30373940,8,23,bất thường
U008,2025-09-24,331451,0,30042489,7,24,bất thường
U008,2025-09-25,2499038,0,27543451,6,25,bất thường
U008,2025-09-26,517425,0,27026026,5,26,bất thường
U008,2025-09-27,229461,0,26796565,4,27,bất thường
U008,2025-09-28,194122,0,26602443,3,28,bất thường
U008,2025-09-29,237691,0,26364752,2,29,bất thường
U008,2025-09-30,530344,0,25834408,1,30,bất thường
U008,2025-10-01,194912,13933764,39573260,31,1,bất thường
U008,2025-10-02,6109585,0,33463675,30,2,bất thường
U008,2025-10-03,272913,0,33190762,29,3,bất thường
U008,2025-10-04,141207,0,33049555,28,4,bất thường
U008,2025-10-05,250714,0,32798841,27,5,bất thường
U008,2025-10-06,198405,0,32600436,26,6,bất thường
U008,2025-10-07,235844,0,32364592,25,7,bất thường
U008,2025-10-08,284663,0,32079929,24,8,bất thường
U008,2025-10-09,441134,0,31638795,23,9,bất thường
U008,2025-10-10,326775,0,31312020,22,10,bất thường
U008,2025-10-11,340121,0,30971899,21,11,bất thường
U008,2025-10-12,194032,0,30777867,20,12,bất thường
U008,2025-10-13,211438,0,30566429,19,13,bất thường
U008,2025-10-14,617526,0,29948903,18,14,bất thường
U008,2025-10-15,224113,0,29724790,17,15,bất thường
U008,2025-10-16,583308,0,29141482,16,16,bất thường
U008,2025-10-17,272873,0,28868609,15,17,bất thường
U008,2025-10-18,301011,0,28567598,14,18,bất thường
U008,2025-10-19,461452,0,28106146,13,19,bất thường
U008,2025-10-20,500190,0,27605956,12,20,bất thường
U008,2025-10-21,287697,0,27318259,11,21,bất thường
U008,2025-10-22,257478,0,27060781,10,22,bất thường
U008,2025-10-23,294083,0,26766698,9,23,bất thường
U008,2025-10-24,344266,0,26422432,8,24,bất thường
U008,2025-10-25,429556,0,25992876,7,25,bất thường
U008,2025-10-26,301245,0,25691631,6,26,bất thường
U008,2025-10-27,385209,0,25306422,5,27,bất thường
U008,2025-10-28,579158,0,24727264,4,28,bất thường
U008,2025-10-29,350288,0,24376976,3,29,bất thường
U008,2025-10-30,340663,0,24036313,2,30,bất thường
U008,2025-10-31,163803,0,23872510,1,31,bất thường
U008,2025-11-01,104998,13933764,37701276,30,1,bất thường
U008,2025-11-02,351279,0,37349997,29,2,bất thường
U008,2025-11-03,289542,0,37060455,28,3,bất thường
U008,2025-11-04,244770,0,36815685,27,4,bất thường
U008,2025-11-05,331505,0,36484180,26,5,bất thường
U008,2025-11-06,293556,0,36190624,25,6,bất thường
U008,2025-11-07,472172,0,35718452,24,7,bất thường
U008,2025-11-08,311275,0,35407177,23,8,bất thường
U008,2025-11-09,223065,0,35184112,22,9,bất thường
U008,2025-11-10,446883,0,34737229,21,10,bất thường
U008,2025-11-11,275718,0,34461511,20,11,bất thường
U008,2025-11-12,371239,0,34090272,19,12,bất thường
U008,2025-11-13,248456,0,33841816,18,13,bất thường
U008,2025-11-14,231899,0,33609917,17,14,bất thường
U008,2025-11-15,311033,0,33298884,16,15,bất thường
U008,2025-11-16,302283,0,32996601,15,16,bất thường
U008,2025-11-17,364367,0,32632234,14,17,bất thường
U008,2025-11-18,270095,0,32362139,13,18,bất thường
U008,2025-11-19,144270,0,32217869,12,19,bất thường
U008,2025-11-20,252932,0,31964937,11,20,bất thường
U008,2025-11-21,413128,0,31551809,10,21,bất thường
U008,2025-11-22,267009,0,31284800,9,22,bất thường
U008,2025-11-23,272511,0,31012289,8,23,bất thường
U008,2025-11-24,446206,0,30566083,7,24,bất thường
U008,2025-11-25,226205,0,30339878,6,25,bất thường
U008,2025-11-26,162245,0,30177633,5,26,bất thường
U008,2025-11-27,282020,0,29895613,4,27,bất thường
U008,2025-11-28,247785,0,29647828,3,28,bất thường
U008,2025-11-29,204329,0,29443499,2,29,bất thường
U008,2025-11-30,280361,0,29163138,1,30,bất thường
U008,2025-12-01,366073,13933764,42730829,31,1,bất thường
U008,2025-12-02,299620,0,42431209,30,2,bất thường
U008,2025-12-03,340027,0,42091182,29,3,bất thường
U008,2025-12-04,621163,0,41470019,28,4,bất thường
U008,2025-12-05,262193,0,41207826,27,5,bất thường
U008,2025-12-06,336154,0,40871672,26,6,bất thường
U008,2025-12-07,245316,0,40626356,25,7,bất thường
U008,2025-12-08,214367,0,40411989,24,8,bất thường
U008,2025-12-09,237999,0,40173990,23,9,bất thường
U008,2025-12-10,248322,0,39925668,22,10,bất thường
U008,2025-12-11,347242,0,39578426,21,11,bất thường
U008,2025-12-12,5496246,0,34082180,20,12,bất thường
U008,2025-12-13,225837,0,33856343,19,13,bất thường
U008,2025-12-14,282101,0,33574242,18,14,bất thường
U008,2025-12-15,437393,0,33136849,17,15,bất thường
U008,2025-12-16,151864,0,32984985,16,16,bất thường
U008,2025-12-17,863772,0,32121213,15,17,bất thường
U008,2025-12-18,429890,0,31691323,14,18,bất thường
U008,2025-12-19,271525,0,31419798,13,19,bất thường
U008,2025-12-20,266071,0,31153727,12,20,bất thường
U008,2025-12-21,403457,0,30750270,11,21,bất thường
U008,2025-12-22,394297,0,30355973,10,22,bất thường
U008,2025-12-23,323514,0,30032459,9,23,bất thường
U008,2025-12-24,302047,0,29730412,8,24,bất thường
U008,2025-12-25,376402,0,29354010,7,25,bất thường
U008,2025-12-26,149837,0,29204173,6,26,bất thường
U008,2025-12-27,259231,0,28944942,5,27,bất thường
U008,2025-12-28,155631,0,28789311,4,28,bất thường
U008,2025-12-29,383013,0,28406298,3,29,bất thường
U008,2025-12-30,229501,0,28176797,2,30,bất thường
U008,2025-12-31,160389,0,28016408,1,31,bất thường
U008,2026-01-01,218922,13933764,41731250,31,1,bất thường
U008,2026-01-02,319250,0,41412000,30,2,bất thường
U008,2026-01-03,277034,0,41134966,29,3,bất thường
U008,2026-01-04,188099,0,40946867,28,4,bất thường
U008,2026-01-05,152061,0,40794806,27,5,bất thường
U008,2026-01-06,309762,0,40485044,26,6,bất thường
U008,2026-01-07,1553398,0,38931646,25,7,bất thường
U008,2026-01-08,271239,0,38660407,24,8,bất thường
U008,2026-01-09,413794,0,38246613,23,9,bất thường
U008,2026-01-10,142950,0,38103663,22,10,bất thường
U008,2026-01-11,306258,0,37797405,21,11,bất thường
U008,2026-01-12,375991,0,37421414,20,12,bất thường
U008,2026-01-13,632001,0,36789413,19,13,bất thường
U008,2026-01-14,248024,0,36541389,18,14,bất thường
U008,2026-01-15,342412,0,36198977,17,15,bất thường
U008,2026-01-16,146158,0,36052819,16,16,bất thường
U008,2026-01-17,115521,0,35937298,15,17,bất thường
U008,2026-01-18,421635,0,35515663,14,18,bất thường
U008,2026-01-19,300067,0,35215596,13,19,bất thường
U008,2026-01-20,481852,0,34733744,12,20,bất thường
U008,2026-01-21,173620,0,34560124,11,21,bất thường
U008,2026-01-22,370255,0,34189869,10,22,bất thường
U008,2026-01-23,635085,0,33554784,9,23,bất thường
U008,2026-01-24,355709,0,33199075,8,24,bất thường
U008,2026-01-25,335917,0,32863158,7,25,bất thường
U008,2026-01-26,301767,0,32561391,6,26,bất thường
U008,2026-01-27,160433,0,32400958,5,27,bất thường
U008,2026-01-28,517216,0,31883742,4,28,bất thường
U008,2026-01-29,235542,0,31648200,3,29,bất thường
U008,2026-01-30,367979,0,31280221,2,30,bất thường
U008,2026-01-31,160938,0,31119283,1,31,bất thường
U008,2026-02-01,187625,13933764,44865422,28,1,bất thường
U008,2026-02-02,533931,0,44331491,27,2,bất thường
U008,2026-02-03,261729,0,44069762,26,3,bất thường
U008,2026-02-04,537829,0,43531933,25,4,bất thường
U008,2026-02-05,291471,0,43240462,24,5,bất thường
U008,2026-02-06,143951,0,43096511,23,6,bất thường
U008,2026-02-07,429688,0,42666823,22,7,bất thường
U008,2026-02-08,237525,0,42429298,21,8,bất thường
U008,2026-02-09,2434707,0,39994591,20,9,bất thường
U008,2026-02-10,151321,0,39843270,19,10,bất thường
U008,2026-02-11,304650,0,39538620,18,11,bất thường
U008,2026-02-12,94108,0,39444512,17,12,bất thường
U008,2026-02-13,380999,0,39063513,16,13,bất thường
U008,2026-02-14,309508,0,38754005,15,14,bất thường
U008,2026-02-15,363147,0,38390858,14,15,bất thường
U008,2026-02-16,458994,0,37931864,13,16,bất thường
U008,2026-02-17,325626,0,37606238,12,17,bất thường
U008,2026-02-18,577587,0,37028651,11,18,bất thường
U008,2026-02-19,385681,0,36642970,10,19,bất thường
U008,2026-02-20,222156,0,36420814,9,20,bất thường
U008,2026-02-21,273458,0,36147356,8,21,bất thường
U008,2026-02-22,121719,0,36025637,7,22,bất thường
U008,2026-02-23,209632,0,35816005,6,23,bất thường
U008,2026-02-24,258225,0,35557780,5,24,bất thường
U008,2026-02-25,374181,0,35183599,4,25,bất thường
U008,2026-02-26,222758,0,34960841,3,26,bất thường
U008,2026-02-27,182678,0,34778163,2,27,bất thường
U008,2026-02-28,141347,0,34636816,1,28,bất thường
U008,2026-03-01,236906,13933764,48333674,31,1,bất thường
U008,2026-03-02,656270,0,47677404,30,2,bất thường
U008,2026-03-03,335182,0,47342222,29,3,bất thường
U008,2026-03-04,437932,0,46904290,28,4,bất thường
U008,2026-03-05,209812,0,46694478,27,5,bất thường
U008,2026-03-06,160269,0,46534209,26,6,bất thường
U008,2026-03-07,184528,0,46349681,25,7,bất thường
U008,2026-03-08,289275,0,46060406,24,8,bất thường
U008,2026-03-09,135447,0,45924959,23,9,bất thường
U008,2026-03-10,201058,0,45723901,22,10,bất thường
U008,2026-03-11,237861,0,45486040,21,11,bất thường
U008,2026-03-12,177303,0,45308737,20,12,bất thường
U008,2026-03-13,128607,0,45180130,19,13,bất thường
U008,2026-03-14,337678,0,44842452,18,14,bất thường
U008,2026-03-15,306305,0,44536147,17,15,bất thường
U008,2026-03-16,410692,0,44125455,16,16,bất thường
U008,2026-03-17,192879,0,43932576,15,17,bất thường
U008,2026-03-18,407565,0,43525011,14,18,bất thường
U008,2026-03-19,554437,0,42970574,13,19,bất thường
U008,2026-03-20,333992,0,42636582,12,20,bất thường
U008,2026-03-21,235629,0,42400953,11,21,bất thường
U008,2026-03-22,318704,0,42082249,10,22,bất thường
U008,2026-03-23,231161,0,41851088,9,23,bất thường
U008,2026-03-24,216268,0,41634820,8,24,bất thường
U008,2026-03-25,395257,0,41239563,7,25,bất thường
U008,2026-03-26,284465,0,40955098,6,26,bất thường
U008,2026-03-27,487003,0,40468095,5,27,bất thường
U008,2026-03-28,251958,0,40216137,4,28,bất thường
U008,2026-03-29,262371,0,39953766,3,29,bất thường
U008,2026-03-30,239757,0,39714009,2,30,bất thường
U008,2026-03-31,192127,0,39521882,1,31,bất thường
U008,2026-04-01,416548,13933764,53039098,30,1,bất thường
U008,2026-04-02,720911,0,52318187,29,2,bất thường
U008,2026-04-03,258098,0,52060089,28,3,bất thường
U008,2026-04-04,1418812,0,50641277,27,4,bất thường
U008,2026-04-05,253862,0,50387415,26,5,bất thường
U008,2026-04-06,174162,0,50213253,25,6,bất thường
U008,2026-04-07,203687,0,50009566,24,7,bất thường
U008,2026-04-08,398458,0,49611108,23,8,bất thường
U008,2026-04-09,178267,0,49432841,22,9,bất thường
U008,2026-04-10,158711,0,49274130,21,10,bất thường
U008,2026-04-11,233743,0,49040387,20,11,bất thường
U008,2026-04-12,403031,0,48637356,19,12,bất thường
U008,2026-04-13,277956,0,48359400,18,13,bất thường
U008,2026-04-14,249735,0,48109665,17,14,bất thường
U008,2026-04-15,306119,0,47803546,16,15,bất thường
U008,2026-04-16,149597,0,47653949,15,16,bất thường
U008,2026-04-17,366542,0,47287407,14,17,bất thường
U008,2026-04-18,350586,0,46936821,13,18,bất thường
U008,2026-04-19,255317,0,46681504,12,19,bất thường
U008,2026-04-20,449709,0,46231795,11,20,bất thường
U008,2026-04-21,191566,0,46040229,10,21,bất thường
U008,2026-04-22,472196,0,45568033,9,22,bất thường
U008,2026-04-23,319906,0,45248127,8,23,bất thường
U008,2026-04-24,262857,0,44985270,7,24,bất thường
U008,2026-04-25,298354,0,44686916,6,25,bất thường
U008,2026-04-26,288105,0,44398811,5,26,bất thường
U008,2026-04-27,489970,0,43908841,4,27,bất thường
U008,2026-04-28,195500,0,43713341,3,28,bất thường
U008,2026-04-29,221677,0,43491664,2,29,bất thường
U008,2026-04-30,455207,0,43036457,1,30,bất thường
U008,2026-05-01,236990,13933764,56733231,31,1,bất thường
U008,2026-05-02,431145,0,56302086,30,2,bất thường
U008,2026-05-03,593481,0,55708605,29,3,bất thường
U008,2026-05-04,256086,0,55452519,28,4,bất thường
U008,2026-05-05,394957,0,55057562,27,5,bất thường
U008,2026-05-06,189569,0,54867993,26,6,bất thường
U008,2026-05-07,406720,0,54461273,25,7,bất thường
U008,2026-05-08,325708,0,54135565,24,8,bất thường
U008,2026-05-09,363379,0,53772186,23,9,bất thường
U008,2026-05-10,232294,0,53539892,22,10,bất thường
U008,2026-05-11,1140829,0,52399063,21,11,bất thường
U008,2026-05-12,367797,0,52031266,20,12,bất thường
U008,2026-05-13,424334,0,51606932,19,13,bất thường
U008,2026-05-14,146156,0,51460776,18,14,bất thường
U008,2026-05-15,321923,0,51138853,17,15,bất thường
U008,2026-05-16,440698,0,50698155,16,16,bất thường
U008,2026-05-17,342385,0,50355770,15,17,bất thường
U008,2026-05-18,748094,0,49607676,14,18,bất thường
U008,2026-05-19,136983,0,49470693,13,19,bất thường
U008,2026-05-20,290931,0,49179762,12,20,bất thường
U008,2026-05-21,302843,0,48876919,11,21,bất thường
U008,2026-05-22,175667,0,48701252,10,22,bất thường
U008,2026-05-23,189566,0,48511686,9,23,bất thường
U008,2026-05-24,214472,0,48297214,8,24,bất thường
U008,2026-05-25,193712,0,48103502,7,25,bất thường
U008,2026-05-26,288021,0,47815481,6,26,bất thường
U008,2026-05-27,236287,0,47579194,5,27,bất thường
U008,2026-05-28,341516,0,47237678,4,28,bất thường
U008,2026-05-29,389944,0,46847734,3,29,bất thường
U008,2026-05-30,379533,0,46468201,2,30,bất thường
U008,2026-05-31,255234,0,46212967,1,31,bất thường
U008,2026-06-01,336979,13933764,59809752,30,1,bất thường
U008,2026-06-02,454993,0,59354759,29,2,bất thường
U008,2026-06-03,359408,0,58995351,28,3,bất thường
U008,2026-06-04,632590,0,58362761,27,4,bất thường
U008,2026-06-05,445458,0,57917303,26,5,bất thường
U008,2026-06-06,598002,0,57319301,25,6,bất thường
U008,2026-06-07,110974,0,57208327,24,7,bất thường
U008,2026-06-08,312593,0,56895734,23,8,bất thường
U008,2026-06-09,264187,0,56631547,22,9,bất thường
U008,2026-06-10,286071,0,56345476,21,10,bất thường
U008,2026-06-11,217946,0,56127530,20,11,bất thường
U008,2026-06-12,352380,0,55775150,19,12,bất thường
U008,2026-06-13,145895,0,55629255,18,13,bất thường
U008,2026-06-14,353402,0,55275853,17,14,bất thường
U008,2026-06-15,220864,0,55054989,16,15,bất thường
U008,2026-06-16,246183,0,54808806,15,16,bất thường
U008,2026-06-17,358394,0,54450412,14,17,bất thường
U008,2026-06-18,310363,0,54140049,13,18,bất thường
U008,2026-06-19,458426,0,53681623,12,19,bất thường
U008,2026-06-20,204063,0,53477560,11,20,bất thường
U008,2026-06-21,291182,0,53186378,10,21,bất thường
U008,2026-06-22,429122,0,52757256,9,22,bất thường
U008,2026-06-23,347481,0,52409775,8,23,bất thường
U008,2026-06-24,356548,0,52053227,7,24,bất thường
U008,2026-06-25,468459,0,51584768,6,25,bất thường
U008,2026-06-26,255631,0,51329137,5,26,bất thường
U008,2026-06-27,234980,0,51094157,4,27,bất thường
U008,2026-06-28,378643,0,50715514,3,28,bất thường
U008,2026-06-29,283286,0,50432228,2,29,bất thường
U008,2026-06-30,471120,0,49961108,1,30,bất thường
U008,2026-07-01,348675,13933764,63546197,31,1,bất thường
U009,2025-01-01,543721,24207030,23663309,31,1,bất thường
U009,2025-01-02,1139434,0,22523875,30,2,bất thường
U009,2025-01-03,446150,0,22077725,29,3,bất thường
U009,2025-01-04,1271995,0,20805730,28,4,bất thường
U009,2025-01-05,887019,0,19918711,27,5,bất thường
U009,2025-01-06,730472,0,19188239,26,6,bất thường
U009,2025-01-07,1058755,0,18129484,25,7,bất thường
U009,2025-01-08,957232,0,17172252,24,8,bất thường
U009,2025-01-09,1328317,0,15843935,23,9,bất thường
U009,2025-01-10,1323374,0,14520561,22,10,bất thường
U009,2025-01-11,898235,0,13622326,21,11,bất thường
U009,2025-01-12,550489,0,13071837,20,12,bất thường
U009,2025-01-13,628233,0,12443604,19,13,bất thường
U009,2025-01-14,758131,0,11685473,18,14,bất thường
U009,2025-01-15,1202555,0,10482918,17,15,bất thường
U009,2025-01-16,649993,0,9832925,16,16,bất thường
U009,2025-01-17,672054,0,9160871,15,17,bất thường
U009,2025-01-18,1634113,0,7526758,14,18,bất thường
U009,2025-01-19,748294,0,6778464,13,19,bất thường
U009,2025-01-20,605239,0,6173225,12,20,bất thường
U009,2025-01-21,1064408,0,5108817,11,21,bất thường
U009,2025-01-22,762850,0,4345967,10,22,bất thường
U009,2025-01-23,447500,0,3898467,9,23,bất thường
U009,2025-01-24,1183085,0,2715382,8,24,bất thường
U009,2025-01-25,578651,0,2136731,7,25,bất thường
U009,2025-01-26,793894,0,1342837,6,26,bất thường
U009,2025-01-27,759196,0,583641,5,27,bất thường
U009,2025-01-28,855389,0,-271748,4,28,bất thường
U009,2025-01-29,324760,0,-596508,3,29,bất thường
U009,2025-01-30,682304,0,-1278812,2,30,bất thường
U009,2025-01-31,1223475,0,-2502287,1,31,bất thường
U009,2025-02-01,1294259,24207030,20410484,28,1,bất thường
U009,2025-02-02,524791,0,19885693,27,2,bất thường
U009,2025-02-03,1127496,0,18758197,26,3,bất thường
U009,2025-02-04,575330,0,18182867,25,4,bất thường
U009,2025-02-05,5559423,0,12623444,24,5,bất thường
U009,2025-02-06,812820,0,11810624,23,6,bất thường
U009,2025-02-07,643154,0,11167470,22,7,bất thường
U009,2025-02-08,382624,0,10784846,21,8,bất thường
U009,2025-02-09,319682,0,10465164,20,9,bất thường
U009,2025-02-10,854220,0,9610944,19,10,bất thường
U009,2025-02-11,623215,0,8987729,18,11,bất thường
U009,2025-02-12,625330,0,8362399,17,12,bất thường
U009,2025-02-13,1030563,0,7331836,16,13,bất thường
U009,2025-02-14,1247494,0,6084342,15,14,bất thường
U009,2025-02-15,699592,0,5384750,14,15,bất thường
U009,2025-02-16,680805,0,4703945,13,16,bất thường
U009,2025-02-17,952960,0,3750985,12,17,bất thường
U009,2025-02-18,453385,0,3297600,11,18,bất thường
U009,2025-02-19,853015,0,2444585,10,19,bất thường
U009,2025-02-20,972889,0,1471696,9,20,bất thường
U009,2025-02-21,1024139,0,447557,8,21,bất thường
U009,2025-02-22,359536,0,88021,7,22,bất thường
U009,2025-02-23,575347,0,-487326,6,23,bất thường
U009,2025-02-24,549061,0,-1036387,5,24,bất thường
U009,2025-02-25,811976,0,-1848363,4,25,bất thường
U009,2025-02-26,945594,0,-2793957,3,26,bất thường
U009,2025-02-27,1419698,0,-4213655,2,27,bất thường
U009,2025-02-28,640039,0,-4853694,1,28,bất thường
U009,2025-03-01,639372,24207030,18713964,31,1,bất thường
U009,2025-03-02,1235689,0,17478275,30,2,bất thường
U009,2025-03-03,878439,0,16599836,29,3,bất thường
U009,2025-03-04,1295402,0,15304434,28,4,bất thường
U009,2025-03-05,875685,0,14428749,27,5,bất thường
U009,2025-03-06,491110,0,13937639,26,6,bất thường
U009,2025-03-07,457723,0,13479916,25,7,bất thường
U009,2025-03-08,419436,0,13060480,24,8,bất thường
U009,2025-03-09,1016719,0,12043761,23,9,bất thường
U009,2025-03-10,1255079,0,10788682,22,10,bất thường
U009,2025-03-11,1634775,0,9153907,21,11,bất thường
U009,2025-03-12,1093083,0,8060824,20,12,bất thường
U009,2025-03-13,1242214,0,6818610,19,13,bất thường
U009,2025-03-14,618631,0,6199979,18,14,bất thường
U009,2025-03-15,491248,0,5708731,17,15,bất thường
U009,2025-03-16,10757116,0,-5048385,16,16,bất thường
U009,2025-03-17,922039,0,-5970424,15,17,bất thường
U009,2025-03-18,493220,0,-6463644,14,18,bất thường
U009,2025-03-19,939948,0,-7403592,13,19,bất thường
U009,2025-03-20,1646497,0,-9050089,12,20,bất thường
U009,2025-03-21,1282811,0,-10332900,11,21,bất thường
U009,2025-03-22,1035241,0,-11368141,10,22,bất thường
U009,2025-03-23,1154231,0,-12522372,9,23,bất thường
U009,2025-03-24,1006871,0,-13529243,8,24,bất thường
U009,2025-03-25,933999,0,-14463242,7,25,bất thường
U009,2025-03-26,1117627,0,-15580869,6,26,bất thường
U009,2025-03-27,451317,0,-16032186,5,27,bất thường
U009,2025-03-28,844977,0,-16877163,4,28,bất thường
U009,2025-03-29,755316,0,-17632479,3,29,bất thường
U009,2025-03-30,805189,0,-18437668,2,30,bất thường
U009,2025-03-31,648698,0,-19086366,1,31,bất thường
U009,2025-04-01,960746,24207030,4159918,30,1,bất thường
U009,2025-04-02,562474,0,3597444,29,2,bất thường
U009,2025-04-03,630160,0,2967284,28,3,bất thường
U009,2025-04-04,600621,0,2366663,27,4,bất thường
U009,2025-04-05,1102234,0,1264429,26,5,bất thường
U009,2025-04-06,776523,0,487906,25,6,bất thường
U009,2025-04-07,648838,0,-160932,24,7,bất thường
U009,2025-04-08,671923,0,-832855,23,8,bất thường
U009,2025-04-09,781385,0,-1614240,22,9,bất thường
U009,2025-04-10,1492765,0,-3107005,21,10,bất thường
U009,2025-04-11,475757,0,-3582762,20,11,bất thường
U009,2025-04-12,1022207,0,-4604969,19,12,bất thường
U009,2025-04-13,942240,0,-5547209,18,13,bất thường
U009,2025-04-14,548030,0,-6095239,17,14,bất thường
U009,2025-04-15,1402855,0,-7498094,16,15,bất thường
U009,2025-04-16,967996,0,-8466090,15,16,bất thường
U009,2025-04-17,636779,0,-9102869,14,17,bất thường
U009,2025-04-18,370832,0,-9473701,13,18,bất thường
U009,2025-04-19,855062,0,-10328763,12,19,bất thường
U009,2025-04-20,766333,0,-11095096,11,20,bất thường
U009,2025-04-21,516580,0,-11611676,10,21,bất thường
U009,2025-04-22,513921,0,-12125597,9,22,bất thường
U009,2025-04-23,1104247,0,-13229844,8,23,bất thường
U009,2025-04-24,356822,0,-13586666,7,24,bất thường
U009,2025-04-25,884682,0,-14471348,6,25,bất thường
U009,2025-04-26,723818,0,-15195166,5,26,bất thường
U009,2025-04-27,951821,0,-16146987,4,27,bất thường
U009,2025-04-28,693529,0,-16840516,3,28,bất thường
U009,2025-04-29,877279,0,-17717795,2,29,bất thường
U009,2025-04-30,579639,0,-18297434,1,30,bất thường
U009,2025-05-01,764968,24207030,5144628,31,1,bất thường
U009,2025-05-02,948753,0,4195875,30,2,bất thường
U009,2025-05-03,828705,0,3367170,29,3,bất thường
U009,2025-05-04,908358,0,2458812,28,4,bất thường
U009,2025-05-05,538263,0,1920549,27,5,bất thường
U009,2025-05-06,615999,0,1304550,26,6,bất thường
U009,2025-05-07,620285,0,684265,25,7,bất thường
U009,2025-05-08,698489,0,-14224,24,8,bất thường
U009,2025-05-09,1343386,0,-1357610,23,9,bất thường
U009,2025-05-10,677117,0,-2034727,22,10,bất thường
U009,2025-05-11,493781,0,-2528508,21,11,bất thường
U009,2025-05-12,968912,0,-3497420,20,12,bất thường
U009,2025-05-13,1336986,0,-4834406,19,13,bất thường
U009,2025-05-14,471081,0,-5305487,18,14,bất thường
U009,2025-05-15,1717525,0,-7023012,17,15,bất thường
U009,2025-05-16,921116,0,-7944128,16,16,bất thường
U009,2025-05-17,1179766,0,-9123894,15,17,bất thường
U009,2025-05-18,1402966,0,-10526860,14,18,bất thường
U009,2025-05-19,1151203,0,-11678063,13,19,bất thường
U009,2025-05-20,746430,0,-12424493,12,20,bất thường
U009,2025-05-21,1269775,0,-13694268,11,21,bất thường
U009,2025-05-22,863812,0,-14558080,10,22,bất thường
U009,2025-05-23,1206778,0,-15764858,9,23,bất thường
U009,2025-05-24,1260754,0,-17025612,8,24,bất thường
U009,2025-05-25,504293,0,-17529905,7,25,bất thường
U009,2025-05-26,1071951,0,-18601856,6,26,bất thường
U009,2025-05-27,725426,0,-19327282,5,27,bất thường
U009,2025-05-28,824512,0,-20151794,4,28,bất thường
U009,2025-05-29,820860,0,-20972654,3,29,bất thường
U009,2025-05-30,807791,0,-21780445,2,30,bất thường
U009,2025-05-31,1435008,0,-23215453,1,31,bất thường
U009,2025-06-01,451663,24207030,539914,30,1,bất thường
U009,2025-06-02,391732,0,148182,29,2,bất thường
U009,2025-06-03,360034,0,-211852,28,3,bất thường
U009,2025-06-04,1196521,0,-1408373,27,4,bất thường
U009,2025-06-05,572573,0,-1980946,26,5,bất thường
U009,2025-06-06,822534,0,-2803480,25,6,bất thường
U009,2025-06-07,745182,0,-3548662,24,7,bất thường
U009,2025-06-08,547283,0,-4095945,23,8,bất thường
U009,2025-06-09,1096750,0,-5192695,22,9,bất thường
U009,2025-06-10,741393,0,-5934088,21,10,bất thường
U009,2025-06-11,709401,0,-6643489,20,11,bất thường
U009,2025-06-12,856337,0,-7499826,19,12,bất thường
U009,2025-06-13,1040883,0,-8540709,18,13,bất thường
U009,2025-06-14,531618,0,-9072327,17,14,bất thường
U009,2025-06-15,1106196,0,-10178523,16,15,bất thường
U009,2025-06-16,1393337,0,-11571860,15,16,bất thường
U009,2025-06-17,441010,0,-12012870,14,17,bất thường
U009,2025-06-18,872040,0,-12884910,13,18,bất thường
U009,2025-06-19,690590,0,-13575500,12,19,bất thường
U009,2025-06-20,1031952,0,-14607452,11,20,bất thường
U009,2025-06-21,479552,0,-15087004,10,21,bất thường
U009,2025-06-22,1496809,0,-16583813,9,22,bất thường
U009,2025-06-23,410082,0,-16993895,8,23,bất thường
U009,2025-06-24,707546,0,-17701441,7,24,bất thường
U009,2025-06-25,928188,0,-18629629,6,25,bất thường
U009,2025-06-26,592873,0,-19222502,5,26,bất thường
U009,2025-06-27,556771,0,-19779273,4,27,bất thường
U009,2025-06-28,852702,0,-20631975,3,28,bất thường
U009,2025-06-29,804821,0,-21436796,2,29,bất thường
U009,2025-06-30,782028,0,-22218824,1,30,bất thường
U009,2025-07-01,1099918,24207030,888288,31,1,bất thường
U009,2025-07-02,6587745,0,-5699457,30,2,bất thường
U009,2025-07-03,886563,0,-6586020,29,3,bất thường
U009,2025-07-04,614587,0,-7200607,28,4,bất thường
U009,2025-07-05,692178,0,-7892785,27,5,bất thường
U009,2025-07-06,1078238,0,-8971023,26,6,bất thường
U009,2025-07-07,617533,0,-9588556,25,7,bất thường
U009,2025-07-08,578115,0,-10166671,24,8,bất thường
U009,2025-07-09,714013,0,-10880684,23,9,bất thường
U009,2025-07-10,487227,0,-11367911,22,10,bất thường
U009,2025-07-11,1616038,0,-12983949,21,11,bất thường
U009,2025-07-12,622011,0,-13605960,20,12,bất thường
U009,2025-07-13,1088071,0,-14694031,19,13,bất thường
U009,2025-07-14,848359,0,-15542390,18,14,bất thường
U009,2025-07-15,526211,0,-16068601,17,15,bất thường
U009,2025-07-16,778317,0,-16846918,16,16,bất thường
U009,2025-07-17,1067545,0,-17914463,15,17,bất thường
U009,2025-07-18,723580,0,-18638043,14,18,bất thường
U009,2025-07-19,1257349,0,-19895392,13,19,bất thường
U009,2025-07-20,1173941,0,-21069333,12,20,bất thường
U009,2025-07-21,6613743,0,-27683076,11,21,bất thường
U009,2025-07-22,1346344,0,-29029420,10,22,bất thường
U009,2025-07-23,449436,0,-29478856,9,23,bất thường
U009,2025-07-24,721058,0,-30199914,8,24,bất thường
U009,2025-07-25,611065,0,-30810979,7,25,bất thường
U009,2025-07-26,826050,0,-31637029,6,26,bất thường
U009,2025-07-27,783305,0,-32420334,5,27,bất thường
U009,2025-07-28,1336311,0,-33756645,4,28,bất thường
U009,2025-07-29,747066,0,-34503711,3,29,bất thường
U009,2025-07-30,1352120,0,-35855831,2,30,bất thường
U009,2025-07-31,687784,0,-36543615,1,31,bất thường
U009,2025-08-01,1130153,24207030,-13466738,31,1,bất thường
U009,2025-08-02,854897,0,-14321635,30,2,bất thường
U009,2025-08-03,1558485,0,-15880120,29,3,bất thường
U009,2025-08-04,432123,0,-16312243,28,4,bất thường
U009,2025-08-05,489788,0,-16802031,27,5,bất thường
U009,2025-08-06,1623215,0,-18425246,26,6,bất thường
U009,2025-08-07,581848,0,-19007094,25,7,bất thường
U009,2025-08-08,596807,0,-19603901,24,8,bất thường
U009,2025-08-09,549619,0,-20153520,23,9,bất thường
U009,2025-08-10,1235083,0,-21388603,22,10,bất thường
U009,2025-08-11,472545,0,-21861148,21,11,bất thường
U009,2025-08-12,787210,0,-22648358,20,12,bất thường
U009,2025-08-13,701532,0,-23349890,19,13,bất thường
U009,2025-08-14,1181006,0,-24530896,18,14,bất thường
U009,2025-08-15,622686,0,-25153582,17,15,bất thường
U009,2025-08-16,4645454,0,-29799036,16,16,bất thường
U009,2025-08-17,797802,0,-30596838,15,17,bất thường
U009,2025-08-18,689285,0,-31286123,14,18,bất thường
U009,2025-08-19,1233889,0,-32520012,13,19,bất thường
U009,2025-08-20,250764,0,-32770776,12,20,bất thường
U009,2025-08-21,775006,0,-33545782,11,21,bất thường
U009,2025-08-22,747839,0,-34293621,10,22,bất thường
U009,2025-08-23,650708,0,-34944329,9,23,bất thường
U009,2025-08-24,1556206,0,-36500535,8,24,bất thường
U009,2025-08-25,547074,0,-37047609,7,25,bất thường
U009,2025-08-26,1062345,0,-38109954,6,26,bất thường
U009,2025-08-27,899660,0,-39009614,5,27,bất thường
U009,2025-08-28,1292228,0,-40301842,4,28,bất thường
U009,2025-08-29,597432,0,-40899274,3,29,bất thường
U009,2025-08-30,581917,0,-41481191,2,30,bất thường
U009,2025-08-31,1209477,0,-42690668,1,31,bất thường
U009,2025-09-01,924861,24207030,-19408499,30,1,bất thường
U009,2025-09-02,420540,0,-19829039,29,2,bất thường
U009,2025-09-03,628788,0,-20457827,28,3,bất thường
U009,2025-09-04,910568,0,-21368395,27,4,bất thường
U009,2025-09-05,1090750,0,-22459145,26,5,bất thường
U009,2025-09-06,594561,0,-23053706,25,6,bất thường
U009,2025-09-07,243183,0,-23296889,24,7,bất thường
U009,2025-09-08,961798,0,-24258687,23,8,bất thường
U009,2025-09-09,478850,0,-24737537,22,9,bất thường
U009,2025-09-10,348131,0,-25085668,21,10,bất thường
U009,2025-09-11,251284,0,-25336952,20,11,bất thường
U009,2025-09-12,1080423,0,-26417375,19,12,bất thường
U009,2025-09-13,821361,0,-27238736,18,13,bất thường
U009,2025-09-14,712837,0,-27951573,17,14,bất thường
U009,2025-09-15,1359844,0,-29311417,16,15,bất thường
U009,2025-09-16,1006712,0,-30318129,15,16,bất thường
U009,2025-09-17,1489261,0,-31807390,14,17,bất thường
U009,2025-09-18,446939,0,-32254329,13,18,bất thường
U009,2025-09-19,5632237,0,-37886566,12,19,bất thường
U009,2025-09-20,873303,0,-38759869,11,20,bất thường
U009,2025-09-21,728087,0,-39487956,10,21,bất thường
U009,2025-09-22,903570,0,-40391526,9,22,bất thường
U009,2025-09-23,739575,0,-41131101,8,23,bất thường
U009,2025-09-24,1892650,0,-43023751,7,24,bất thường
U009,2025-09-25,974778,0,-43998529,6,25,bất thường
U009,2025-09-26,507517,0,-44506046,5,26,bất thường
U009,2025-09-27,820024,0,-45326070,4,27,bất thường
U009,2025-09-28,566606,0,-45892676,3,28,bất thường
U009,2025-09-29,706575,0,-46599251,2,29,bất thường
U009,2025-09-30,542040,0,-47141291,1,30,bất thường
U009,2025-10-01,1812320,24207030,-24746581,31,1,bất thường
U009,2025-10-02,591677,0,-25338258,30,2,bất thường
U009,2025-10-03,1027148,0,-26365406,29,3,bất thường
U009,2025-10-04,685483,0,-27050889,28,4,bất thường
U009,2025-10-05,490856,0,-27541745,27,5,bất thường
U009,2025-10-06,844357,0,-28386102,26,6,bất thường
U009,2025-10-07,915795,0,-29301897,25,7,bất thường
U009,2025-10-08,975515,0,-30277412,24,8,bất thường
U009,2025-10-09,273316,0,-30550728,23,9,bất thường
U009,2025-10-10,476076,0,-31026804,22,10,bất thường
U009,2025-10-11,1144287,0,-32171091,21,11,bất thường
U009,2025-10-12,539192,0,-32710283,20,12,bất thường
U009,2025-10-13,846147,0,-33556430,19,13,bất thường
U009,2025-10-14,471682,0,-34028112,18,14,bất thường
U009,2025-10-15,1045401,0,-35073513,17,15,bất thường
U009,2025-10-16,1132319,0,-36205832,16,16,bất thường
U009,2025-10-17,1045530,0,-37251362,15,17,bất thường
U009,2025-10-18,1179137,0,-38430499,14,18,bất thường
U009,2025-10-19,1458371,0,-39888870,13,19,bất thường
U009,2025-10-20,487790,0,-40376660,12,20,bất thường
U009,2025-10-21,569095,0,-40945755,11,21,bất thường
U009,2025-10-22,1117146,0,-42062901,10,22,bất thường
U009,2025-10-23,1226112,0,-43289013,9,23,bất thường
U009,2025-10-24,595724,0,-43884737,8,24,bất thường
U009,2025-10-25,579381,0,-44464118,7,25,bất thường
U009,2025-10-26,601021,0,-45065139,6,26,bất thường
U009,2025-10-27,410542,0,-45475681,5,27,bất thường
U009,2025-10-28,469163,0,-45944844,4,28,bất thường
U009,2025-10-29,473711,0,-46418555,3,29,bất thường
U009,2025-10-30,693587,0,-47112142,2,30,bất thường
U009,2025-10-31,869441,0,-47981583,1,31,bất thường
U009,2025-11-01,927882,24207030,-24702435,30,1,bất thường
U009,2025-11-02,636568,0,-25339003,29,2,bất thường
U009,2025-11-03,642856,0,-25981859,28,3,bất thường
U009,2025-11-04,819734,0,-26801593,27,4,bất thường
U009,2025-11-05,428851,0,-27230444,26,5,bất thường
U009,2025-11-06,1145151,0,-28375595,25,6,bất thường
U009,2025-11-07,1304623,0,-29680218,24,7,bất thường
U009,2025-11-08,607458,0,-30287676,23,8,bất thường
U009,2025-11-09,665235,0,-30952911,22,9,bất thường
U009,2025-11-10,1282851,0,-32235762,21,10,bất thường
U009,2025-11-11,742702,0,-32978464,20,11,bất thường
U009,2025-11-12,987142,0,-33965606,19,12,bất thường
U009,2025-11-13,751892,0,-34717498,18,13,bất thường
U009,2025-11-14,1453949,0,-36171447,17,14,bất thường
U009,2025-11-15,949131,0,-37120578,16,15,bất thường
U009,2025-11-16,971244,0,-38091822,15,16,bất thường
U009,2025-11-17,978517,0,-39070339,14,17,bất thường
U009,2025-11-18,624824,0,-39695163,13,18,bất thường
U009,2025-11-19,648213,0,-40343376,12,19,bất thường
U009,2025-11-20,1061262,0,-41404638,11,20,bất thường
U009,2025-11-21,820637,0,-42225275,10,21,bất thường
U009,2025-11-22,487101,0,-42712376,9,22,bất thường
U009,2025-11-23,1650374,0,-44362750,8,23,bất thường
U009,2025-11-24,1153717,0,-45516467,7,24,bất thường
U009,2025-11-25,792004,0,-46308471,6,25,bất thường
U009,2025-11-26,699325,0,-47007796,5,26,bất thường
U009,2025-11-27,844704,0,-47852500,4,27,bất thường
U009,2025-11-28,959607,0,-48812107,3,28,bất thường
U009,2025-11-29,2592894,0,-51405001,2,29,bất thường
U009,2025-11-30,1816116,0,-53221117,1,30,bất thường
U009,2025-12-01,848742,24207030,-29862829,31,1,bất thường
U009,2025-12-02,641703,0,-30504532,30,2,bất thường
U009,2025-12-03,1475251,0,-31979783,29,3,bất thường
U009,2025-12-04,786233,0,-32766016,28,4,bất thường
U009,2025-12-05,484894,0,-33250910,27,5,bất thường
U009,2025-12-06,764761,0,-34015671,26,6,bất thường
U009,2025-12-07,513406,0,-34529077,25,7,bất thường
U009,2025-12-08,942823,0,-35471900,24,8,bất thường
U009,2025-12-09,876463,0,-36348363,23,9,bất thường
U009,2025-12-10,1144418,0,-37492781,22,10,bất thường
U009,2025-12-11,568592,0,-38061373,21,11,bất thường
U009,2025-12-12,790858,0,-38852231,20,12,bất thường
U009,2025-12-13,451921,0,-39304152,19,13,bất thường
U009,2025-12-14,1032887,0,-40337039,18,14,bất thường
U009,2025-12-15,960125,0,-41297164,17,15,bất thường
U009,2025-12-16,951308,0,-42248472,16,16,bất thường
U009,2025-12-17,780678,0,-43029150,15,17,bất thường
U009,2025-12-18,920967,0,-43950117,14,18,bất thường
U009,2025-12-19,1482153,0,-45432270,13,19,bất thường
U009,2025-12-20,696089,0,-46128359,12,20,bất thường
U009,2025-12-21,824662,0,-46953021,11,21,bất thường
U009,2025-12-22,505256,0,-47458277,10,22,bất thường
U009,2025-12-23,551262,0,-48009539,9,23,bất thường
U009,2025-12-24,811302,0,-48820841,8,24,bất thường
U009,2025-12-25,1213287,0,-50034128,7,25,bất thường
U009,2025-12-26,704158,0,-50738286,6,26,bất thường
U009,2025-12-27,709918,0,-51448204,5,27,bất thường
U009,2025-12-28,662991,0,-52111195,4,28,bất thường
U009,2025-12-29,629933,0,-52741128,3,29,bất thường
U009,2025-12-30,877875,0,-53619003,2,30,bất thường
U009,2025-12-31,428638,0,-54047641,1,31,bất thường
U009,2026-01-01,1302305,24207030,-31142916,31,1,bất thường
U009,2026-01-02,597854,0,-31740770,30,2,bất thường
U009,2026-01-03,1041354,0,-32782124,29,3,bất thường
U009,2026-01-04,469428,0,-33251552,28,4,bất thường
U009,2026-01-05,1019484,0,-34271036,27,5,bất thường
U009,2026-01-06,1020750,0,-35291786,26,6,bất thường
U009,2026-01-07,909774,0,-36201560,25,7,bất thường
U009,2026-01-08,524132,0,-36725692,24,8,bất thường
U009,2026-01-09,862068,0,-37587760,23,9,bất thường
U009,2026-01-10,486041,0,-38073801,22,10,bất thường
U009,2026-01-11,705150,0,-38778951,21,11,bất thường
U009,2026-01-12,1177655,0,-39956606,20,12,bất thường
U009,2026-01-13,1072981,0,-41029587,19,13,bất thường
U009,2026-01-14,784925,0,-41814512,18,14,bất thường
U009,2026-01-15,528262,0,-42342774,17,15,bất thường
U009,2026-01-16,1010045,0,-43352819,16,16,bất thường
U009,2026-01-17,786245,0,-44139064,15,17,bất thường
U009,2026-01-18,308397,0,-44447461,14,18,bất thường
U009,2026-01-19,1066958,0,-45514419,13,19,bất thường
U009,2026-01-20,772647,0,-46287066,12,20,bất thường
U009,2026-01-21,1262054,0,-47549120,11,21,bất thường
U009,2026-01-22,503411,0,-48052531,10,22,bất thường
U009,2026-01-23,218948,0,-48271479,9,23,bất thường
U009,2026-01-24,872314,0,-49143793,8,24,bất thường
U009,2026-01-25,876679,0,-50020472,7,25,bất thường
U009,2026-01-26,396726,0,-50417198,6,26,bất thường
U009,2026-01-27,527482,0,-50944680,5,27,bất thường
U009,2026-01-28,2348665,0,-53293345,4,28,bất thường
U009,2026-01-29,690400,0,-53983745,3,29,bất thường
U009,2026-01-30,1045133,0,-55028878,2,30,bất thường
U009,2026-01-31,601395,0,-55630273,1,31,bất thường
U009,2026-02-01,338118,24207030,-31761361,28,1,bất thường
U009,2026-02-02,728809,0,-32490170,27,2,bất thường
U009,2026-02-03,701537,0,-33191707,26,3,bất thường
U009,2026-02-04,664852,0,-33856559,25,4,bất thường
U009,2026-02-05,745205,0,-34601764,24,5,bất thường
U009,2026-02-06,867159,0,-35468923,23,6,bất thường
U009,2026-02-07,734705,0,-36203628,22,7,bất thường
U009,2026-02-08,470555,0,-36674183,21,8,bất thường
U009,2026-02-09,947654,0,-37621837,20,9,bất thường
U009,2026-02-10,357726,0,-37979563,19,10,bất thường
U009,2026-02-11,343564,0,-38323127,18,11,bất thường
U009,2026-02-12,1048575,0,-39371702,17,12,bất thường
U009,2026-02-13,955585,0,-40327287,16,13,bất thường
U009,2026-02-14,762466,0,-41089753,15,14,bất thường
U009,2026-02-15,446454,0,-41536207,14,15,bất thường
U009,2026-02-16,587779,0,-42123986,13,16,bất thường
U009,2026-02-17,702339,0,-42826325,12,17,bất thường
U009,2026-02-18,412055,0,-43238380,11,18,bất thường
U009,2026-02-19,580508,0,-43818888,10,19,bất thường
U009,2026-02-20,1012773,0,-44831661,9,20,bất thường
U009,2026-02-21,1380827,0,-46212488,8,21,bất thường
U009,2026-02-22,659671,0,-46872159,7,22,bất thường
U009,2026-02-23,1055860,0,-47928019,6,23,bất thường
U009,2026-02-24,362814,0,-48290833,5,24,bất thường
U009,2026-02-25,1015662,0,-49306495,4,25,bất thường
U009,2026-02-26,565628,0,-49872123,3,26,bất thường
U009,2026-02-27,882231,0,-50754354,2,27,bất thường
U009,2026-02-28,706564,0,-51460918,1,28,bất thường
U009,2026-03-01,1323032,24207030,-28576920,31,1,bất thường
U009,2026-03-02,549903,0,-29126823,30,2,bất thường
U009,2026-03-03,1002807,0,-30129630,29,3,bất thường
U009,2026-03-04,697646,0,-30827276,28,4,bất thường
U009,2026-03-05,732302,0,-31559578,27,5,bất thường
U009,2026-03-06,724857,0,-32284435,26,6,bất thường
U009,2026-03-07,556266,0,-32840701,25,7,bất thường
U009,2026-03-08,775785,0,-33616486,24,8,bất thường
U009,2026-03-09,760865,0,-34377351,23,9,bất thường
U009,2026-03-10,859208,0,-35236559,22,10,bất thường
U009,2026-03-11,806995,0,-36043554,21,11,bất thường
U009,2026-03-12,1073536,0,-37117090,20,12,bất thường
U009,2026-03-13,1128810,0,-38245900,19,13,bất thường
U009,2026-03-14,512482,0,-38758382,18,14,bất thường
U009,2026-03-15,1104363,0,-39862745,17,15,bất thường
U009,2026-03-16,485404,0,-40348149,16,16,bất thường
U009,2026-03-17,986988,0,-41335137,15,17,bất thường
U009,2026-03-18,999656,0,-42334793,14,18,bất thường
U009,2026-03-19,363213,0,-42698006,13,19,bất thường
U009,2026-03-20,809735,0,-43507741,12,20,bất thường
U009,2026-03-21,646852,0,-44154593,11,21,bất thường
U009,2026-03-22,575943,0,-44730536,10,22,bất thường
U009,2026-03-23,1339238,0,-46069774,9,23,bất thường
U009,2026-03-24,600669,0,-46670443,8,24,bất thường
U009,2026-03-25,565078,0,-47235521,7,25,bất thường
U009,2026-03-26,804156,0,-48039677,6,26,bất thường
U009,2026-03-27,1026337,0,-49066014,5,27,bất thường
U009,2026-03-28,737198,0,-49803212,4,28,bất thường
U009,2026-03-29,1243971,0,-51047183,3,29,bất thường
U009,2026-03-30,964785,0,-52011968,2,30,bất thường
U009,2026-03-31,326435,0,-52338403,1,31,bất thường
U009,2026-04-01,631267,24207030,-28762640,30,1,bất thường
U009,2026-04-02,623145,0,-29385785,29,2,bất thường
U009,2026-04-03,945071,0,-30330856,28,3,bất thường
U009,2026-04-04,273032,0,-30603888,27,4,bất thường
U009,2026-04-05,2162714,0,-32766602,26,5,bất thường
U009,2026-04-06,964805,0,-33731407,25,6,bất thường
U009,2026-04-07,828044,0,-34559451,24,7,bất thường
U009,2026-04-08,1251556,0,-35811007,23,8,bất thường
U009,2026-04-09,1992165,0,-37803172,22,9,bất thường
U009,2026-04-10,1105236,0,-38908408,21,10,bất thường
U009,2026-04-11,6477186,0,-45385594,20,11,bất thường
U009,2026-04-12,698620,0,-46084214,19,12,bất thường
U009,2026-04-13,868704,0,-46952918,18,13,bất thường
U009,2026-04-14,513321,0,-47466239,17,14,bất thường
U009,2026-04-15,560007,0,-48026246,16,15,bất thường
U009,2026-04-16,451899,0,-48478145,15,16,bất thường
U009,2026-04-17,587164,0,-49065309,14,17,bất thường
U009,2026-04-18,278692,0,-49344001,13,18,bất thường
U009,2026-04-19,689989,0,-50033990,12,19,bất thường
U009,2026-04-20,630063,0,-50664053,11,20,bất thường
U009,2026-04-21,828718,0,-51492771,10,21,bất thường
U009,2026-04-22,794218,0,-52286989,9,22,bất thường
U009,2026-04-23,1289935,0,-53576924,8,23,bất thường
U009,2026-04-24,2202260,0,-55779184,7,24,bất thường
U009,2026-04-25,1229707,0,-57008891,6,25,bất thường
U009,2026-04-26,650846,0,-57659737,5,26,bất thường
U009,2026-04-27,640442,0,-58300179,4,27,bất thường
U009,2026-04-28,1104315,0,-59404494,3,28,bất thường
U009,2026-04-29,397891,0,-59802385,2,29,bất thường
U009,2026-04-30,687756,0,-60490141,1,30,bất thường
U009,2026-05-01,709283,24207030,-36992394,31,1,bất thường
U009,2026-05-02,985519,0,-37977913,30,2,bất thường
U009,2026-05-03,997310,0,-38975223,29,3,bất thường
U009,2026-05-04,579225,0,-39554448,28,4,bất thường
U009,2026-05-05,661008,0,-40215456,27,5,bất thường
U009,2026-05-06,932209,0,-41147665,26,6,bất thường
U009,2026-05-07,566766,0,-41714431,25,7,bất thường
U009,2026-05-08,1263907,0,-42978338,24,8,bất thường
U009,2026-05-09,995441,0,-43973779,23,9,bất thường
U009,2026-05-10,835574,0,-44809353,22,10,bất thường
U009,2026-05-11,912230,0,-45721583,21,11,bất thường
U009,2026-05-12,647267,0,-46368850,20,12,bất thường
U009,2026-05-13,607285,0,-46976135,19,13,bất thường
U009,2026-05-14,658277,0,-47634412,18,14,bất thường
U009,2026-05-15,952892,0,-48587304,17,15,bất thường
U009,2026-05-16,845494,0,-49432798,16,16,bất thường
U009,2026-05-17,658806,0,-50091604,15,17,bất thường
U009,2026-05-18,1052947,0,-51144551,14,18,bất thường
U009,2026-05-19,727735,0,-51872286,13,19,bất thường
U009,2026-05-20,591222,0,-52463508,12,20,bất thường
U009,2026-05-21,863723,0,-53327231,11,21,bất thường
U009,2026-05-22,520247,0,-53847478,10,22,bất thường
U009,2026-05-23,397274,0,-54244752,9,23,bất thường
U009,2026-05-24,778581,0,-55023333,8,24,bất thường
U009,2026-05-25,599772,0,-55623105,7,25,bất thường
U009,2026-05-26,704757,0,-56327862,6,26,bất thường
U009,2026-05-27,529971,0,-56857833,5,27,bất thường
U009,2026-05-28,1265330,0,-58123163,4,28,bất thường
U009,2026-05-29,598794,0,-58721957,3,29,bất thường
U009,2026-05-30,656364,0,-59378321,2,30,bất thường
U009,2026-05-31,907477,0,-60285798,1,31,bất thường
U009,2026-06-01,449830,24207030,-36528598,30,1,bất thường
U009,2026-06-02,436721,0,-36965319,29,2,bất thường
U009,2026-06-03,908592,0,-37873911,28,3,bất thường
U009,2026-06-04,652973,0,-38526884,27,4,bất thường
U009,2026-06-05,543983,0,-39070867,26,5,bất thường
U009,2026-06-06,993133,0,-40064000,25,6,bất thường
U009,2026-06-07,563827,0,-40627827,24,7,bất thường
U009,2026-06-08,699042,0,-41326869,23,8,bất thường
U009,2026-06-09,545151,0,-41872020,22,9,bất thường
U009,2026-06-10,880853,0,-42752873,21,10,bất thường
U009,2026-06-11,1329218,0,-44082091,20,11,bất thường
U009,2026-06-12,370591,0,-44452682,19,12,bất thường
U009,2026-06-13,816134,0,-45268816,18,13,bất thường
U009,2026-06-14,1098994,0,-46367810,17,14,bất thường
U009,2026-06-15,659132,0,-47026942,16,15,bất thường
U009,2026-06-16,496259,0,-47523201,15,16,bất thường
U009,2026-06-17,923251,0,-48446452,14,17,bất thường
U009,2026-06-18,1164651,0,-49611103,13,18,bất thường
U009,2026-06-19,1114013,0,-50725116,12,19,bất thường
U009,2026-06-20,903141,0,-51628257,11,20,bất thường
U009,2026-06-21,811335,0,-52439592,10,21,bất thường
U009,2026-06-22,544523,0,-52984115,9,22,bất thường
U009,2026-06-23,1102806,0,-54086921,8,23,bất thường
U009,2026-06-24,1078685,0,-55165606,7,24,bất thường
U009,2026-06-25,494869,0,-55660475,6,25,bất thường
U009,2026-06-26,902625,0,-56563100,5,26,bất thường
U009,2026-06-27,1012973,0,-57576073,4,27,bất thường
U009,2026-06-28,1110273,0,-58686346,3,28,bất thường
U009,2026-06-29,757118,0,-59443464,2,29,bất thường
U009,2026-06-30,553625,0,-59997089,1,30,bất thường
U009,2026-07-01,638211,24207030,-36428270,31,1,bất thường
U010,2025-01-01,156993,0,-156993,24,8,đều
U010,2025-01-02,553973,0,-710966,23,9,đều
U010,2025-01-03,335953,0,-1046919,22,10,đều
U010,2025-01-04,346167,0,-1393086,21,11,đều
U010,2025-01-05,283622,0,-1676708,20,12,đều
U010,2025-01-06,202791,0,-1879499,19,13,đều
U010,2025-01-07,210386,0,-2089885,18,14,đều
U010,2025-01-08,218231,0,-2308116,17,15,đều
U010,2025-01-09,253254,0,-2561370,16,16,đều
U010,2025-01-10,274450,0,-2835820,15,17,đều
U010,2025-01-11,234953,0,-3070773,14,18,đều
U010,2025-01-12,209110,0,-3279883,13,19,đều
U010,2025-01-13,185203,0,-3465086,12,20,đều
U010,2025-01-14,134564,0,-3599650,11,21,đều
U010,2025-01-15,392467,0,-3992117,10,22,đều
U010,2025-01-16,567541,0,-4559658,9,23,đều
U010,2025-01-17,379493,0,-4939151,8,24,đều
U010,2025-01-18,141950,0,-5081101,7,25,đều
U010,2025-01-19,321793,0,-5402894,6,26,đều
U010,2025-01-20,353758,0,-5756652,5,27,đều
U010,2025-01-21,199882,0,-5956534,4,28,đều
U010,2025-01-22,285623,0,-6242157,3,29,đều
U010,2025-01-23,195699,0,-6437856,2,30,đều
U010,2025-01-24,432972,0,-6870828,1,31,đều
U010,2025-01-25,271850,10361622,3218944,31,1,đều
U010,2025-01-26,162754,0,3056190,30,2,đều
U010,2025-01-27,307054,0,2749136,29,3,đều
U010,2025-01-28,358746,0,2390390,28,4,đều
U010,2025-01-29,254259,0,2136131,27,5,đều
U010,2025-01-30,284541,0,1851590,26,6,đều
U010,2025-01-31,228423,0,1623167,25,7,đều
U010,2025-02-01,149215,0,1473952,24,8,đều
U010,2025-02-02,221054,0,1252898,23,9,đều
U010,2025-02-03,289547,0,963351,22,10,đều
U010,2025-02-04,223160,0,740191,21,11,đều
U010,2025-02-05,323567,0,416624,20,12,đều
U010,2025-02-06,200784,0,215840,19,13,đều
U010,2025-02-07,206121,0,9719,18,14,đều
U010,2025-02-08,327520,0,-317801,17,15,đều
U010,2025-02-09,256683,0,-574484,16,16,đều
U010,2025-02-10,199221,0,-773705,15,17,đều
U010,2025-02-11,355180,0,-1128885,14,18,đều
U010,2025-02-12,178325,0,-1307210,13,19,đều
U010,2025-02-13,175620,0,-1482830,12,20,đều
U010,2025-02-14,75741,0,-1558571,11,21,đều
U010,2025-02-15,188202,0,-1746773,10,22,đều
U010,2025-02-16,396465,0,-2143238,9,23,đều
U010,2025-02-17,102533,0,-2245771,8,24,đều
U010,2025-02-18,160506,0,-2406277,7,25,đều
U010,2025-02-19,279983,0,-2686260,6,26,đều
U010,2025-02-20,95694,0,-2781954,5,27,đều
U010,2025-02-21,191487,0,-2973441,4,28,đều
U010,2025-02-22,370720,0,-3344161,3,29,đều
U010,2025-02-23,531823,0,-3875984,2,30,đều
U010,2025-02-24,263802,0,-4139786,1,31,đều
U010,2025-02-25,162149,10361622,6059687,28,1,đều
U010,2025-02-26,159980,0,5899707,27,2,đều
U010,2025-02-27,248903,0,5650804,26,3,đều
U010,2025-02-28,262825,0,5387979,25,4,đều
U010,2025-03-01,493870,0,4894109,24,5,đều
U010,2025-03-02,346341,0,4547768,23,6,đều
U010,2025-03-03,242923,0,4304845,22,7,đều
U010,2025-03-04,205412,0,4099433,21,8,đều
U010,2025-03-05,784452,0,3314981,20,9,đều
U010,2025-03-06,301792,0,3013189,19,10,đều
U010,2025-03-07,179756,0,2833433,18,11,đều
U010,2025-03-08,214702,0,2618731,17,12,đều
U010,2025-03-09,165359,0,2453372,16,13,đều
U010,2025-03-10,89773,0,2363599,15,14,đều
U010,2025-03-11,266177,0,2097422,14,15,đều
U010,2025-03-12,479183,0,1618239,13,16,đều
U010,2025-03-13,122349,0,1495890,12,17,đều
U010,2025-03-14,240136,0,1255754,11,18,đều
U010,2025-03-15,177034,0,1078720,10,19,đều
U010,2025-03-16,289369,0,789351,9,20,đều
U010,2025-03-17,219240,0,570111,8,21,đều
U010,2025-03-18,136330,0,433781,7,22,đều
U010,2025-03-19,158644,0,275137,6,23,đều
U010,2025-03-20,168508,0,106629,5,24,đều
U010,2025-03-21,402151,0,-295522,4,25,đều
U010,2025-03-22,394021,0,-689543,3,26,đều
U010,2025-03-23,207382,0,-896925,2,27,đều
U010,2025-03-24,383839,0,-1280764,1,28,đều
U010,2025-03-25,219166,10361622,8861692,31,1,đều
U010,2025-03-26,206115,0,8655577,30,2,đều
U010,2025-03-27,240314,0,8415263,29,3,đều
U010,2025-03-28,263231,0,8152032,28,4,đều
U010,2025-03-29,188091,0,7963941,27,5,đều
U010,2025-03-30,236950,0,7726991,26,6,đều
U010,2025-03-31,321832,0,7405159,25,7,đều
U010,2025-04-01,247378,0,7157781,24,8,đều
U010,2025-04-02,238940,0,6918841,23,9,đều
U010,2025-04-03,286224,0,6632617,22,10,đều
U010,2025-04-04,306673,0,6325944,21,11,đều
U010,2025-04-05,229076,0,6096868,20,12,đều
U010,2025-04-06,194305,0,5902563,19,13,đều
U010,2025-04-07,253353,0,5649210,18,14,đều
U010,2025-04-08,124153,0,5525057,17,15,đều
U010,2025-04-09,215934,0,5309123,16,16,đều
U010,2025-04-10,87398,0,5221725,15,17,đều
U010,2025-04-11,120155,0,5101570,14,18,đều
U010,2025-04-12,113140,0,4988430,13,19,đều
U010,2025-04-13,357109,0,4631321,12,20,đều
U010,2025-04-14,236204,0,4395117,11,21,đều
U010,2025-04-15,141781,0,4253336,10,22,đều
U010,2025-04-16,285867,0,3967469,9,23,đều
U010,2025-04-17,348822,0,3618647,8,24,đều
U010,2025-04-18,287866,0,3330781,7,25,đều
U010,2025-04-19,217809,0,3112972,6,26,đều
U010,2025-04-20,257777,0,2855195,5,27,đều
U010,2025-04-21,336871,0,2518324,4,28,đều
U010,2025-04-22,194689,0,2323635,3,29,đều
U010,2025-04-23,237709,0,2085926,2,30,đều
U010,2025-04-24,211923,0,1874003,1,31,đều
U010,2025-04-25,123191,10361622,12112434,30,1,đều
U010,2025-04-26,338908,0,11773526,29,2,đều
U010,2025-04-27,534863,0,11238663,28,3,đều
U010,2025-04-28,165601,0,11073062,27,4,đều
U010,2025-04-29,345217,0,10727845,26,5,đều
U010,2025-04-30,167721,0,10560124,25,6,đều
U010,2025-05-01,247700,0,10312424,24,7,đều
U010,2025-05-02,429364,0,9883060,23,8,đều
U010,2025-05-03,190743,0,9692317,22,9,đều
U010,2025-05-04,233510,0,9458807,21,10,đều
U010,2025-05-05,114263,0,9344544,20,11,đều
U010,2025-05-06,180083,0,9164461,19,12,đều
U010,2025-05-07,109573,0,9054888,18,13,đều
U010,2025-05-08,278877,0,8776011,17,14,đều
U010,2025-05-09,327588,0,8448423,16,15,đều
U010,2025-05-10,214959,0,8233464,15,16,đều
U010,2025-05-11,263343,0,7970121,14,17,đều
U010,2025-05-12,206192,0,7763929,13,18,đều
U010,2025-05-13,315866,0,7448063,12,19,đều
U010,2025-05-14,247370,0,7200693,11,20,đều
U010,2025-05-15,106148,0,7094545,10,21,đều
U010,2025-05-16,342097,0,6752448,9,22,đều
U010,2025-05-17,200996,0,6551452,8,23,đều
U010,2025-05-18,141309,0,6410143,7,24,đều
U010,2025-05-19,197064,0,6213079,6,25,đều
U010,2025-05-20,109757,0,6103322,5,26,đều
U010,2025-05-21,142472,0,5960850,4,27,đều
U010,2025-05-22,248708,0,5712142,3,28,đều
U010,2025-05-23,257182,0,5454960,2,29,đều
U010,2025-05-24,265516,0,5189444,1,30,đều
U010,2025-05-25,235188,10361622,15315878,31,1,đều
U010,2025-05-26,178031,0,15137847,30,2,đều
U010,2025-05-27,229825,0,14908022,29,3,đều
U010,2025-05-28,197200,0,14710822,28,4,đều
U010,2025-05-29,122583,0,14588239,27,5,đều
U010,2025-05-30,172455,0,14415784,26,6,đều
U010,2025-05-31,335264,0,14080520,25,7,đều
U010,2025-06-01,443376,0,13637144,24,8,đều
U010,2025-06-02,304786,0,13332358,23,9,đều
U010,2025-06-03,435537,0,12896821,22,10,đều
U010,2025-06-04,243047,0,12653774,21,11,đều
U010,2025-06-05,471562,0,12182212,20,12,đều
U010,2025-06-06,534267,0,11647945,19,13,đều
U010,2025-06-07,117415,0,11530530,18,14,đều
U010,2025-06-08,256646,0,11273884,17,15,đều
U010,2025-06-09,243149,0,11030735,16,16,đều
U010,2025-06-10,198236,0,10832499,15,17,đều
U010,2025-06-11,285964,0,10546535,14,18,đều
U010,2025-06-12,238782,0,10307753,13,19,đều
U010,2025-06-13,175024,0,10132729,12,20,đều
U010,2025-06-14,232400,0,9900329,11,21,đều
U010,2025-06-15,380292,0,9520037,10,22,đều
U010,2025-06-16,252678,0,9267359,9,23,đều
U010,2025-06-17,301836,0,8965523,8,24,đều
U010,2025-06-18,210246,0,8755277,7,25,đều
U010,2025-06-19,281442,0,8473835,6,26,đều
U010,2025-06-20,144809,0,8329026,5,27,đều
U010,2025-06-21,192330,0,8136696,4,28,đều
U010,2025-06-22,225435,0,7911261,3,29,đều
U010,2025-06-23,140973,0,7770288,2,30,đều
U010,2025-06-24,168513,0,7601775,1,31,đều
U010,2025-06-25,266226,10361622,17697171,30,1,đều
U010,2025-06-26,247407,0,17449764,29,2,đều
U010,2025-06-27,324293,0,17125471,28,3,đều
U010,2025-06-28,184730,0,16940741,27,4,đều
U010,2025-06-29,240361,0,16700380,26,5,đều
U010,2025-06-30,179532,0,16520848,25,6,đều
U010,2025-07-01,311548,0,16209300,24,7,đều
U010,2025-07-02,378191,0,15831109,23,8,đều
U010,2025-07-03,284983,0,15546126,22,9,đều
U010,2025-07-04,359092,0,15187034,21,10,đều
U010,2025-07-05,237960,0,14949074,20,11,đều
U010,2025-07-06,324193,0,14624881,19,12,đều
U010,2025-07-07,242080,0,14382801,18,13,đều
U010,2025-07-08,155887,0,14226914,17,14,đều
U010,2025-07-09,259249,0,13967665,16,15,đều
U010,2025-07-10,157745,0,13809920,15,16,đều
U010,2025-07-11,598695,0,13211225,14,17,đều
U010,2025-07-12,205504,0,13005721,13,18,đều
U010,2025-07-13,304027,0,12701694,12,19,đều
U010,2025-07-14,233723,0,12467971,11,20,đều
U010,2025-07-15,143403,0,12324568,10,21,đều
U010,2025-07-16,109913,0,12214655,9,22,đều
U010,2025-07-17,316938,0,11897717,8,23,đều
U010,2025-07-18,436521,0,11461196,7,24,đều
U010,2025-07-19,175069,0,11286127,6,25,đều
U010,2025-07-20,121077,0,11165050,5,26,đều
U010,2025-07-21,206239,0,10958811,4,27,đều
U010,2025-07-22,161460,0,10797351,3,28,đều
U010,2025-07-23,181087,0,10616264,2,29,đều
U010,2025-07-24,299841,0,10316423,1,30,đều
U010,2025-07-25,230193,10361622,20447852,31,1,đều
U010,2025-07-26,168561,0,20279291,30,2,đều
U010,2025-07-27,297229,0,19982062,29,3,đều
U010,2025-07-28,306694,0,19675368,28,4,đều
U010,2025-07-29,205260,0,19470108,27,5,đều
U010,2025-07-30,248208,0,19221900,26,6,đều
U010,2025-07-31,289253,0,18932647,25,7,đều
U010,2025-08-01,278535,0,18654112,24,8,đều
U010,2025-08-02,238733,0,18415379,23,9,đều
U010,2025-08-03,416604,0,17998775,22,10,đều
U010,2025-08-04,296537,0,17702238,21,11,đều
U010,2025-08-05,196140,0,17506098,20,12,đều
U010,2025-08-06,196612,0,17309486,19,13,đều
U010,2025-08-07,187892,0,17121594,18,14,đều
U010,2025-08-08,302460,0,16819134,17,15,đều
U010,2025-08-09,183094,0,16636040,16,16,đều
U010,2025-08-10,198173,0,16437867,15,17,đều
U010,2025-08-11,358637,0,16079230,14,18,đều
U010,2025-08-12,253599,0,15825631,13,19,đều
U010,2025-08-13,379371,0,15446260,12,20,đều
U010,2025-08-14,323217,0,15123043,11,21,đều
U010,2025-08-15,146706,0,14976337,10,22,đều
U010,2025-08-16,225484,0,14750853,9,23,đều
U010,2025-08-17,349003,0,14401850,8,24,đều
U010,2025-08-18,144060,0,14257790,7,25,đều
U010,2025-08-19,277823,0,13979967,6,26,đều
U010,2025-08-20,231229,0,13748738,5,27,đều
U010,2025-08-21,116418,0,13632320,4,28,đều
U010,2025-08-22,246402,0,13385918,3,29,đều
U010,2025-08-23,168025,0,13217893,2,30,đều
U010,2025-08-24,147237,0,13070656,1,31,đều
U010,2025-08-25,235747,10361622,23196531,31,1,đều
U010,2025-08-26,108501,0,23088030,30,2,đều
U010,2025-08-27,179358,0,22908672,29,3,đều
U010,2025-08-28,651691,0,22256981,28,4,đều
U010,2025-08-29,304658,0,21952323,27,5,đều
U010,2025-08-30,165097,0,21787226,26,6,đều
U010,2025-08-31,411895,0,21375331,25,7,đều
U010,2025-09-01,157951,0,21217380,24,8,đều
U010,2025-09-02,188222,0,21029158,23,9,đều
U010,2025-09-03,148348,0,20880810,22,10,đều
U010,2025-09-04,260221,0,20620589,21,11,đều
U010,2025-09-05,406081,0,20214508,20,12,đều
U010,2025-09-06,157512,0,20056996,19,13,đều
U010,2025-09-07,103020,0,19953976,18,14,đều
U010,2025-09-08,363394,0,19590582,17,15,đều
U010,2025-09-09,437301,0,19153281,16,16,đều
U010,2025-09-10,105749,0,19047532,15,17,đều
U010,2025-09-11,282343,0,18765189,14,18,đều
U010,2025-09-12,257161,0,18508028,13,19,đều
U010,2025-09-13,171419,0,18336609,12,20,đều
U010,2025-09-14,134472,0,18202137,11,21,đều
U010,2025-09-15,349255,0,17852882,10,22,đều
U010,2025-09-16,252328,0,17600554,9,23,đều
U010,2025-09-17,260049,0,17340505,8,24,đều
U010,2025-09-18,183166,0,17157339,7,25,đều
U010,2025-09-19,170432,0,16986907,6,26,đều
U010,2025-09-20,87980,0,16898927,5,27,đều
U010,2025-09-21,214410,0,16684517,4,28,đều
U010,2025-09-22,417645,0,16266872,3,29,đều
U010,2025-09-23,164515,0,16102357,2,30,đều
U010,2025-09-24,127758,0,15974599,1,31,đều
U010,2025-09-25,279602,10361622,26056619,30,1,đều
U010,2025-09-26,301007,0,25755612,29,2,đều
U010,2025-09-27,185813,0,25569799,28,3,đều
U010,2025-09-28,204301,0,25365498,27,4,đều
U010,2025-09-29,261037,0,25104461,26,5,đều
U010,2025-09-30,220717,0,24883744,25,6,đều
U010,2025-10-01,350427,0,24533317,24,7,đều
U010,2025-10-02,622659,0,23910658,23,8,đều
U010,2025-10-03,118562,0,23792096,22,9,đều
U010,2025-10-04,384139,0,23407957,21,10,đều
U010,2025-10-05,244987,0,23162970,20,11,đều
U010,2025-10-06,409273,0,22753697,19,12,đều
U010,2025-10-07,313827,0,22439870,18,13,đều
U010,2025-10-08,240703,0,22199167,17,14,đều
U010,2025-10-09,318337,0,21880830,16,15,đều
U010,2025-10-10,200625,0,21680205,15,16,đều
U010,2025-10-11,172325,0,21507880,14,17,đều
U010,2025-10-12,324877,0,21183003,13,18,đều
U010,2025-10-13,167565,0,21015438,12,19,đều
U010,2025-10-14,303703,0,20711735,11,20,đều
U010,2025-10-15,237793,0,20473942,10,21,đều
U010,2025-10-16,92511,0,20381431,9,22,đều
U010,2025-10-17,186671,0,20194760,8,23,đều
U010,2025-10-18,268550,0,19926210,7,24,đều
U010,2025-10-19,199677,0,19726533,6,25,đều
U010,2025-10-20,84810,0,19641723,5,26,đều
U010,2025-10-21,398378,0,19243345,4,27,đều
U010,2025-10-22,251351,0,18991994,3,28,đều
U010,2025-10-23,280507,0,18711487,2,29,đều
U010,2025-10-24,194375,0,18517112,1,30,đều
U010,2025-10-25,290527,10361622,28588207,31,1,đều
U010,2025-10-26,489326,0,28098881,30,2,đều
U010,2025-10-27,175050,0,27923831,29,3,đều
U010,2025-10-28,457559,0,27466272,28,4,đều
U010,2025-10-29,275483,0,27190789,27,5,đều
U010,2025-10-30,165891,0,27024898,26,6,đều
U010,2025-10-31,569101,0,26455797,25,7,đều
U010,2025-11-01,274721,0,26181076,24,8,đều
U010,2025-11-02,307875,0,25873201,23,9,đều
U010,2025-11-03,210895,0,25662306,22,10,đều
U010,2025-11-04,170813,0,25491493,21,11,đều
U010,2025-11-05,251194,0,25240299,20,12,đều
U010,2025-11-06,442167,0,24798132,19,13,đều
U010,2025-11-07,207522,0,24590610,18,14,đều
U010,2025-11-08,232386,0,24358224,17,15,đều
U010,2025-11-09,420579,0,23937645,16,16,đều
U010,2025-11-10,208298,0,23729347,15,17,đều
U010,2025-11-11,288072,0,23441275,14,18,đều
U010,2025-11-12,333633,0,23107642,13,19,đều
U010,2025-11-13,217107,0,22890535,12,20,đều
U010,2025-11-14,265878,0,22624657,11,21,đều
U010,2025-11-15,305987,0,22318670,10,22,đều
U010,2025-11-16,200084,0,22118586,9,23,đều
U010,2025-11-17,325515,0,21793071,8,24,đều
U010,2025-11-18,188728,0,21604343,7,25,đều
U010,2025-11-19,179301,0,21425042,6,26,đều
U010,2025-11-20,127521,0,21297521,5,27,đều
U010,2025-11-21,192042,0,21105479,4,28,đều
U010,2025-11-22,169508,0,20935971,3,29,đều
U010,2025-11-23,200087,0,20735884,2,30,đều
U010,2025-11-24,300035,0,20435849,1,31,đều
U010,2025-11-25,117782,10361622,30679689,30,1,đều
U010,2025-11-26,106616,0,30573073,29,2,đều
U010,2025-11-27,174072,0,30399001,28,3,đều
U010,2025-11-28,282476,0,30116525,27,4,đều
U010,2025-11-29,263657,0,29852868,26,5,đều
U010,2025-11-30,172963,0,29679905,25,6,đều
U010,2025-12-01,374977,0,29304928,24,7,đều
U010,2025-12-02,180501,0,29124427,23,8,đều
U010,2025-12-03,282614,0,28841813,22,9,đều
U010,2025-12-04,203159,0,28638654,21,10,đều
U010,2025-12-05,165934,0,28472720,20,11,đều
U010,2025-12-06,184394,0,28288326,19,12,đều
U010,2025-12-07,315041,0,27973285,18,13,đều
U010,2025-12-08,271378,0,27701907,17,14,đều
U010,2025-12-09,345967,0,27355940,16,15,đều
U010,2025-12-10,271373,0,27084567,15,16,đều
U010,2025-12-11,123302,0,26961265,14,17,đều
U010,2025-12-12,547229,0,26414036,13,18,đều
U010,2025-12-13,272917,0,26141119,12,19,đều
U010,2025-12-14,288579,0,25852540,11,20,đều
U010,2025-12-15,202020,0,25650520,10,21,đều
U010,2025-12-16,366637,0,25283883,9,22,đều
U010,2025-12-17,151693,0,25132190,8,23,đều
U010,2025-12-18,299775,0,24832415,7,24,đều
U010,2025-12-19,102232,0,24730183,6,25,đều
U010,2025-12-20,307965,0,24422218,5,26,đều
U010,2025-12-21,152518,0,24269700,4,27,đều
U010,2025-12-22,262408,0,24007292,3,28,đều
U010,2025-12-23,404252,0,23603040,2,29,đều
U010,2025-12-24,326421,0,23276619,1,30,đều
U010,2025-12-25,383314,10361622,33254927,31,1,đều
U010,2025-12-26,367764,0,32887163,30,2,đều
U010,2025-12-27,190450,0,32696713,29,3,đều
U010,2025-12-28,298400,0,32398313,28,4,đều
U010,2025-12-29,117817,0,32280496,27,5,đều
U010,2025-12-30,178453,0,32102043,26,6,đều
U010,2025-12-31,410002,0,31692041,25,7,đều
U010,2026-01-01,201358,0,31490683,24,8,đều
U010,2026-01-02,111263,0,31379420,23,9,đều
U010,2026-01-03,525621,0,30853799,22,10,đều
U010,2026-01-04,294124,0,30559675,21,11,đều
U010,2026-01-05,318905,0,30240770,20,12,đều
U010,2026-01-06,158684,0,30082086,19,13,đều
U010,2026-01-07,263150,0,29818936,18,14,đều
U010,2026-01-08,260377,0,29558559,17,15,đều
U010,2026-01-09,169103,0,29389456,16,16,đều
U010,2026-01-10,219461,0,29169995,15,17,đều
U010,2026-01-11,128884,0,29041111,14,18,đều
U010,2026-01-12,204469,0,28836642,13,19,đều
U010,2026-01-13,346762,0,28489880,12,20,đều
U010,2026-01-14,174227,0,28315653,11,21,đều
U010,2026-01-15,503720,0,27811933,10,22,đều
U010,2026-01-16,132246,0,27679687,9,23,đều
U010,2026-01-17,211671,0,27468016,8,24,đều
U010,2026-01-18,180644,0,27287372,7,25,đều
U010,2026-01-19,218553,0,27068819,6,26,đều
U010,2026-01-20,406544,0,26662275,5,27,đều
U010,2026-01-21,158431,0,26503844,4,28,đều
U010,2026-01-22,196094,0,26307750,3,29,đều
U010,2026-01-23,305181,0,26002569,2,30,đều
U010,2026-01-24,243804,0,25758765,1,31,đều
U010,2026-01-25,251935,10361622,35868452,31,1,đều
U010,2026-01-26,159651,0,35708801,30,2,đều
U010,2026-01-27,228256,0,35480545,29,3,đều
U010,2026-01-28,369346,0,35111199,28,4,đều
U010,2026-01-29,123383,0,34987816,27,5,đều
U010,2026-01-30,177714,0,34810102,26,6,đều
U010,2026-01-31,113623,0,34696479,25,7,đều
U010,2026-02-01,291165,0,34405314,24,8,đều
U010,2026-02-02,383481,0,34021833,23,9,đều
U010,2026-02-03,218271,0,33803562,22,10,đều
U010,2026-02-04,157102,0,33646460,21,11,đều
U010,2026-02-05,158952,0,33487508,20,12,đều
U010,2026-02-06,208571,0,33278937,19,13,đều
U010,2026-02-07,208253,0,33070684,18,14,đều
U010,2026-02-08,338266,0,32732418,17,15,đều
U010,2026-02-09,179747,0,32552671,16,16,đều
U010,2026-02-10,279536,0,32273135,15,17,đều
U010,2026-02-11,207870,0,32065265,14,18,đều
U010,2026-02-12,174373,0,31890892,13,19,đều
U010,2026-02-13,205809,0,31685083,12,20,đều
U010,2026-02-14,268733,0,31416350,11,21,đều
U010,2026-02-15,338686,0,31077664,10,22,đều
U010,2026-02-16,212366,0,30865298,9,23,đều
U010,2026-02-17,145115,0,30720183,8,24,đều
U010,2026-02-18,350369,0,30369814,7,25,đều
U010,2026-02-19,163995,0,30205819,6,26,đều
U010,2026-02-20,260716,0,29945103,5,27,đều
U010,2026-02-21,232565,0,29712538,4,28,đều
U010,2026-02-22,220450,0,29492088,3,29,đều
U010,2026-02-23,193313,0,29298775,2,30,đều
U010,2026-02-24,301015,0,28997760,1,31,đều
U010,2026-02-25,56052,10361622,39303330,28,1,đều
U010,2026-02-26,370069,0,38933261,27,2,đều
U010,2026-02-27,163057,0,38770204,26,3,đều
U010,2026-02-28,276520,0,38493684,25,4,đều
U010,2026-03-01,270727,0,38222957,24,5,đều
U010,2026-03-02,391150,0,37831807,23,6,đều
U010,2026-03-03,254220,0,37577587,22,7,đều
U010,2026-03-04,168588,0,37408999,21,8,đều
U010,2026-03-05,123618,0,37285381,20,9,đều
U010,2026-03-06,204298,0,37081083,19,10,đều
U010,2026-03-07,107322,0,36973761,18,11,đều
U010,2026-03-08,182675,0,36791086,17,12,đều
U010,2026-03-09,208940,0,36582146,16,13,đều
U010,2026-03-10,178241,0,36403905,15,14,đều
U010,2026-03-11,238844,0,36165061,14,15,đều
U010,2026-03-12,213718,0,35951343,13,16,đều
U010,2026-03-13,206031,0,35745312,12,17,đều
U010,2026-03-14,89072,0,35656240,11,18,đều
U010,2026-03-15,139941,0,35516299,10,19,đều
U010,2026-03-16,303738,0,35212561,9,20,đều
U010,2026-03-17,324020,0,34888541,8,21,đều
U010,2026-03-18,112572,0,34775969,7,22,đều
U010,2026-03-19,169561,0,34606408,6,23,đều
U010,2026-03-20,360643,0,34245765,5,24,đều
U010,2026-03-21,176247,0,34069518,4,25,đều
U010,2026-03-22,224641,0,33844877,3,26,đều
U010,2026-03-23,418143,0,33426734,2,27,đều
U010,2026-03-24,203257,0,33223477,1,28,đều
U010,2026-03-25,191946,10361622,43393153,31,1,đều
U010,2026-03-26,220586,0,43172567,30,2,đều
U010,2026-03-27,492978,0,42679589,29,3,đều
U010,2026-03-28,280783,0,42398806,28,4,đều
U010,2026-03-29,236686,0,42162120,27,5,đều
U010,2026-03-30,190444,0,41971676,26,6,đều
U010,2026-03-31,291380,0,41680296,25,7,đều
U010,2026-04-01,305815,0,41374481,24,8,đều
U010,2026-04-02,152907,0,41221574,23,9,đều
U010,2026-04-03,309127,0,40912447,22,10,đều
U010,2026-04-04,221106,0,40691341,21,11,đều
U010,2026-04-05,237228,0,40454113,20,12,đều
U010,2026-04-06,164908,0,40289205,19,13,đều
U010,2026-04-07,200158,0,40089047,18,14,đều
U010,2026-04-08,155562,0,39933485,17,15,đều
U010,2026-04-09,152599,0,39780886,16,16,đều
U010,2026-04-10,273127,0,39507759,15,17,đều
U010,2026-04-11,203783,0,39303976,14,18,đều
U010,2026-04-12,139665,0,39164311,13,19,đều
U010,2026-04-13,561113,0,38603198,12,20,đều
U010,2026-04-14,149791,0,38453407,11,21,đều
U010,2026-04-15,363559,0,38089848,10,22,đều
U010,2026-04-16,130128,0,37959720,9,23,đều
U010,2026-04-17,281942,0,37677778,8,24,đều
U010,2026-04-18,212486,0,37465292,7,25,đều
U010,2026-04-19,182633,0,37282659,6,26,đều
U010,2026-04-20,254118,0,37028541,5,27,đều
U010,2026-04-21,240809,0,36787732,4,28,đều
U010,2026-04-22,169714,0,36618018,3,29,đều
U010,2026-04-23,166668,0,36451350,2,30,đều
U010,2026-04-24,125153,0,36326197,1,31,đều
U010,2026-04-25,265424,10361622,46422395,30,1,đều
U010,2026-04-26,142249,0,46280146,29,2,đều
U010,2026-04-27,235260,0,46044886,28,3,đều
U010,2026-04-28,297702,0,45747184,27,4,đều
U010,2026-04-29,255270,0,45491914,26,5,đều
U010,2026-04-30,175888,0,45316026,25,6,đều
U010,2026-05-01,337858,0,44978168,24,7,đều
U010,2026-05-02,199520,0,44778648,23,8,đều
U010,2026-05-03,137750,0,44640898,22,9,đều
U010,2026-05-04,209686,0,44431212,21,10,đều
U010,2026-05-05,297026,0,44134186,20,11,đều
U010,2026-05-06,179349,0,43954837,19,12,đều
U010,2026-05-07,333744,0,43621093,18,13,đều
U010,2026-05-08,172599,0,43448494,17,14,đều
U010,2026-05-09,182257,0,43266237,16,15,đều
U010,2026-05-10,154573,0,43111664,15,16,đều
U010,2026-05-11,308766,0,42802898,14,17,đều
U010,2026-05-12,229937,0,42572961,13,18,đều
U010,2026-05-13,158729,0,42414232,12,19,đều
U010,2026-05-14,200460,0,42213772,11,20,đều
U010,2026-05-15,68761,0,42145011,10,21,đều
U010,2026-05-16,320631,0,41824380,9,22,đều
U010,2026-05-17,219379,0,41605001,8,23,đều
U010,2026-05-18,89712,0,41515289,7,24,đều
U010,2026-05-19,131161,0,41384128,6,25,đều
U010,2026-05-20,198435,0,41185693,5,26,đều
U010,2026-05-21,138855,0,41046838,4,27,đều
U010,2026-05-22,322609,0,40724229,3,28,đều
U010,2026-05-23,277697,0,40446532,2,29,đều
U010,2026-05-24,271216,0,40175316,1,30,đều
U010,2026-05-25,82877,10361622,50454061,31,1,đều
U010,2026-05-26,190360,0,50263701,30,2,đều
U010,2026-05-27,177693,0,50086008,29,3,đều
U010,2026-05-28,160369,0,49925639,28,4,đều
U010,2026-05-29,198946,0,49726693,27,5,đều
U010,2026-05-30,149696,0,49576997,26,6,đều
U010,2026-05-31,256003,0,49320994,25,7,đều
U010,2026-06-01,319169,0,49001825,24,8,đều
U010,2026-06-02,308356,0,48693469,23,9,đều
U010,2026-06-03,222280,0,48471189,22,10,đều
U010,2026-06-04,522590,0,47948599,21,11,đều
U010,2026-06-05,370588,0,47578011,20,12,đều
U010,2026-06-06,225536,0,47352475,19,13,đều
U010,2026-06-07,193677,0,47158798,18,14,đều
U010,2026-06-08,401141,0,46757657,17,15,đều
U010,2026-06-09,351473,0,46406184,16,16,đều
U010,2026-06-10,133611,0,46272573,15,17,đều
U010,2026-06-11,362647,0,45909926,14,18,đều
U010,2026-06-12,220821,0,45689105,13,19,đều
U010,2026-06-13,166457,0,45522648,12,20,đều
U010,2026-06-14,106423,0,45416225,11,21,đều
U010,2026-06-15,210932,0,45205293,10,22,đều
U010,2026-06-16,233740,0,44971553,9,23,đều
U010,2026-06-17,443205,0,44528348,8,24,đều
U010,2026-06-18,344466,0,44183882,7,25,đều
U010,2026-06-19,186037,0,43997845,6,26,đều
U010,2026-06-20,274469,0,43723376,5,27,đều
U010,2026-06-21,326883,0,43396493,4,28,đều
U010,2026-06-22,243103,0,43153390,3,29,đều
U010,2026-06-23,185720,0,42967670,2,30,đều
U010,2026-06-24,189850,0,42777820,1,31,đều
U010,2026-06-25,274044,10361622,52865398,30,1,đều
U010,2026-06-26,277076,0,52588322,29,2,đều
U010,2026-06-27,208913,0,52379409,28,3,đều
U010,2026-06-28,82388,0,52297021,27,4,đều
U010,2026-06-29,140175,0,52156846,26,5,đều
U010,2026-06-30,300960,0,51855886,25,6,đều
U010,2026-07-01,100160,0,51755726,24,7,đều
U011,2025-01-01,842074,0,-842074,24,8,đều
U011,2025-01-02,1052161,0,-1894235,23,9,đều
U011,2025-01-03,1023454,0,-2917689,22,10,đều
U011,2025-01-04,790511,0,-3708200,21,11,đều
U011,2025-01-05,478126,0,-4186326,20,12,đều
U011,2025-01-06,1219673,0,-5405999,19,13,đều
U011,2025-01-07,1454360,0,-6860359,18,14,đều
U011,2025-01-08,510807,0,-7371166,17,15,đều
U011,2025-01-09,471032,0,-7842198,16,16,đều
U011,2025-01-10,784236,0,-8626434,15,17,đều
U011,2025-01-11,644799,0,-9271233,14,18,đều
U011,2025-01-12,877791,0,-10149024,13,19,đều
U011,2025-01-13,1342954,0,-11491978,12,20,đều
U011,2025-01-14,337363,0,-11829341,11,21,đều
U011,2025-01-15,1559215,0,-13388556,10,22,đều
U011,2025-01-16,703988,0,-14092544,9,23,đều
U011,2025-01-17,1016520,0,-15109064,8,24,đều
U011,2025-01-18,1060949,0,-16170013,7,25,đều
U011,2025-01-19,1111611,0,-17281624,6,26,đều
U011,2025-01-20,849113,0,-18130737,5,27,đều
U011,2025-01-21,932299,0,-19063036,4,28,đều
U011,2025-01-22,929864,0,-19992900,3,29,đều
U011,2025-01-23,643753,0,-20636653,2,30,đều
U011,2025-01-24,410020,0,-21046673,1,31,đều
U011,2025-01-25,508647,23546014,1990694,31,1,đều
U011,2025-01-26,794517,0,1196177,30,2,đều
U011,2025-01-27,604684,0,591493,29,3,đều
U011,2025-01-28,605243,0,-13750,28,4,đều
U011,2025-01-29,1701268,0,-1715018,27,5,đều
U011,2025-01-30,1167928,0,-2882946,26,6,đều
U011,2025-01-31,748895,0,-3631841,25,7,đều
U011,2025-02-01,1083816,0,-4715657,24,8,đều
U011,2025-02-02,700169,0,-5415826,23,9,đều
U011,2025-02-03,865856,0,-6281682,22,10,đều
U011,2025-02-04,988393,0,-7270075,21,11,đều
U011,2025-02-05,700915,0,-7970990,20,12,đều
U011,2025-02-06,629754,0,-8600744,19,13,đều
U011,2025-02-07,1351542,0,-9952286,18,14,đều
U011,2025-02-08,1058993,0,-11011279,17,15,đều
U011,2025-02-09,336159,0,-11347438,16,16,đều
U011,2025-02-10,634080,0,-11981518,15,17,đều
U011,2025-02-11,606024,0,-12587542,14,18,đều
U011,2025-02-12,646113,0,-13233655,13,19,đều
U011,2025-02-13,1169568,0,-14403223,12,20,đều
U011,2025-02-14,834733,0,-15237956,11,21,đều
U011,2025-02-15,475125,0,-15713081,10,22,đều
U011,2025-02-16,710624,0,-16423705,9,23,đều
U011,2025-02-17,1028775,0,-17452480,8,24,đều
U011,2025-02-18,758673,0,-18211153,7,25,đều
U011,2025-02-19,640058,0,-18851211,6,26,đều
U011,2025-02-20,945692,0,-19796903,5,27,đều
U011,2025-02-21,1582413,0,-21379316,4,28,đều
U011,2025-02-22,996251,0,-22375567,3,29,đều
U011,2025-02-23,1393823,0,-23769390,2,30,đều
U011,2025-02-24,657460,0,-24426850,1,31,đều
U011,2025-02-25,825578,23546014,-1706414,28,1,đều
U011,2025-02-26,818938,0,-2525352,27,2,đều
U011,2025-02-27,868616,0,-3393968,26,3,đều
U011,2025-02-28,987955,0,-4381923,25,4,đều
U011,2025-03-01,573548,0,-4955471,24,5,đều
U011,2025-03-02,1073159,0,-6028630,23,6,đều
U011,2025-03-03,431935,0,-6460565,22,7,đều
U011,2025-03-04,485474,0,-6946039,21,8,đều
U011,2025-03-05,1946288,0,-8892327,20,9,đều
U011,2025-03-06,675451,0,-9567778,19,10,đều
U011,2025-03-07,1109025,0,-10676803,18,11,đều
U011,2025-03-08,1633933,0,-12310736,17,12,đều
U011,2025-03-09,328208,0,-12638944,16,13,đều
U011,2025-03-10,1299750,0,-13938694,15,14,đều
U011,2025-03-11,1073851,0,-15012545,14,15,đều
U011,2025-03-12,1596530,0,-16609075,13,16,đều
U011,2025-03-13,516368,0,-17125443,12,17,đều
U011,2025-03-14,1480198,0,-18605641,11,18,đều
U011,2025-03-15,616256,0,-19221897,10,19,đều
U011,2025-03-16,1263120,0,-20485017,9,20,đều
U011,2025-03-17,816495,0,-21301512,8,21,đều
U011,2025-03-18,1127476,0,-22428988,7,22,đều
U011,2025-03-19,844696,0,-23273684,6,23,đều
U011,2025-03-20,396894,0,-23670578,5,24,đều
U011,2025-03-21,237748,0,-23908326,4,25,đều
U011,2025-03-22,900901,0,-24809227,3,26,đều
U011,2025-03-23,745410,0,-25554637,2,27,đều
U011,2025-03-24,971380,0,-26526017,1,28,đều
U011,2025-03-25,748872,23546014,-3728875,31,1,đều
U011,2025-03-26,1856893,0,-5585768,30,2,đều
U011,2025-03-27,908363,0,-6494131,29,3,đều
U011,2025-03-28,692737,0,-7186868,28,4,đều
U011,2025-03-29,948019,0,-8134887,27,5,đều
U011,2025-03-30,697819,0,-8832706,26,6,đều
U011,2025-03-31,859715,0,-9692421,25,7,đều
U011,2025-04-01,508994,0,-10201415,24,8,đều
U011,2025-04-02,825505,0,-11026920,23,9,đều
U011,2025-04-03,684226,0,-11711146,22,10,đều
U011,2025-04-04,528654,0,-12239800,21,11,đều
U011,2025-04-05,1825708,0,-14065508,20,12,đều
U011,2025-04-06,536966,0,-14602474,19,13,đều
U011,2025-04-07,830655,0,-15433129,18,14,đều
U011,2025-04-08,600826,0,-16033955,17,15,đều
U011,2025-04-09,932850,0,-16966805,16,16,đều
U011,2025-04-10,497540,0,-17464345,15,17,đều
U011,2025-04-11,1159300,0,-18623645,14,18,đều
U011,2025-04-12,1870370,0,-20494015,13,19,đều
U011,2025-04-13,592063,0,-21086078,12,20,đều
U011,2025-04-14,1347783,0,-22433861,11,21,đều
U011,2025-04-15,711003,0,-23144864,10,22,đều
U011,2025-04-16,1512842,0,-24657706,9,23,đều
U011,2025-04-17,1987889,0,-26645595,8,24,đều
U011,2025-04-18,754418,0,-27400013,7,25,đều
U011,2025-04-19,450935,0,-27850948,6,26,đều
U011,2025-04-20,1210347,0,-29061295,5,27,đều
U011,2025-04-21,906142,0,-29967437,4,28,đều
U011,2025-04-22,1012467,0,-30979904,3,29,đều
U011,2025-04-23,723059,0,-31702963,2,30,đều
U011,2025-04-24,581512,0,-32284475,1,31,đều
U011,2025-04-25,1317601,23546014,-10056062,30,1,đều
U011,2025-04-26,941378,0,-10997440,29,2,đều
U011,2025-04-27,464985,0,-11462425,28,3,đều
U011,2025-04-28,1090268,0,-12552693,27,4,đều
U011,2025-04-29,1006160,0,-13558853,26,5,đều
U011,2025-04-30,727278,0,-14286131,25,6,đều
U011,2025-05-01,1583439,0,-15869570,24,7,đều
U011,2025-05-02,646879,0,-16516449,23,8,đều
U011,2025-05-03,774203,0,-17290652,22,9,đều
U011,2025-05-04,1126520,0,-18417172,21,10,đều
U011,2025-05-05,854173,0,-19271345,20,11,đều
U011,2025-05-06,476115,0,-19747460,19,12,đều
U011,2025-05-07,891539,0,-20638999,18,13,đều
U011,2025-05-08,701817,0,-21340816,17,14,đều
U011,2025-05-09,1167042,0,-22507858,16,15,đều
U011,2025-05-10,879995,0,-23387853,15,16,đều
U011,2025-05-11,860258,0,-24248111,14,17,đều
U011,2025-05-12,544642,0,-24792753,13,18,đều
U011,2025-05-13,755530,0,-25548283,12,19,đều
U011,2025-05-14,1221054,0,-26769337,11,20,đều
U011,2025-05-15,607173,0,-27376510,10,21,đều
U011,2025-05-16,817629,0,-28194139,9,22,đều
U011,2025-05-17,569552,0,-28763691,8,23,đều
U011,2025-05-18,515889,0,-29279580,7,24,đều
U011,2025-05-19,800699,0,-30080279,6,25,đều
U011,2025-05-20,887980,0,-30968259,5,26,đều
U011,2025-05-21,1838994,0,-32807253,4,27,đều
U011,2025-05-22,690382,0,-33497635,3,28,đều
U011,2025-05-23,811887,0,-34309522,2,29,đều
U011,2025-05-24,502401,0,-34811923,1,30,đều
U011,2025-05-25,1058200,23546014,-12324109,31,1,đều
U011,2025-05-26,971331,0,-13295440,30,2,đều
U011,2025-05-27,1502352,0,-14797792,29,3,đều
U011,2025-05-28,1292169,0,-16089961,28,4,đều
U011,2025-05-29,953359,0,-17043320,27,5,đều
U011,2025-05-30,686359,0,-17729679,26,6,đều
U011,2025-05-31,899012,0,-18628691,25,7,đều
U011,2025-06-01,792366,0,-19421057,24,8,đều
U011,2025-06-02,1212923,0,-20633980,23,9,đều
U011,2025-06-03,1152768,0,-21786748,22,10,đều
U011,2025-06-04,735730,0,-22522478,21,11,đều
U011,2025-06-05,461569,0,-22984047,20,12,đều
U011,2025-06-06,1412030,0,-24396077,19,13,đều
U011,2025-06-07,1045425,0,-25441502,18,14,đều
U011,2025-06-08,728970,0,-26170472,17,15,đều
U011,2025-06-09,1029242,0,-27199714,16,16,đều
U011,2025-06-10,853524,0,-28053238,15,17,đều
U011,2025-06-11,1403713,0,-29456951,14,18,đều
U011,2025-06-12,382802,0,-29839753,13,19,đều
U011,2025-06-13,706662,0,-30546415,12,20,đều
U011,2025-06-14,1570345,0,-32116760,11,21,đều
U011,2025-06-15,1037644,0,-33154404,10,22,đều
U011,2025-06-16,1683233,0,-34837637,9,23,đều
U011,2025-06-17,508114,0,-35345751,8,24,đều
U011,2025-06-18,1271952,0,-36617703,7,25,đều
U011,2025-06-19,1241802,0,-37859505,6,26,đều
U011,2025-06-20,422732,0,-38282237,5,27,đều
U011,2025-06-21,735999,0,-39018236,4,28,đều
U011,2025-06-22,793789,0,-39812025,3,29,đều
U011,2025-06-23,433376,0,-40245401,2,30,đều
U011,2025-06-24,742177,0,-40987578,1,31,đều
U011,2025-06-25,1174623,23546014,-18616187,30,1,đều
U011,2025-06-26,708436,0,-19324623,29,2,đều
U011,2025-06-27,912586,0,-20237209,28,3,đều
U011,2025-06-28,915232,0,-21152441,27,4,đều
U011,2025-06-29,824331,0,-21976772,26,5,đều
U011,2025-06-30,624753,0,-22601525,25,6,đều
U011,2025-07-01,1078099,0,-23679624,24,7,đều
U011,2025-07-02,439051,0,-24118675,23,8,đều
U011,2025-07-03,831195,0,-24949870,22,9,đều
U011,2025-07-04,1441765,0,-26391635,21,10,đều
U011,2025-07-05,692619,0,-27084254,20,11,đều
U011,2025-07-06,619245,0,-27703499,19,12,đều
U011,2025-07-07,1107251,0,-28810750,18,13,đều
U011,2025-07-08,884305,0,-29695055,17,14,đều
U011,2025-07-09,1116114,0,-30811169,16,15,đều
U011,2025-07-10,841199,0,-31652368,15,16,đều
U011,2025-07-11,318656,0,-31971024,14,17,đều
U011,2025-07-12,1327954,0,-33298978,13,18,đều
U011,2025-07-13,1895882,0,-35194860,12,19,đều
U011,2025-07-14,1384432,0,-36579292,11,20,đều
U011,2025-07-15,201117,0,-36780409,10,21,đều
U011,2025-07-16,992140,0,-37772549,9,22,đều
U011,2025-07-17,687272,0,-38459821,8,23,đều
U011,2025-07-18,536857,0,-38996678,7,24,đều
U011,2025-07-19,870025,0,-39866703,6,25,đều
U011,2025-07-20,780434,0,-40647137,5,26,đều
U011,2025-07-21,1015252,0,-41662389,4,27,đều
U011,2025-07-22,847305,0,-42509694,3,28,đều
U011,2025-07-23,529061,0,-43038755,2,29,đều
U011,2025-07-24,657726,0,-43696481,1,30,đều
U011,2025-07-25,616615,23546014,-20767082,31,1,đều
U011,2025-07-26,416896,0,-21183978,30,2,đều
U011,2025-07-27,478555,0,-21662533,29,3,đều
U011,2025-07-28,761280,0,-22423813,28,4,đều
U011,2025-07-29,1464004,0,-23887817,27,5,đều
U011,2025-07-30,668614,0,-24556431,26,6,đều
U011,2025-07-31,611831,0,-25168262,25,7,đều
U011,2025-08-01,516417,0,-25684679,24,8,đều
U011,2025-08-02,838524,0,-26523203,23,9,đều
U011,2025-08-03,1327606,0,-27850809,22,10,đều
U011,2025-08-04,1845494,0,-29696303,21,11,đều
U011,2025-08-05,928517,0,-30624820,20,12,đều
U011,2025-08-06,876053,0,-31500873,19,13,đều
U011,2025-08-07,666500,0,-32167373,18,14,đều
U011,2025-08-08,712516,0,-32879889,17,15,đều
U011,2025-08-09,1065393,0,-33945282,16,16,đều
U011,2025-08-10,730317,0,-34675599,15,17,đều
U011,2025-08-11,776282,0,-35451881,14,18,đều
U011,2025-08-12,819988,0,-36271869,13,19,đều
U011,2025-08-13,653994,0,-36925863,12,20,đều
U011,2025-08-14,803870,0,-37729733,11,21,đều
U011,2025-08-15,369321,0,-38099054,10,22,đều
U011,2025-08-16,1031700,0,-39130754,9,23,đều
U011,2025-08-17,2122050,0,-41252804,8,24,đều
U011,2025-08-18,664219,0,-41917023,7,25,đều
U011,2025-08-19,961951,0,-42878974,6,26,đều
U011,2025-08-20,1164514,0,-44043488,5,27,đều
U011,2025-08-21,1382315,0,-45425803,4,28,đều
U011,2025-08-22,745236,0,-46171039,3,29,đều
U011,2025-08-23,402664,0,-46573703,2,30,đều
U011,2025-08-24,921794,0,-47495497,1,31,đều
U011,2025-08-25,872079,23546014,-24821562,31,1,đều
U011,2025-08-26,721377,0,-25542939,30,2,đều
U011,2025-08-27,785267,0,-26328206,29,3,đều
U011,2025-08-28,877346,0,-27205552,28,4,đều
U011,2025-08-29,957316,0,-28162868,27,5,đều
U011,2025-08-30,941386,0,-29104254,26,6,đều
U011,2025-08-31,759268,0,-29863522,25,7,đều
U011,2025-09-01,965977,0,-30829499,24,8,đều
U011,2025-09-02,739088,0,-31568587,23,9,đều
U011,2025-09-03,1070883,0,-32639470,22,10,đều
U011,2025-09-04,644485,0,-33283955,21,11,đều
U011,2025-09-05,852909,0,-34136864,20,12,đều
U011,2025-09-06,432652,0,-34569516,19,13,đều
U011,2025-09-07,714416,0,-35283932,18,14,đều
U011,2025-09-08,1039427,0,-36323359,17,15,đều
U011,2025-09-09,547814,0,-36871173,16,16,đều
U011,2025-09-10,728792,0,-37599965,15,17,đều
U011,2025-09-11,316525,0,-37916490,14,18,đều
U011,2025-09-12,479239,0,-38395729,13,19,đều
U011,2025-09-13,532104,0,-38927833,12,20,đều
U011,2025-09-14,862754,0,-39790587,11,21,đều
U011,2025-09-15,946520,0,-40737107,10,22,đều
U011,2025-09-16,809978,0,-41547085,9,23,đều
U011,2025-09-17,710800,0,-42257885,8,24,đều
U011,2025-09-18,711794,0,-42969679,7,25,đều
U011,2025-09-19,1103064,0,-44072743,6,26,đều
U011,2025-09-20,901948,0,-44974691,5,27,đều
U011,2025-09-21,724767,0,-45699458,4,28,đều
U011,2025-09-22,1389569,0,-47089027,3,29,đều
U011,2025-09-23,1806992,0,-48896019,2,30,đều
U011,2025-09-24,503273,0,-49399292,1,31,đều
U011,2025-09-25,1020893,23546014,-26874171,30,1,đều
U011,2025-09-26,2850885,0,-29725056,29,2,đều
U011,2025-09-27,926590,0,-30651646,28,3,đều
U011,2025-09-28,867492,0,-31519138,27,4,đều
U011,2025-09-29,810082,0,-32329220,26,5,đều
U011,2025-09-30,1007776,0,-33336996,25,6,đều
U011,2025-10-01,1120341,0,-34457337,24,7,đều
U011,2025-10-02,503469,0,-34960806,23,8,đều
U011,2025-10-03,819616,0,-35780422,22,9,đều
U011,2025-10-04,334163,0,-36114585,21,10,đều
U011,2025-10-05,761814,0,-36876399,20,11,đều
U011,2025-10-06,577295,0,-37453694,19,12,đều
U011,2025-10-07,948707,0,-38402401,18,13,đều
U011,2025-10-08,427040,0,-38829441,17,14,đều
U011,2025-10-09,674858,0,-39504299,16,15,đều
U011,2025-10-10,1219318,0,-40723617,15,16,đều
U011,2025-10-11,632004,0,-41355621,14,17,đều
U011,2025-10-12,386625,0,-41742246,13,18,đều
U011,2025-10-13,918225,0,-42660471,12,19,đều
U011,2025-10-14,655119,0,-43315590,11,20,đều
U011,2025-10-15,768988,0,-44084578,10,21,đều
U011,2025-10-16,618614,0,-44703192,9,22,đều
U011,2025-10-17,1824731,0,-46527923,8,23,đều
U011,2025-10-18,444167,0,-46972090,7,24,đều
U011,2025-10-19,2572999,0,-49545089,6,25,đều
U011,2025-10-20,708517,0,-50253606,5,26,đều
U011,2025-10-21,891413,0,-51145019,4,27,đều
U011,2025-10-22,658201,0,-51803220,3,28,đều
U011,2025-10-23,647278,0,-52450498,2,29,đều
U011,2025-10-24,605163,0,-53055661,1,30,đều
U011,2025-10-25,1053562,23546014,-30563209,31,1,đều
U011,2025-10-26,471118,0,-31034327,30,2,đều
U011,2025-10-27,958215,0,-31992542,29,3,đều
U011,2025-10-28,345721,0,-32338263,28,4,đều
U011,2025-10-29,924119,0,-33262382,27,5,đều
U011,2025-10-30,1163381,0,-34425763,26,6,đều
U011,2025-10-31,497513,0,-34923276,25,7,đều
U011,2025-11-01,1086727,0,-36010003,24,8,đều
U011,2025-11-02,845547,0,-36855550,23,9,đều
U011,2025-11-03,1569951,0,-38425501,22,10,đều
U011,2025-11-04,588364,0,-39013865,21,11,đều
U011,2025-11-05,2555041,0,-41568906,20,12,đều
U011,2025-11-06,318339,0,-41887245,19,13,đều
U011,2025-11-07,726056,0,-42613301,18,14,đều
U011,2025-11-08,419894,0,-43033195,17,15,đều
U011,2025-11-09,1736889,0,-44770084,16,16,đều
U011,2025-11-10,746017,0,-45516101,15,17,đều
U011,2025-11-11,773368,0,-46289469,14,18,đều
U011,2025-11-12,989030,0,-47278499,13,19,đều
U011,2025-11-13,826754,0,-48105253,12,20,đều
U011,2025-11-14,653227,0,-48758480,11,21,đều
U011,2025-11-15,501082,0,-49259562,10,22,đều
U011,2025-11-16,886104,0,-50145666,9,23,đều
U011,2025-11-17,963876,0,-51109542,8,24,đều
U011,2025-11-18,1093982,0,-52203524,7,25,đều
U011,2025-11-19,1780269,0,-53983793,6,26,đều
U011,2025-11-20,347207,0,-54331000,5,27,đều
U011,2025-11-21,806208,0,-55137208,4,28,đều
U011,2025-11-22,1334249,0,-56471457,3,29,đều
U011,2025-11-23,788096,0,-57259553,2,30,đều
U011,2025-11-24,325109,0,-57584662,1,31,đều
U011,2025-11-25,494236,23546014,-34532884,30,1,đều
U011,2025-11-26,944690,0,-35477574,29,2,đều
U011,2025-11-27,931045,0,-36408619,28,3,đều
U011,2025-11-28,1084026,0,-37492645,27,4,đều
U011,2025-11-29,606088,0,-38098733,26,5,đều
U011,2025-11-30,919088,0,-39017821,25,6,đều
U011,2025-12-01,567411,0,-39585232,24,7,đều
U011,2025-12-02,919116,0,-40504348,23,8,đều
U011,2025-12-03,846165,0,-41350513,22,9,đều
U011,2025-12-04,596503,0,-41947016,21,10,đều
U011,2025-12-05,1544881,0,-43491897,20,11,đều
U011,2025-12-06,418708,0,-43910605,19,12,đều
U011,2025-12-07,782724,0,-44693329,18,13,đều
U011,2025-12-08,591266,0,-45284595,17,14,đều
U011,2025-12-09,1725220,0,-47009815,16,15,đều
U011,2025-12-10,1052358,0,-48062173,15,16,đều
U011,2025-12-11,638872,0,-48701045,14,17,đều
U011,2025-12-12,740661,0,-49441706,13,18,đều
U011,2025-12-13,1743992,0,-51185698,12,19,đều
U011,2025-12-14,567317,0,-51753015,11,20,đều
U011,2025-12-15,408973,0,-52161988,10,21,đều
U011,2025-12-16,930602,0,-53092590,9,22,đều
U011,2025-12-17,939065,0,-54031655,8,23,đều
U011,2025-12-18,1081217,0,-55112872,7,24,đều
U011,2025-12-19,1084072,0,-56196944,6,25,đều
U011,2025-12-20,1681954,0,-57878898,5,26,đều
U011,2025-12-21,416620,0,-58295518,4,27,đều
U011,2025-12-22,511991,0,-58807509,3,28,đều
U011,2025-12-23,1079562,0,-59887071,2,29,đều
U011,2025-12-24,532285,0,-60419356,1,30,đều
U011,2025-12-25,462568,23546014,-37335910,31,1,đều
U011,2025-12-26,1747195,0,-39083105,30,2,đều
U011,2025-12-27,433309,0,-39516414,29,3,đều
U011,2025-12-28,719762,0,-40236176,28,4,đều
U011,2025-12-29,808905,0,-41045081,27,5,đều
U011,2025-12-30,1398400,0,-42443481,26,6,đều
U011,2025-12-31,392253,0,-42835734,25,7,đều
U011,2026-01-01,978107,0,-43813841,24,8,đều
U011,2026-01-02,580145,0,-44393986,23,9,đều
U011,2026-01-03,1064727,0,-45458713,22,10,đều
U011,2026-01-04,576345,0,-46035058,21,11,đều
U011,2026-01-05,1553633,0,-47588691,20,12,đều
U011,2026-01-06,577692,0,-48166383,19,13,đều
U011,2026-01-07,309401,0,-48475784,18,14,đều
U011,2026-01-08,604190,0,-49079974,17,15,đều
U011,2026-01-09,746137,0,-49826111,16,16,đều
U011,2026-01-10,1277130,0,-51103241,15,17,đều
U011,2026-01-11,500728,0,-51603969,14,18,đều
U011,2026-01-12,504703,0,-52108672,13,19,đều
U011,2026-01-13,1216411,0,-53325083,12,20,đều
U011,2026-01-14,477870,0,-53802953,11,21,đều
U011,2026-01-15,771114,0,-54574067,10,22,đều
U011,2026-01-16,777411,0,-55351478,9,23,đều
U011,2026-01-17,903667,0,-56255145,8,24,đều
U011,2026-01-18,613690,0,-56868835,7,25,đều
U011,2026-01-19,571710,0,-57440545,6,26,đều
U011,2026-01-20,947083,0,-58387628,5,27,đều
U011,2026-01-21,578843,0,-58966471,4,28,đều
U011,2026-01-22,480795,0,-59447266,3,29,đều
U011,2026-01-23,1353635,0,-60800901,2,30,đều
U011,2026-01-24,1006936,0,-61807837,1,31,đều
U011,2026-01-25,1679800,23546014,-39941623,31,1,đều
U011,2026-01-26,1133444,0,-41075067,30,2,đều
U011,2026-01-27,498783,0,-41573850,29,3,đều
U011,2026-01-28,860899,0,-42434749,28,4,đều
U011,2026-01-29,551796,0,-42986545,27,5,đều
U011,2026-01-30,427855,0,-43414400,26,6,đều
U011,2026-01-31,692667,0,-44107067,25,7,đều
U011,2026-02-01,1226650,0,-45333717,24,8,đều
U011,2026-02-02,924630,0,-46258347,23,9,đều
U011,2026-02-03,474884,0,-46733231,22,10,đều
U011,2026-02-04,682998,0,-47416229,21,11,đều
U011,2026-02-05,782334,0,-48198563,20,12,đều
U011,2026-02-06,421485,0,-48620048,19,13,đều
U011,2026-02-07,1101797,0,-49721845,18,14,đều
U011,2026-02-08,755920,0,-50477765,17,15,đều
U011,2026-02-09,474941,0,-50952706,16,16,đều
U011,2026-02-10,464313,0,-51417019,15,17,đều
U011,2026-02-11,1286518,0,-52703537,14,18,đều
U011,2026-02-12,711307,0,-53414844,13,19,đều
U011,2026-02-13,1333510,0,-54748354,12,20,đều
U011,2026-02-14,1553540,0,-56301894,11,21,đều
U011,2026-02-15,1246891,0,-57548785,10,22,đều
U011,2026-02-16,669182,0,-58217967,9,23,đều
U011,2026-02-17,304993,0,-58522960,8,24,đều
U011,2026-02-18,938824,0,-59461784,7,25,đều
U011,2026-02-19,1912295,0,-61374079,6,26,đều
U011,2026-02-20,816701,0,-62190780,5,27,đều
U011,2026-02-21,373718,0,-62564498,4,28,đều
U011,2026-02-22,632372,0,-63196870,3,29,đều
U011,2026-02-23,769650,0,-63966520,2,30,đều
U011,2026-02-24,533913,0,-64500433,1,31,đều
U011,2026-02-25,297034,23546014,-41251453,28,1,đều
U011,2026-02-26,796549,0,-42048002,27,2,đều
U011,2026-02-27,605151,0,-42653153,26,3,đều
U011,2026-02-28,1683290,0,-44336443,25,4,đều
U011,2026-03-01,862506,0,-45198949,24,5,đều
U011,2026-03-02,999505,0,-46198454,23,6,đều
U011,2026-03-03,789812,0,-46988266,22,7,đều
U011,2026-03-04,859991,0,-47848257,21,8,đều
U011,2026-03-05,427737,0,-48275994,20,9,đều
U011,2026-03-06,546406,0,-48822400,19,10,đều
U011,2026-03-07,1280332,0,-50102732,18,11,đều
U011,2026-03-08,900737,0,-51003469,17,12,đều
U011,2026-03-09,706290,0,-51709759,16,13,đều
U011,2026-03-10,1006161,0,-52715920,15,14,đều
U011,2026-03-11,1014117,0,-53730037,14,15,đều
U011,2026-03-12,1836812,0,-55566849,13,16,đều
U011,2026-03-13,884175,0,-56451024,12,17,đều
U011,2026-03-14,541545,0,-56992569,11,18,đều
U011,2026-03-15,790883,0,-57783452,10,19,đều
U011,2026-03-16,1056224,0,-58839676,9,20,đều
U011,2026-03-17,1233601,0,-60073277,8,21,đều
U011,2026-03-18,434161,0,-60507438,7,22,đều
U011,2026-03-19,916820,0,-61424258,6,23,đều
U011,2026-03-20,578551,0,-62002809,5,24,đều
U011,2026-03-21,660354,0,-62663163,4,25,đều
U011,2026-03-22,1161845,0,-63825008,3,26,đều
U011,2026-03-23,1116471,0,-64941479,2,27,đều
U011,2026-03-24,631544,0,-65573023,1,28,đều
U011,2026-03-25,777662,23546014,-42804671,31,1,đều
U011,2026-03-26,668473,0,-43473144,30,2,đều
U011,2026-03-27,2633608,0,-46106752,29,3,đều
U011,2026-03-28,925906,0,-47032658,28,4,đều
U011,2026-03-29,592077,0,-47624735,27,5,đều
U011,2026-03-30,1405707,0,-49030442,26,6,đều
U011,2026-03-31,1425693,0,-50456135,25,7,đều
U011,2026-04-01,1696118,0,-52152253,24,8,đều
U011,2026-04-02,1909557,0,-54061810,23,9,đều
U011,2026-04-03,1099395,0,-55161205,22,10,đều
U011,2026-04-04,720171,0,-55881376,21,11,đều
U011,2026-04-05,763858,0,-56645234,20,12,đều
U011,2026-04-06,737008,0,-57382242,19,13,đều
U011,2026-04-07,704809,0,-58087051,18,14,đều
U011,2026-04-08,1360223,0,-59447274,17,15,đều
U011,2026-04-09,828583,0,-60275857,16,16,đều
U011,2026-04-10,1221699,0,-61497556,15,17,đều
U011,2026-04-11,1085760,0,-62583316,14,18,đều
U011,2026-04-12,533771,0,-63117087,13,19,đều
U011,2026-04-13,416780,0,-63533867,12,20,đều
U011,2026-04-14,505104,0,-64038971,11,21,đều
U011,2026-04-15,698368,0,-64737339,10,22,đều
U011,2026-04-16,874070,0,-65611409,9,23,đều
U011,2026-04-17,639131,0,-66250540,8,24,đều
U011,2026-04-18,1097352,0,-67347892,7,25,đều
U011,2026-04-19,670722,0,-68018614,6,26,đều
U011,2026-04-20,918013,0,-68936627,5,27,đều
U011,2026-04-21,868234,0,-69804861,4,28,đều
U011,2026-04-22,1657726,0,-71462587,3,29,đều
U011,2026-04-23,560782,0,-72023369,2,30,đều
U011,2026-04-24,2003792,0,-74027161,1,31,đều
U011,2026-04-25,653073,23546014,-51134220,30,1,đều
U011,2026-04-26,484640,0,-51618860,29,2,đều
U011,2026-04-27,759502,0,-52378362,28,3,đều
U011,2026-04-28,3027476,0,-55405838,27,4,đều
U011,2026-04-29,1185015,0,-56590853,26,5,đều
U011,2026-04-30,1054281,0,-57645134,25,6,đều
U011,2026-05-01,1138542,0,-58783676,24,7,đều
U011,2026-05-02,608862,0,-59392538,23,8,đều
U011,2026-05-03,943736,0,-60336274,22,9,đều
U011,2026-05-04,829174,0,-61165448,21,10,đều
U011,2026-05-05,1707961,0,-62873409,20,11,đều
U011,2026-05-06,793104,0,-63666513,19,12,đều
U011,2026-05-07,712029,0,-64378542,18,13,đều
U011,2026-05-08,519834,0,-64898376,17,14,đều
U011,2026-05-09,876060,0,-65774436,16,15,đều
U011,2026-05-10,931326,0,-66705762,15,16,đều
U011,2026-05-11,512240,0,-67218002,14,17,đều
U011,2026-05-12,992964,0,-68210966,13,18,đều
U011,2026-05-13,909323,0,-69120289,12,19,đều
U011,2026-05-14,1242409,0,-70362698,11,20,đều
U011,2026-05-15,1345305,0,-71708003,10,21,đều
U011,2026-05-16,860179,0,-72568182,9,22,đều
U011,2026-05-17,547238,0,-73115420,8,23,đều
U011,2026-05-18,594179,0,-73709599,7,24,đều
U011,2026-05-19,1676192,0,-75385791,6,25,đều
U011,2026-05-20,885033,0,-76270824,5,26,đều
U011,2026-05-21,1665516,0,-77936340,4,27,đều
U011,2026-05-22,1011178,0,-78947518,3,28,đều
U011,2026-05-23,1119820,0,-80067338,2,29,đều
U011,2026-05-24,1205824,0,-81273162,1,30,đều
U011,2026-05-25,507844,23546014,-58234992,31,1,đều
U011,2026-05-26,936556,0,-59171548,30,2,đều
U011,2026-05-27,505036,0,-59676584,29,3,đều
U011,2026-05-28,739123,0,-60415707,28,4,đều
U011,2026-05-29,1070089,0,-61485796,27,5,đều
U011,2026-05-30,549658,0,-62035454,26,6,đều
U011,2026-05-31,1036043,0,-63071497,25,7,đều
U011,2026-06-01,454902,0,-63526399,24,8,đều
U011,2026-06-02,1308657,0,-64835056,23,9,đều
U011,2026-06-03,635019,0,-65470075,22,10,đều
U011,2026-06-04,549266,0,-66019341,21,11,đều
U011,2026-06-05,466513,0,-66485854,20,12,đều
U011,2026-06-06,657002,0,-67142856,19,13,đều
U011,2026-06-07,386211,0,-67529067,18,14,đều
U011,2026-06-08,665188,0,-68194255,17,15,đều
U011,2026-06-09,1285912,0,-69480167,16,16,đều
U011,2026-06-10,768119,0,-70248286,15,17,đều
U011,2026-06-11,517196,0,-70765482,14,18,đều
U011,2026-06-12,906811,0,-71672293,13,19,đều
U011,2026-06-13,875318,0,-72547611,12,20,đều
U011,2026-06-14,1811794,0,-74359405,11,21,đều
U011,2026-06-15,1136510,0,-75495915,10,22,đều
U011,2026-06-16,936049,0,-76431964,9,23,đều
U011,2026-06-17,1189699,0,-77621663,8,24,đều
U011,2026-06-18,784994,0,-78406657,7,25,đều
U011,2026-06-19,803730,0,-79210387,6,26,đều
U011,2026-06-20,1608416,0,-80818803,5,27,đều
U011,2026-06-21,430608,0,-81249411,4,28,đều
U011,2026-06-22,1220001,0,-82469412,3,29,đều
U011,2026-06-23,792437,0,-83261849,2,30,đều
U011,2026-06-24,737181,0,-83999030,1,31,đều
U011,2026-06-25,663992,23546014,-61117008,30,1,đều
U011,2026-06-26,880860,0,-61997868,29,2,đều
U011,2026-06-27,814046,0,-62811914,28,3,đều
U011,2026-06-28,701730,0,-63513644,27,4,đều
U011,2026-06-29,625384,0,-64139028,26,5,đều
U011,2026-06-30,386564,0,-64525592,25,6,đều
U011,2026-07-01,620117,0,-65145709,24,7,đều
U012,2025-01-01,317796,0,-317796,24,8,tăng cuối tuần
U012,2025-01-02,304888,0,-622684,23,9,tăng cuối tuần
U012,2025-01-03,259002,0,-881686,22,10,tăng cuối tuần
U012,2025-01-04,1046802,0,-1928488,21,11,tăng cuối tuần
U012,2025-01-05,1481235,0,-3409723,20,12,tăng cuối tuần
U012,2025-01-06,493628,0,-3903351,19,13,tăng cuối tuần
U012,2025-01-07,521999,0,-4425350,18,14,tăng cuối tuần
U012,2025-01-08,543164,0,-4968514,17,15,tăng cuối tuần
U012,2025-01-09,574799,0,-5543313,16,16,tăng cuối tuần
U012,2025-01-10,348896,0,-5892209,15,17,tăng cuối tuần
U012,2025-01-11,3167031,0,-9059240,14,18,tăng cuối tuần
U012,2025-01-12,1208803,0,-10268043,13,19,tăng cuối tuần
U012,2025-01-13,407509,0,-10675552,12,20,tăng cuối tuần
U012,2025-01-14,655015,0,-11330567,11,21,tăng cuối tuần
U012,2025-01-15,489262,0,-11819829,10,22,tăng cuối tuần
U012,2025-01-16,159173,0,-11979002,9,23,tăng cuối tuần
U012,2025-01-17,390951,0,-12369953,8,24,tăng cuối tuần
U012,2025-01-18,1966636,0,-14336589,7,25,tăng cuối tuần
U012,2025-01-19,813955,0,-15150544,6,26,tăng cuối tuần
U012,2025-01-20,526686,0,-15677230,5,27,tăng cuối tuần
U012,2025-01-21,455953,0,-16133183,4,28,tăng cuối tuần
U012,2025-01-22,626342,0,-16759525,3,29,tăng cuối tuần
U012,2025-01-23,295762,0,-17055287,2,30,tăng cuối tuần
U012,2025-01-24,580962,0,-17636249,1,31,tăng cuối tuần
U012,2025-01-25,1484951,23782867,4661667,31,1,tăng cuối tuần
U012,2025-01-26,2823447,0,1838220,30,2,tăng cuối tuần
U012,2025-01-27,1188857,0,649363,29,3,tăng cuối tuần
U012,2025-01-28,721737,0,-72374,28,4,tăng cuối tuần
U012,2025-01-29,472735,0,-545109,27,5,tăng cuối tuần
U012,2025-01-30,987059,0,-1532168,26,6,tăng cuối tuần
U012,2025-01-31,496567,0,-2028735,25,7,tăng cuối tuần
U012,2025-02-01,968855,0,-2997590,24,8,tăng cuối tuần
U012,2025-02-02,1371396,0,-4368986,23,9,tăng cuối tuần
U012,2025-02-03,529004,0,-4897990,22,10,tăng cuối tuần
U012,2025-02-04,542783,0,-5440773,21,11,tăng cuối tuần
U012,2025-02-05,248694,0,-5689467,20,12,tăng cuối tuần
U012,2025-02-06,251871,0,-5941338,19,13,tăng cuối tuần
U012,2025-02-07,340292,0,-6281630,18,14,tăng cuối tuần
U012,2025-02-08,1725222,0,-8006852,17,15,tăng cuối tuần
U012,2025-02-09,1815868,0,-9822720,16,16,tăng cuối tuần
U012,2025-02-10,412753,0,-10235473,15,17,tăng cuối tuần
U012,2025-02-11,279375,0,-10514848,14,18,tăng cuối tuần
U012,2025-02-12,781414,0,-11296262,13,19,tăng cuối tuần
U012,2025-02-13,254043,0,-11550305,12,20,tăng cuối tuần
U012,2025-02-14,656724,0,-12207029,11,21,tăng cuối tuần
U012,2025-02-15,1872113,0,-14079142,10,22,tăng cuối tuần
U012,2025-02-16,2324887,0,-16404029,9,23,tăng cuối tuần
U012,2025-02-17,326541,0,-16730570,8,24,tăng cuối tuần
U012,2025-02-18,368436,0,-17099006,7,25,tăng cuối tuần
U012,2025-02-19,398754,0,-17497760,6,26,tăng cuối tuần
U012,2025-02-20,322392,0,-17820152,5,27,tăng cuối tuần
U012,2025-02-21,426849,0,-18247001,4,28,tăng cuối tuần
U012,2025-02-22,2620000,0,-20867001,3,29,tăng cuối tuần
U012,2025-02-23,829282,0,-21696283,2,30,tăng cuối tuần
U012,2025-02-24,299898,0,-21996181,1,31,tăng cuối tuần
U012,2025-02-25,287157,23782867,1499529,28,1,tăng cuối tuần
U012,2025-02-26,375614,0,1123915,27,2,tăng cuối tuần
U012,2025-02-27,369488,0,754427,26,3,tăng cuối tuần
U012,2025-02-28,531261,0,223166,25,4,tăng cuối tuần
U012,2025-03-01,1412029,0,-1188863,24,5,tăng cuối tuần
U012,2025-03-02,1572539,0,-2761402,23,6,tăng cuối tuần
U012,2025-03-03,457468,0,-3218870,22,7,tăng cuối tuần
U012,2025-03-04,430303,0,-3649173,21,8,tăng cuối tuần
U012,2025-03-05,516799,0,-4165972,20,9,tăng cuối tuần
U012,2025-03-06,371444,0,-4537416,19,10,tăng cuối tuần
U012,2025-03-07,753610,0,-5291026,18,11,tăng cuối tuần
U012,2025-03-08,3850436,0,-9141462,17,12,tăng cuối tuần
U012,2025-03-09,1847865,0,-10989327,16,13,tăng cuối tuần
U012,2025-03-10,427316,0,-11416643,15,14,tăng cuối tuần
U012,2025-03-11,500777,0,-11917420,14,15,tăng cuối tuần
U012,2025-03-12,251116,0,-12168536,13,16,tăng cuối tuần
U012,2025-03-13,419209,0,-12587745,12,17,tăng cuối tuần
U012,2025-03-14,291138,0,-12878883,11,18,tăng cuối tuần
U012,2025-03-15,1708352,0,-14587235,10,19,tăng cuối tuần
U012,2025-03-16,1041847,0,-15629082,9,20,tăng cuối tuần
U012,2025-03-17,339820,0,-15968902,8,21,tăng cuối tuần
U012,2025-03-18,184480,0,-16153382,7,22,tăng cuối tuần
U012,2025-03-19,243966,0,-16397348,6,23,tăng cuối tuần
U012,2025-03-20,449564,0,-16846912,5,24,tăng cuối tuần
U012,2025-03-21,275556,0,-17122468,4,25,tăng cuối tuần
U012,2025-03-22,2131973,0,-19254441,3,26,tăng cuối tuần
U012,2025-03-23,951213,0,-20205654,2,27,tăng cuối tuần
U012,2025-03-24,467608,0,-20673262,1,28,tăng cuối tuần
U012,2025-03-25,287602,23782867,2822003,31,1,tăng cuối tuần
U012,2025-03-26,455099,0,2366904,30,2,tăng cuối tuần
U012,2025-03-27,211117,0,2155787,29,3,tăng cuối tuần
U012,2025-03-28,325400,0,1830387,28,4,tăng cuối tuần
U012,2025-03-29,993077,0,837310,27,5,tăng cuối tuần
U012,2025-03-30,1983437,0,-1146127,26,6,tăng cuối tuần
U012,2025-03-31,469296,0,-1615423,25,7,tăng cuối tuần
U012,2025-04-01,238245,0,-1853668,24,8,tăng cuối tuần
U012,2025-04-02,359623,0,-2213291,23,9,tăng cuối tuần
U012,2025-04-03,286403,0,-2499694,22,10,tăng cuối tuần
U012,2025-04-04,570453,0,-3070147,21,11,tăng cuối tuần
U012,2025-04-05,2316710,0,-5386857,20,12,tăng cuối tuần
U012,2025-04-06,782611,0,-6169468,19,13,tăng cuối tuần
U012,2025-04-07,542946,0,-6712414,18,14,tăng cuối tuần
U012,2025-04-08,280622,0,-6993036,17,15,tăng cuối tuần
U012,2025-04-09,352539,0,-7345575,16,16,tăng cuối tuần
U012,2025-04-10,395136,0,-7740711,15,17,tăng cuối tuần
U012,2025-04-11,806715,0,-8547426,14,18,tăng cuối tuần
U012,2025-04-12,932392,0,-9479818,13,19,tăng cuối tuần
U012,2025-04-13,1945343,0,-11425161,12,20,tăng cuối tuần
U012,2025-04-14,244136,0,-11669297,11,21,tăng cuối tuần
U012,2025-04-15,237482,0,-11906779,10,22,tăng cuối tuần
U012,2025-04-16,394537,0,-12301316,9,23,tăng cuối tuần
U012,2025-04-17,393476,0,-12694792,8,24,tăng cuối tuần
U012,2025-04-18,125637,0,-12820429,7,25,tăng cuối tuần
U012,2025-04-19,2215276,0,-15035705,6,26,tăng cuối tuần
U012,2025-04-20,592084,0,-15627789,5,27,tăng cuối tuần
U012,2025-04-21,367952,0,-15995741,4,28,tăng cuối tuần
U012,2025-04-22,663397,0,-16659138,3,29,tăng cuối tuần
U012,2025-04-23,943882,0,-17603020,2,30,tăng cuối tuần
U012,2025-04-24,337346,0,-17940366,1,31,tăng cuối tuần
U012,2025-04-25,219895,23782867,5622606,30,1,tăng cuối tuần
U012,2025-04-26,2334407,0,3288199,29,2,tăng cuối tuần
U012,2025-04-27,1969148,0,1319051,28,3,tăng cuối tuần
U012,2025-04-28,320772,0,998279,27,4,tăng cuối tuần
U012,2025-04-29,304915,0,693364,26,5,tăng cuối tuần
U012,2025-04-30,292765,0,400599,25,6,tăng cuối tuần
U012,2025-05-01,339846,0,60753,24,7,tăng cuối tuần
U012,2025-05-02,442639,0,-381886,23,8,tăng cuối tuần
U012,2025-05-03,1110858,0,-1492744,22,9,tăng cuối tuần
U012,2025-05-04,1168483,0,-2661227,21,10,tăng cuối tuần
U012,2025-05-05,504133,0,-3165360,20,11,tăng cuối tuần
U012,2025-05-06,215587,0,-3380947,19,12,tăng cuối tuần
U012,2025-05-07,335611,0,-3716558,18,13,tăng cuối tuần
U012,2025-05-08,199527,0,-3916085,17,14,tăng cuối tuần
U012,2025-05-09,407358,0,-4323443,16,15,tăng cuối tuần
U012,2025-05-10,641322,0,-4964765,15,16,tăng cuối tuần
U012,2025-05-11,1988822,0,-6953587,14,17,tăng cuối tuần
U012,2025-05-12,230551,0,-7184138,13,18,tăng cuối tuần
U012,2025-05-13,191962,0,-7376100,12,19,tăng cuối tuần
U012,2025-05-14,337270,0,-7713370,11,20,tăng cuối tuần
U012,2025-05-15,773380,0,-8486750,10,21,tăng cuối tuần
U012,2025-05-16,518430,0,-9005180,9,22,tăng cuối tuần
U012,2025-05-17,645721,0,-9650901,8,23,tăng cuối tuần
U012,2025-05-18,814068,0,-10464969,7,24,tăng cuối tuần
U012,2025-05-19,332982,0,-10797951,6,25,tăng cuối tuần
U012,2025-05-20,954960,0,-11752911,5,26,tăng cuối tuần
U012,2025-05-21,267936,0,-12020847,4,27,tăng cuối tuần
U012,2025-05-22,268802,0,-12289649,3,28,tăng cuối tuần
U012,2025-05-23,718596,0,-13008245,2,29,tăng cuối tuần
U012,2025-05-24,1506066,0,-14514311,1,30,tăng cuối tuần
U012,2025-05-25,2122805,23782867,7145751,31,1,tăng cuối tuần
U012,2025-05-26,291631,0,6854120,30,2,tăng cuối tuần
U012,2025-05-27,374531,0,6479589,29,3,tăng cuối tuần
U012,2025-05-28,660225,0,5819364,28,4,tăng cuối tuần
U012,2025-05-29,368114,0,5451250,27,5,tăng cuối tuần
U012,2025-05-30,611276,0,4839974,26,6,tăng cuối tuần
U012,2025-05-31,1626524,0,3213450,25,7,tăng cuối tuần
U012,2025-06-01,919143,0,2294307,24,8,tăng cuối tuần
U012,2025-06-02,387533,0,1906774,23,9,tăng cuối tuần
U012,2025-06-03,577600,0,1329174,22,10,tăng cuối tuần
U012,2025-06-04,509839,0,819335,21,11,tăng cuối tuần
U012,2025-06-05,383840,0,435495,20,12,tăng cuối tuần
U012,2025-06-06,183029,0,252466,19,13,tăng cuối tuần
U012,2025-06-07,679187,0,-426721,18,14,tăng cuối tuần
U012,2025-06-08,739498,0,-1166219,17,15,tăng cuối tuần
U012,2025-06-09,318032,0,-1484251,16,16,tăng cuối tuần
U012,2025-06-10,335453,0,-1819704,15,17,tăng cuối tuần
U012,2025-06-11,216191,0,-2035895,14,18,tăng cuối tuần
U012,2025-06-12,587181,0,-2623076,13,19,tăng cuối tuần
U012,2025-06-13,235290,0,-2858366,12,20,tăng cuối tuần
U012,2025-06-14,805183,0,-3663549,11,21,tăng cuối tuần
U012,2025-06-15,1443156,0,-5106705,10,22,tăng cuối tuần
U012,2025-06-16,575875,0,-5682580,9,23,tăng cuối tuần
U012,2025-06-17,887377,0,-6569957,8,24,tăng cuối tuần
U012,2025-06-18,492427,0,-7062384,7,25,tăng cuối tuần
U012,2025-06-19,733817,0,-7796201,6,26,tăng cuối tuần
U012,2025-06-20,240208,0,-8036409,5,27,tăng cuối tuần
U012,2025-06-21,3304992,0,-11341401,4,28,tăng cuối tuần
U012,2025-06-22,661626,0,-12003027,3,29,tăng cuối tuần
U012,2025-06-23,318873,0,-12321900,2,30,tăng cuối tuần
U012,2025-06-24,488134,0,-12810034,1,31,tăng cuối tuần
U012,2025-06-25,205253,23782867,10767580,30,1,tăng cuối tuần
U012,2025-06-26,269214,0,10498366,29,2,tăng cuối tuần
U012,2025-06-27,252638,0,10245728,28,3,tăng cuối tuần
U012,2025-06-28,1230536,0,9015192,27,4,tăng cuối tuần
U012,2025-06-29,2460025,0,6555167,26,5,tăng cuối tuần
U012,2025-06-30,392705,0,6162462,25,6,tăng cuối tuần
U012,2025-07-01,324116,0,5838346,24,7,tăng cuối tuần
U012,2025-07-02,123051,0,5715295,23,8,tăng cuối tuần
U012,2025-07-03,470140,0,5245155,22,9,tăng cuối tuần
U012,2025-07-04,535036,0,4710119,21,10,tăng cuối tuần
U012,2025-07-05,705767,0,4004352,20,11,tăng cuối tuần
U012,2025-07-06,1356285,0,2648067,19,12,tăng cuối tuần
U012,2025-07-07,421378,0,2226689,18,13,tăng cuối tuần
U012,2025-07-08,573736,0,1652953,17,14,tăng cuối tuần
U012,2025-07-09,291903,0,1361050,16,15,tăng cuối tuần
U012,2025-07-10,274839,0,1086211,15,16,tăng cuối tuần
U012,2025-07-11,324969,0,761242,14,17,tăng cuối tuần
U012,2025-07-12,2328707,0,-1567465,13,18,tăng cuối tuần
U012,2025-07-13,2115046,0,-3682511,12,19,tăng cuối tuần
U012,2025-07-14,386754,0,-4069265,11,20,tăng cuối tuần
U012,2025-07-15,586539,0,-4655804,10,21,tăng cuối tuần
U012,2025-07-16,151238,0,-4807042,9,22,tăng cuối tuần
U012,2025-07-17,535387,0,-5342429,8,23,tăng cuối tuần
U012,2025-07-18,249341,0,-5591770,7,24,tăng cuối tuần
U012,2025-07-19,2824548,0,-8416318,6,25,tăng cuối tuần
U012,2025-07-20,910138,0,-9326456,5,26,tăng cuối tuần
U012,2025-07-21,277334,0,-9603790,4,27,tăng cuối tuần
U012,2025-07-22,488479,0,-10092269,3,28,tăng cuối tuần
U012,2025-07-23,507710,0,-10599979,2,29,tăng cuối tuần
U012,2025-07-24,326293,0,-10926272,1,30,tăng cuối tuần
U012,2025-07-25,452546,23782867,12404049,31,1,tăng cuối tuần
U012,2025-07-26,1698406,0,10705643,30,2,tăng cuối tuần
U012,2025-07-27,1630333,0,9075310,29,3,tăng cuối tuần
U012,2025-07-28,331791,0,8743519,28,4,tăng cuối tuần
U012,2025-07-29,477428,0,8266091,27,5,tăng cuối tuần
U012,2025-07-30,684628,0,7581463,26,6,tăng cuối tuần
U012,2025-07-31,238921,0,7342542,25,7,tăng cuối tuần
U012,2025-08-01,278747,0,7063795,24,8,tăng cuối tuần
U012,2025-08-02,1408381,0,5655414,23,9,tăng cuối tuần
U012,2025-08-03,913062,0,4742352,22,10,tăng cuối tuần
U012,2025-08-04,189609,0,4552743,21,11,tăng cuối tuần
U012,2025-08-05,604002,0,3948741,20,12,tăng cuối tuần
U012,2025-08-06,159942,0,3788799,19,13,tăng cuối tuần
U012,2025-08-07,332080,0,3456719,18,14,tăng cuối tuần
U012,2025-08-08,528428,0,2928291,17,15,tăng cuối tuần
U012,2025-08-09,1549943,0,1378348,16,16,tăng cuối tuần
U012,2025-08-10,1193200,0,185148,15,17,tăng cuối tuần
U012,2025-08-11,251477,0,-66329,14,18,tăng cuối tuần
U012,2025-08-12,447589,0,-513918,13,19,tăng cuối tuần
U012,2025-08-13,262689,0,-776607,12,20,tăng cuối tuần
U012,2025-08-14,433851,0,-1210458,11,21,tăng cuối tuần
U012,2025-08-15,412689,0,-1623147,10,22,tăng cuối tuần
U012,2025-08-16,1479866,0,-3103013,9,23,tăng cuối tuần
U012,2025-08-17,1078327,0,-4181340,8,24,tăng cuối tuần
U012,2025-08-18,880361,0,-5061701,7,25,tăng cuối tuần
U012,2025-08-19,450163,0,-5511864,6,26,tăng cuối tuần
U012,2025-08-20,348921,0,-5860785,5,27,tăng cuối tuần
U012,2025-08-21,433563,0,-6294348,4,28,tăng cuối tuần
U012,2025-08-22,286158,0,-6580506,3,29,tăng cuối tuần
U012,2025-08-23,1193651,0,-7774157,2,30,tăng cuối tuần
U012,2025-08-24,3626639,0,-11400796,1,31,tăng cuối tuần
U012,2025-08-25,286969,23782867,12095102,31,1,tăng cuối tuần
U012,2025-08-26,378123,0,11716979,30,2,tăng cuối tuần
U012,2025-08-27,325020,0,11391959,29,3,tăng cuối tuần
U012,2025-08-28,257360,0,11134599,28,4,tăng cuối tuần
U012,2025-08-29,461629,0,10672970,27,5,tăng cuối tuần
U012,2025-08-30,1413583,0,9259387,26,6,tăng cuối tuần
U012,2025-08-31,2005612,0,7253775,25,7,tăng cuối tuần
U012,2025-09-01,539455,0,6714320,24,8,tăng cuối tuần
U012,2025-09-02,559258,0,6155062,23,9,tăng cuối tuần
U012,2025-09-03,270169,0,5884893,22,10,tăng cuối tuần
U012,2025-09-04,504069,0,5380824,21,11,tăng cuối tuần
U012,2025-09-05,508994,0,4871830,20,12,tăng cuối tuần
U012,2025-09-06,925995,0,3945835,19,13,tăng cuối tuần
U012,2025-09-07,1226411,0,2719424,18,14,tăng cuối tuần
U012,2025-09-08,217867,0,2501557,17,15,tăng cuối tuần
U012,2025-09-09,509881,0,1991676,16,16,tăng cuối tuần
U012,2025-09-10,508943,0,1482733,15,17,tăng cuối tuần
U012,2025-09-11,691230,0,791503,14,18,tăng cuối tuần
U012,2025-09-12,355957,0,435546,13,19,tăng cuối tuần
U012,2025-09-13,1668836,0,-1233290,12,20,tăng cuối tuần
U012,2025-09-14,2068104,0,-3301394,11,21,tăng cuối tuần
U012,2025-09-15,288522,0,-3589916,10,22,tăng cuối tuần
U012,2025-09-16,271495,0,-3861411,9,23,tăng cuối tuần
U012,2025-09-17,292123,0,-4153534,8,24,tăng cuối tuần
U012,2025-09-18,339207,0,-4492741,7,25,tăng cuối tuần
U012,2025-09-19,275367,0,-4768108,6,26,tăng cuối tuần
U012,2025-09-20,1061420,0,-5829528,5,27,tăng cuối tuần
U012,2025-09-21,1981600,0,-7811128,4,28,tăng cuối tuần
U012,2025-09-22,375324,0,-8186452,3,29,tăng cuối tuần
U012,2025-09-23,440983,0,-8627435,2,30,tăng cuối tuần
U012,2025-09-24,312949,0,-8940384,1,31,tăng cuối tuần
U012,2025-09-25,304838,23782867,14537645,30,1,tăng cuối tuần
U012,2025-09-26,437270,0,14100375,29,2,tăng cuối tuần
U012,2025-09-27,1465158,0,12635217,28,3,tăng cuối tuần
U012,2025-09-28,1901671,0,10733546,27,4,tăng cuối tuần
U012,2025-09-29,656528,0,10077018,26,5,tăng cuối tuần
U012,2025-09-30,295824,0,9781194,25,6,tăng cuối tuần
U012,2025-10-01,550486,0,9230708,24,7,tăng cuối tuần
U012,2025-10-02,253257,0,8977451,23,8,tăng cuối tuần
U012,2025-10-03,894120,0,8083331,22,9,tăng cuối tuần
U012,2025-10-04,1017162,0,7066169,21,10,tăng cuối tuần
U012,2025-10-05,1836370,0,5229799,20,11,tăng cuối tuần
U012,2025-10-06,252505,0,4977294,19,12,tăng cuối tuần
U012,2025-10-07,367048,0,4610246,18,13,tăng cuối tuần
U012,2025-10-08,723877,0,3886369,17,14,tăng cuối tuần
U012,2025-10-09,281251,0,3605118,16,15,tăng cuối tuần
U012,2025-10-10,941997,0,2663121,15,16,tăng cuối tuần
U012,2025-10-11,1390173,0,1272948,14,17,tăng cuối tuần
U012,2025-10-12,2058183,0,-785235,13,18,tăng cuối tuần
U012,2025-10-13,458292,0,-1243527,12,19,tăng cuối tuần
U012,2025-10-14,468316,0,-1711843,11,20,tăng cuối tuần
U012,2025-10-15,220497,0,-1932340,10,21,tăng cuối tuần
U012,2025-10-16,322850,0,-2255190,9,22,tăng cuối tuần
U012,2025-10-17,629370,0,-2884560,8,23,tăng cuối tuần
U012,2025-10-18,1213866,0,-4098426,7,24,tăng cuối tuần
U012,2025-10-19,1472661,0,-5571087,6,25,tăng cuối tuần
U012,2025-10-20,210053,0,-5781140,5,26,tăng cuối tuần
U012,2025-10-21,314598,0,-6095738,4,27,tăng cuối tuần
U012,2025-10-22,611273,0,-6707011,3,28,tăng cuối tuần
U012,2025-10-23,233522,0,-6940533,2,29,tăng cuối tuần
U012,2025-10-24,519652,0,-7460185,1,30,tăng cuối tuần
U012,2025-10-25,1495783,23782867,14826899,31,1,tăng cuối tuần
U012,2025-10-26,1267639,0,13559260,30,2,tăng cuối tuần
U012,2025-10-27,348751,0,13210509,29,3,tăng cuối tuần
U012,2025-10-28,320511,0,12889998,28,4,tăng cuối tuần
U012,2025-10-29,332134,0,12557864,27,5,tăng cuối tuần
U012,2025-10-30,565791,0,11992073,26,6,tăng cuối tuần
U012,2025-10-31,328163,0,11663910,25,7,tăng cuối tuần
U012,2025-11-01,2870753,0,8793157,24,8,tăng cuối tuần
U012,2025-11-02,1570433,0,7222724,23,9,tăng cuối tuần
U012,2025-11-03,309768,0,6912956,22,10,tăng cuối tuần
U012,2025-11-04,575750,0,6337206,21,11,tăng cuối tuần
U012,2025-11-05,500640,0,5836566,20,12,tăng cuối tuần
U012,2025-11-06,201272,0,5635294,19,13,tăng cuối tuần
U012,2025-11-07,257892,0,5377402,18,14,tăng cuối tuần
U012,2025-11-08,1330254,0,4047148,17,15,tăng cuối tuần
U012,2025-11-09,739408,0,3307740,16,16,tăng cuối tuần
U012,2025-11-10,900131,0,2407609,15,17,tăng cuối tuần
U012,2025-11-11,541976,0,1865633,14,18,tăng cuối tuần
U012,2025-11-12,387996,0,1477637,13,19,tăng cuối tuần
U012,2025-11-13,340102,0,1137535,12,20,tăng cuối tuần
U012,2025-11-14,306882,0,830653,11,21,tăng cuối tuần
U012,2025-11-15,635035,0,195618,10,22,tăng cuối tuần
U012,2025-11-16,696553,0,-500935,9,23,tăng cuối tuần
U012,2025-11-17,834453,0,-1335388,8,24,tăng cuối tuần
U012,2025-11-18,731991,0,-2067379,7,25,tăng cuối tuần
U012,2025-11-19,309828,0,-2377207,6,26,tăng cuối tuần
U012,2025-11-20,560892,0,-2938099,5,27,tăng cuối tuần
U012,2025-11-21,477659,0,-3415758,4,28,tăng cuối tuần
U012,2025-11-22,1788279,0,-5204037,3,29,tăng cuối tuần
U012,2025-11-23,787783,0,-5991820,2,30,tăng cuối tuần
U012,2025-11-24,189248,0,-6181068,1,31,tăng cuối tuần
U012,2025-11-25,626010,23782867,16975789,30,1,tăng cuối tuần
U012,2025-11-26,176727,0,16799062,29,2,tăng cuối tuần
U012,2025-11-27,367620,0,16431442,28,3,tăng cuối tuần
U012,2025-11-28,336718,0,16094724,27,4,tăng cuối tuần
U012,2025-11-29,1158908,0,14935816,26,5,tăng cuối tuần
U012,2025-11-30,1579832,0,13355984,25,6,tăng cuối tuần
U012,2025-12-01,297463,0,13058521,24,7,tăng cuối tuần
U012,2025-12-02,456972,0,12601549,23,8,tăng cuối tuần
U012,2025-12-03,412729,0,12188820,22,9,tăng cuối tuần
U012,2025-12-04,903089,0,11285731,21,10,tăng cuối tuần
U012,2025-12-05,224116,0,11061615,20,11,tăng cuối tuần
U012,2025-12-06,1409515,0,9652100,19,12,tăng cuối tuần
U012,2025-12-07,1655456,0,7996644,18,13,tăng cuối tuần
U012,2025-12-08,352048,0,7644596,17,14,tăng cuối tuần
U012,2025-12-09,228491,0,7416105,16,15,tăng cuối tuần
U012,2025-12-10,644948,0,6771157,15,16,tăng cuối tuần
U012,2025-12-11,446349,0,6324808,14,17,tăng cuối tuần
U012,2025-12-12,234996,0,6089812,13,18,tăng cuối tuần
U012,2025-12-13,1660312,0,4429500,12,19,tăng cuối tuần
U012,2025-12-14,2751551,0,1677949,11,20,tăng cuối tuần
U012,2025-12-15,384445,0,1293504,10,21,tăng cuối tuần
U012,2025-12-16,389726,0,903778,9,22,tăng cuối tuần
U012,2025-12-17,730354,0,173424,8,23,tăng cuối tuần
U012,2025-12-18,264588,0,-91164,7,24,tăng cuối tuần
U012,2025-12-19,778484,0,-869648,6,25,tăng cuối tuần
U012,2025-12-20,2055878,0,-2925526,5,26,tăng cuối tuần
U012,2025-12-21,962569,0,-3888095,4,27,tăng cuối tuần
U012,2025-12-22,298575,0,-4186670,3,28,tăng cuối tuần
U012,2025-12-23,316209,0,-4502879,2,29,tăng cuối tuần
U012,2025-12-24,187336,0,-4690215,1,30,tăng cuối tuần
U012,2025-12-25,432904,23782867,18659748,31,1,tăng cuối tuần
U012,2025-12-26,274445,0,18385303,30,2,tăng cuối tuần
U012,2025-12-27,1568561,0,16816742,29,3,tăng cuối tuần
U012,2025-12-28,831238,0,15985504,28,4,tăng cuối tuần
U012,2025-12-29,564270,0,15421234,27,5,tăng cuối tuần
U012,2025-12-30,523941,0,14897293,26,6,tăng cuối tuần
U012,2025-12-31,294117,0,14603176,25,7,tăng cuối tuần
U012,2026-01-01,450423,0,14152753,24,8,tăng cuối tuần
U012,2026-01-02,403226,0,13749527,23,9,tăng cuối tuần
U012,2026-01-03,2520502,0,11229025,22,10,tăng cuối tuần
U012,2026-01-04,921776,0,10307249,21,11,tăng cuối tuần
U012,2026-01-05,367017,0,9940232,20,12,tăng cuối tuần
U012,2026-01-06,301888,0,9638344,19,13,tăng cuối tuần
U012,2026-01-07,397127,0,9241217,18,14,tăng cuối tuần
U012,2026-01-08,482817,0,8758400,17,15,tăng cuối tuần
U012,2026-01-09,300547,0,8457853,16,16,tăng cuối tuần
U012,2026-01-10,1204297,0,7253556,15,17,tăng cuối tuần
U012,2026-01-11,2050236,0,5203320,14,18,tăng cuối tuần
U012,2026-01-12,671328,0,4531992,13,19,tăng cuối tuần
U012,2026-01-13,475199,0,4056793,12,20,tăng cuối tuần
U012,2026-01-14,369128,0,3687665,11,21,tăng cuối tuần
U012,2026-01-15,355345,0,3332320,10,22,tăng cuối tuần
U012,2026-01-16,485694,0,2846626,9,23,tăng cuối tuần
U012,2026-01-17,1525993,0,1320633,8,24,tăng cuối tuần
U012,2026-01-18,720326,0,600307,7,25,tăng cuối tuần
U012,2026-01-19,490430,0,109877,6,26,tăng cuối tuần
U012,2026-01-20,276469,0,-166592,5,27,tăng cuối tuần
U012,2026-01-21,221308,0,-387900,4,28,tăng cuối tuần
U012,2026-01-22,200135,0,-588035,3,29,tăng cuối tuần
U012,2026-01-23,357769,0,-945804,2,30,tăng cuối tuần
U012,2026-01-24,927677,0,-1873481,1,31,tăng cuối tuần
U012,2026-01-25,549357,23782867,21360029,31,1,tăng cuối tuần
U012,2026-01-26,337966,0,21022063,30,2,tăng cuối tuần
U012,2026-01-27,320570,0,20701493,29,3,tăng cuối tuần
U012,2026-01-28,367369,0,20334124,28,4,tăng cuối tuần
U012,2026-01-29,303314,0,20030810,27,5,tăng cuối tuần
U012,2026-01-30,810831,0,19219979,26,6,tăng cuối tuần
U012,2026-01-31,1713389,0,17506590,25,7,tăng cuối tuần
U012,2026-02-01,1140758,0,16365832,24,8,tăng cuối tuần
U012,2026-02-02,380268,0,15985564,23,9,tăng cuối tuần
U012,2026-02-03,686897,0,15298667,22,10,tăng cuối tuần
U012,2026-02-04,571907,0,14726760,21,11,tăng cuối tuần
U012,2026-02-05,223150,0,14503610,20,12,tăng cuối tuần
U012,2026-02-06,264175,0,14239435,19,13,tăng cuối tuần
U012,2026-02-07,1018977,0,13220458,18,14,tăng cuối tuần
U012,2026-02-08,1168427,0,12052031,17,15,tăng cuối tuần
U012,2026-02-09,307403,0,11744628,16,16,tăng cuối tuần
U012,2026-02-10,395413,0,11349215,15,17,tăng cuối tuần
U012,2026-02-11,523542,0,10825673,14,18,tăng cuối tuần
U012,2026-02-12,559695,0,10265978,13,19,tăng cuối tuần
U012,2026-02-13,342273,0,9923705,12,20,tăng cuối tuần
U012,2026-02-14,724453,0,9199252,11,21,tăng cuối tuần
U012,2026-02-15,918856,0,8280396,10,22,tăng cuối tuần
U012,2026-02-16,316847,0,7963549,9,23,tăng cuối tuần
U012,2026-02-17,237060,0,7726489,8,24,tăng cuối tuần
U012,2026-02-18,615646,0,7110843,7,25,tăng cuối tuần
U012,2026-02-19,243353,0,6867490,6,26,tăng cuối tuần
U012,2026-02-20,499273,0,6368217,5,27,tăng cuối tuần
U012,2026-02-21,710907,0,5657310,4,28,tăng cuối tuần
U012,2026-02-22,1811978,0,3845332,3,29,tăng cuối tuần
U012,2026-02-23,368935,0,3476397,2,30,tăng cuối tuần
U012,2026-02-24,714327,0,2762070,1,31,tăng cuối tuần
U012,2026-02-25,248068,23782867,26296869,28,1,tăng cuối tuần
U012,2026-02-26,311277,0,25985592,27,2,tăng cuối tuần
U012,2026-02-27,336351,0,25649241,26,3,tăng cuối tuần
U012,2026-02-28,1310670,0,24338571,25,4,tăng cuối tuần
U012,2026-03-01,1213060,0,23125511,24,5,tăng cuối tuần
U012,2026-03-02,342289,0,22783222,23,6,tăng cuối tuần
U012,2026-03-03,340054,0,22443168,22,7,tăng cuối tuần
U012,2026-03-04,170350,0,22272818,21,8,tăng cuối tuần
U012,2026-03-05,580368,0,21692450,20,9,tăng cuối tuần
U012,2026-03-06,1225106,0,20467344,19,10,tăng cuối tuần
U012,2026-03-07,1569641,0,18897703,18,11,tăng cuối tuần
U012,2026-03-08,884474,0,18013229,17,12,tăng cuối tuần
U012,2026-03-09,257885,0,17755344,16,13,tăng cuối tuần
U012,2026-03-10,498497,0,17256847,15,14,tăng cuối tuần
U012,2026-03-11,455099,0,16801748,14,15,tăng cuối tuần
U012,2026-03-12,348143,0,16453605,13,16,tăng cuối tuần
U012,2026-03-13,527258,0,15926347,12,17,tăng cuối tuần
U012,2026-03-14,610171,0,15316176,11,18,tăng cuối tuần
U012,2026-03-15,1883559,0,13432617,10,19,tăng cuối tuần
U012,2026-03-16,428990,0,13003627,9,20,tăng cuối tuần
U012,2026-03-17,261896,0,12741731,8,21,tăng cuối tuần
U012,2026-03-18,219862,0,12521869,7,22,tăng cuối tuần
U012,2026-03-19,409468,0,12112401,6,23,tăng cuối tuần
U012,2026-03-20,684866,0,11427535,5,24,tăng cuối tuần
U012,2026-03-21,1271632,0,10155903,4,25,tăng cuối tuần
U012,2026-03-22,990510,0,9165393,3,26,tăng cuối tuần
U012,2026-03-23,421089,0,8744304,2,27,tăng cuối tuần
U012,2026-03-24,808093,0,7936211,1,28,tăng cuối tuần
U012,2026-03-25,463519,23782867,31255559,31,1,tăng cuối tuần
U012,2026-03-26,484002,0,30771557,30,2,tăng cuối tuần
U012,2026-03-27,636158,0,30135399,29,3,tăng cuối tuần
U012,2026-03-28,1682972,0,28452427,28,4,tăng cuối tuần
U012,2026-03-29,1019335,0,27433092,27,5,tăng cuối tuần
U012,2026-03-30,194125,0,27238967,26,6,tăng cuối tuần
U012,2026-03-31,269796,0,26969171,25,7,tăng cuối tuần
U012,2026-04-01,250745,0,26718426,24,8,tăng cuối tuần
U012,2026-04-02,507782,0,26210644,23,9,tăng cuối tuần
U012,2026-04-03,536822,0,25673822,22,10,tăng cuối tuần
U012,2026-04-04,1494463,0,24179359,21,11,tăng cuối tuần
U012,2026-04-05,838670,0,23340689,20,12,tăng cuối tuần
U012,2026-04-06,797089,0,22543600,19,13,tăng cuối tuần
U012,2026-04-07,330248,0,22213352,18,14,tăng cuối tuần
U012,2026-04-08,496568,0,21716784,17,15,tăng cuối tuần
U012,2026-04-09,397843,0,21318941,16,16,tăng cuối tuần
U012,2026-04-10,424025,0,20894916,15,17,tăng cuối tuần
U012,2026-04-11,1748594,0,19146322,14,18,tăng cuối tuần
U012,2026-04-12,1054567,0,18091755,13,19,tăng cuối tuần
U012,2026-04-13,657529,0,17434226,12,20,tăng cuối tuần
U012,2026-04-14,207374,0,17226852,11,21,tăng cuối tuần
U012,2026-04-15,257471,0,16969381,10,22,tăng cuối tuần
U012,2026-04-16,654126,0,16315255,9,23,tăng cuối tuần
U012,2026-04-17,493898,0,15821357,8,24,tăng cuối tuần
U012,2026-04-18,3848544,0,11972813,7,25,tăng cuối tuần
U012,2026-04-19,1431723,0,10541090,6,26,tăng cuối tuần
U012,2026-04-20,770084,0,9771006,5,27,tăng cuối tuần
U012,2026-04-21,185552,0,9585454,4,28,tăng cuối tuần
U012,2026-04-22,221611,0,9363843,3,29,tăng cuối tuần
U012,2026-04-23,558100,0,8805743,2,30,tăng cuối tuần
U012,2026-04-24,194451,0,8611292,1,31,tăng cuối tuần
U012,2026-04-25,1287357,23782867,31106802,30,1,tăng cuối tuần
U012,2026-04-26,2222032,0,28884770,29,2,tăng cuối tuần
U012,2026-04-27,476657,0,28408113,28,3,tăng cuối tuần
U012,2026-04-28,391806,0,28016307,27,4,tăng cuối tuần
U012,2026-04-29,325931,0,27690376,26,5,tăng cuối tuần
U012,2026-04-30,422935,0,27267441,25,6,tăng cuối tuần
U012,2026-05-01,491385,0,26776056,24,7,tăng cuối tuần
U012,2026-05-02,1069489,0,25706567,23,8,tăng cuối tuần
U012,2026-05-03,1616451,0,24090116,22,9,tăng cuối tuần
U012,2026-05-04,600463,0,23489653,21,10,tăng cuối tuần
U012,2026-05-05,356858,0,23132795,20,11,tăng cuối tuần
U012,2026-05-06,400846,0,22731949,19,12,tăng cuối tuần
U012,2026-05-07,473352,0,22258597,18,13,tăng cuối tuần
U012,2026-05-08,486317,0,21772280,17,14,tăng cuối tuần
U012,2026-05-09,1979650,0,19792630,16,15,tăng cuối tuần
U012,2026-05-10,928475,0,18864155,15,16,tăng cuối tuần
U012,2026-05-11,315689,0,18548466,14,17,tăng cuối tuần
U012,2026-05-12,320402,0,18228064,13,18,tăng cuối tuần
U012,2026-05-13,271718,0,17956346,12,19,tăng cuối tuần
U012,2026-05-14,189988,0,17766358,11,20,tăng cuối tuần
U012,2026-05-15,106116,0,17660242,10,21,tăng cuối tuần
U012,2026-05-16,2247277,0,15412965,9,22,tăng cuối tuần
U012,2026-05-17,748249,0,14664716,8,23,tăng cuối tuần
U012,2026-05-18,729918,0,13934798,7,24,tăng cuối tuần
U012,2026-05-19,524315,0,13410483,6,25,tăng cuối tuần
U012,2026-05-20,331641,0,13078842,5,26,tăng cuối tuần
U012,2026-05-21,499145,0,12579697,4,27,tăng cuối tuần
U012,2026-05-22,462377,0,12117320,3,28,tăng cuối tuần
U012,2026-05-23,896577,0,11220743,2,29,tăng cuối tuần
U012,2026-05-24,1384788,0,9835955,1,30,tăng cuối tuần
U012,2026-05-25,263589,23782867,33355233,31,1,tăng cuối tuần
U012,2026-05-26,506730,0,32848503,30,2,tăng cuối tuần
U012,2026-05-27,293020,0,32555483,29,3,tăng cuối tuần
U012,2026-05-28,375281,0,32180202,28,4,tăng cuối tuần
U012,2026-05-29,368857,0,31811345,27,5,tăng cuối tuần
U012,2026-05-30,1462533,0,30348812,26,6,tăng cuối tuần
U012,2026-05-31,2708948,0,27639864,25,7,tăng cuối tuần
U012,2026-06-01,354229,0,27285635,24,8,tăng cuối tuần
U012,2026-06-02,634920,0,26650715,23,9,tăng cuối tuần
U012,2026-06-03,472637,0,26178078,22,10,tăng cuối tuần
U012,2026-06-04,687931,0,25490147,21,11,tăng cuối tuần
U012,2026-06-05,340683,0,25149464,20,12,tăng cuối tuần
U012,2026-06-06,1840418,0,23309046,19,13,tăng cuối tuần
U012,2026-06-07,1360471,0,21948575,18,14,tăng cuối tuần
U012,2026-06-08,117987,0,21830588,17,15,tăng cuối tuần
U012,2026-06-09,252242,0,21578346,16,16,tăng cuối tuần
U012,2026-06-10,492394,0,21085952,15,17,tăng cuối tuần
U012,2026-06-11,479543,0,20606409,14,18,tăng cuối tuần
U012,2026-06-12,232371,0,20374038,13,19,tăng cuối tuần
U012,2026-06-13,1521483,0,18852555,12,20,tăng cuối tuần
U012,2026-06-14,1703768,0,17148787,11,21,tăng cuối tuần
U012,2026-06-15,384699,0,16764088,10,22,tăng cuối tuần
U012,2026-06-16,522098,0,16241990,9,23,tăng cuối tuần
U012,2026-06-17,494403,0,15747587,8,24,tăng cuối tuần
U012,2026-06-18,384626,0,15362961,7,25,tăng cuối tuần
U012,2026-06-19,317983,0,15044978,6,26,tăng cuối tuần
U012,2026-06-20,2113943,0,12931035,5,27,tăng cuối tuần
U012,2026-06-21,1676659,0,11254376,4,28,tăng cuối tuần
U012,2026-06-22,224473,0,11029903,3,29,tăng cuối tuần
U012,2026-06-23,426106,0,10603797,2,30,tăng cuối tuần
U012,2026-06-24,246144,0,10357653,1,31,tăng cuối tuần
U012,2026-06-25,265204,23782867,33875316,30,1,tăng cuối tuần
U012,2026-06-26,300535,0,33574781,29,2,tăng cuối tuần
U012,2026-06-27,1418341,0,32156440,28,3,tăng cuối tuần
U012,2026-06-28,1618229,0,30538211,27,4,tăng cuối tuần
U012,2026-06-29,331210,0,30207001,26,5,tăng cuối tuần
U012,2026-06-30,337058,0,29869943,25,6,tăng cuối tuần
U012,2026-07-01,318949,0,29550994,24,7,tăng cuối tuần
U013,2025-01-01,576923,19067412,18490489,31,1,dồn đầu chu kỳ
U013,2025-01-02,1177789,0,17312700,30,2,dồn đầu chu kỳ
U013,2025-01-03,758785,0,16553915,29,3,dồn đầu chu kỳ
U013,2025-01-04,994412,0,15559503,28,4,dồn đầu chu kỳ
U013,2025-01-05,257600,0,15301903,27,5,dồn đầu chu kỳ
U013,2025-01-06,342734,0,14959169,26,6,dồn đầu chu kỳ
U013,2025-01-07,669957,0,14289212,25,7,dồn đầu chu kỳ
U013,2025-01-08,980939,0,13308273,24,8,dồn đầu chu kỳ
U013,2025-01-09,322879,0,12985394,23,9,dồn đầu chu kỳ
U013,2025-01-10,421133,0,12564261,22,10,dồn đầu chu kỳ
U013,2025-01-11,556461,0,12007800,21,11,dồn đầu chu kỳ
U013,2025-01-12,255072,0,11752728,20,12,dồn đầu chu kỳ
U013,2025-01-13,539810,0,11212918,19,13,dồn đầu chu kỳ
U013,2025-01-14,144112,0,11068806,18,14,dồn đầu chu kỳ
U013,2025-01-15,489938,0,10578868,17,15,dồn đầu chu kỳ
U013,2025-01-16,258239,0,10320629,16,16,dồn đầu chu kỳ
U013,2025-01-17,306511,0,10014118,15,17,dồn đầu chu kỳ
U013,2025-01-18,452612,0,9561506,14,18,dồn đầu chu kỳ
U013,2025-01-19,395654,0,9165852,13,19,dồn đầu chu kỳ
U013,2025-01-20,311960,0,8853892,12,20,dồn đầu chu kỳ
U013,2025-01-21,434782,0,8419110,11,21,dồn đầu chu kỳ
U013,2025-01-22,140420,0,8278690,10,22,dồn đầu chu kỳ
U013,2025-01-23,281401,0,7997289,9,23,dồn đầu chu kỳ
U013,2025-01-24,176001,0,7821288,8,24,dồn đầu chu kỳ
U013,2025-01-25,322728,0,7498560,7,25,dồn đầu chu kỳ
U013,2025-01-26,270708,0,7227852,6,26,dồn đầu chu kỳ
U013,2025-01-27,250782,0,6977070,5,27,dồn đầu chu kỳ
U013,2025-01-28,328098,0,6648972,4,28,dồn đầu chu kỳ
U013,2025-01-29,238525,0,6410447,3,29,dồn đầu chu kỳ
U013,2025-01-30,125940,0,6284507,2,30,dồn đầu chu kỳ
U013,2025-01-31,116183,0,6168324,1,31,dồn đầu chu kỳ
U013,2025-02-01,830107,19067412,24405629,28,1,dồn đầu chu kỳ
U013,2025-02-02,670397,0,23735232,27,2,dồn đầu chu kỳ
U013,2025-02-03,818028,0,22917204,26,3,dồn đầu chu kỳ
U013,2025-02-04,245497,0,22671707,25,4,dồn đầu chu kỳ
U013,2025-02-05,1233276,0,21438431,24,5,dồn đầu chu kỳ
U013,2025-02-06,577245,0,20861186,23,6,dồn đầu chu kỳ
U013,2025-02-07,285034,0,20576152,22,7,dồn đầu chu kỳ
U013,2025-02-08,366039,0,20210113,21,8,dồn đầu chu kỳ
U013,2025-02-09,217466,0,19992647,20,9,dồn đầu chu kỳ
U013,2025-02-10,317971,0,19674676,19,10,dồn đầu chu kỳ
U013,2025-02-11,447695,0,19226981,18,11,dồn đầu chu kỳ
U013,2025-02-12,835836,0,18391145,17,12,dồn đầu chu kỳ
U013,2025-02-13,516363,0,17874782,16,13,dồn đầu chu kỳ
U013,2025-02-14,461283,0,17413499,15,14,dồn đầu chu kỳ
U013,2025-02-15,255530,0,17157969,14,15,dồn đầu chu kỳ
U013,2025-02-16,276477,0,16881492,13,16,dồn đầu chu kỳ
U013,2025-02-17,271924,0,16609568,12,17,dồn đầu chu kỳ
U013,2025-02-18,262915,0,16346653,11,18,dồn đầu chu kỳ
U013,2025-02-19,287443,0,16059210,10,19,dồn đầu chu kỳ
U013,2025-02-20,280245,0,15778965,9,20,dồn đầu chu kỳ
U013,2025-02-21,257649,0,15521316,8,21,dồn đầu chu kỳ
U013,2025-02-22,211913,0,15309403,7,22,dồn đầu chu kỳ
U013,2025-02-23,273701,0,15035702,6,23,dồn đầu chu kỳ
U013,2025-02-24,212893,0,14822809,5,24,dồn đầu chu kỳ
U013,2025-02-25,118081,0,14704728,4,25,dồn đầu chu kỳ
U013,2025-02-26,208506,0,14496222,3,26,dồn đầu chu kỳ
U013,2025-02-27,179206,0,14317016,2,27,dồn đầu chu kỳ
U013,2025-02-28,90315,0,14226701,1,28,dồn đầu chu kỳ
U013,2025-03-01,515254,19067412,32778859,31,1,dồn đầu chu kỳ
U013,2025-03-02,806117,0,31972742,30,2,dồn đầu chu kỳ
U013,2025-03-03,391602,0,31581140,29,3,dồn đầu chu kỳ
U013,2025-03-04,364505,0,31216635,28,4,dồn đầu chu kỳ
U013,2025-03-05,510379,0,30706256,27,5,dồn đầu chu kỳ
U013,2025-03-06,722724,0,29983532,26,6,dồn đầu chu kỳ
U013,2025-03-07,1125210,0,28858322,25,7,dồn đầu chu kỳ
U013,2025-03-08,686655,0,28171667,24,8,dồn đầu chu kỳ
U013,2025-03-09,786587,0,27385080,23,9,dồn đầu chu kỳ
U013,2025-03-10,564947,0,26820133,22,10,dồn đầu chu kỳ
U013,2025-03-11,360310,0,26459823,21,11,dồn đầu chu kỳ
U013,2025-03-12,591837,0,25867986,20,12,dồn đầu chu kỳ
U013,2025-03-13,423392,0,25444594,19,13,dồn đầu chu kỳ
U013,2025-03-14,488667,0,24955927,18,14,dồn đầu chu kỳ
U013,2025-03-15,275606,0,24680321,17,15,dồn đầu chu kỳ
U013,2025-03-16,463357,0,24216964,16,16,dồn đầu chu kỳ
U013,2025-03-17,349355,0,23867609,15,17,dồn đầu chu kỳ
U013,2025-03-18,382522,0,23485087,14,18,dồn đầu chu kỳ
U013,2025-03-19,319772,0,23165315,13,19,dồn đầu chu kỳ
U013,2025-03-20,280111,0,22885204,12,20,dồn đầu chu kỳ
U013,2025-03-21,358205,0,22526999,11,21,dồn đầu chu kỳ
U013,2025-03-22,235632,0,22291367,10,22,dồn đầu chu kỳ
U013,2025-03-23,137351,0,22154016,9,23,dồn đầu chu kỳ
U013,2025-03-24,114088,0,22039928,8,24,dồn đầu chu kỳ
U013,2025-03-25,240655,0,21799273,7,25,dồn đầu chu kỳ
U013,2025-03-26,171971,0,21627302,6,26,dồn đầu chu kỳ
U013,2025-03-27,94029,0,21533273,5,27,dồn đầu chu kỳ
U013,2025-03-28,177288,0,21355985,4,28,dồn đầu chu kỳ
U013,2025-03-29,146406,0,21209579,3,29,dồn đầu chu kỳ
U013,2025-03-30,109829,0,21099750,2,30,dồn đầu chu kỳ
U013,2025-03-31,128303,0,20971447,1,31,dồn đầu chu kỳ
U013,2025-04-01,1104577,19067412,38934282,30,1,dồn đầu chu kỳ
U013,2025-04-02,1061286,0,37872996,29,2,dồn đầu chu kỳ
U013,2025-04-03,653494,0,37219502,28,3,dồn đầu chu kỳ
U013,2025-04-04,579131,0,36640371,27,4,dồn đầu chu kỳ
U013,2025-04-05,619060,0,36021311,26,5,dồn đầu chu kỳ
U013,2025-04-06,637439,0,35383872,25,6,dồn đầu chu kỳ
U013,2025-04-07,489936,0,34893936,24,7,dồn đầu chu kỳ
U013,2025-04-08,565706,0,34328230,23,8,dồn đầu chu kỳ
U013,2025-04-09,271597,0,34056633,22,9,dồn đầu chu kỳ
U013,2025-04-10,508057,0,33548576,21,10,dồn đầu chu kỳ
U013,2025-04-11,573488,0,32975088,20,11,dồn đầu chu kỳ
U013,2025-04-12,374881,0,32600207,19,12,dồn đầu chu kỳ
U013,2025-04-13,421724,0,32178483,18,13,dồn đầu chu kỳ
U013,2025-04-14,269418,0,31909065,17,14,dồn đầu chu kỳ
U013,2025-04-15,244022,0,31665043,16,15,dồn đầu chu kỳ
U013,2025-04-16,418320,0,31246723,15,16,dồn đầu chu kỳ
U013,2025-04-17,273819,0,30972904,14,17,dồn đầu chu kỳ
U013,2025-04-18,171323,0,30801581,13,18,dồn đầu chu kỳ
U013,2025-04-19,212072,0,30589509,12,19,dồn đầu chu kỳ
U013,2025-04-20,212622,0,30376887,11,20,dồn đầu chu kỳ
U013,2025-04-21,402245,0,29974642,10,21,dồn đầu chu kỳ
U013,2025-04-22,297779,0,29676863,9,22,dồn đầu chu kỳ
U013,2025-04-23,182980,0,29493883,8,23,dồn đầu chu kỳ
U013,2025-04-24,190843,0,29303040,7,24,dồn đầu chu kỳ
U013,2025-04-25,377825,0,28925215,6,25,dồn đầu chu kỳ
U013,2025-04-26,299063,0,28626152,5,26,dồn đầu chu kỳ
U013,2025-04-27,120063,0,28506089,4,27,dồn đầu chu kỳ
U013,2025-04-28,270581,0,28235508,3,28,dồn đầu chu kỳ
U013,2025-04-29,147184,0,28088324,2,29,dồn đầu chu kỳ
U013,2025-04-30,184678,0,27903646,1,30,dồn đầu chu kỳ
U013,2025-05-01,611464,19067412,46359594,31,1,dồn đầu chu kỳ
U013,2025-05-02,1020178,0,45339416,30,2,dồn đầu chu kỳ
U013,2025-05-03,387990,0,44951426,29,3,dồn đầu chu kỳ
U013,2025-05-04,540899,0,44410527,28,4,dồn đầu chu kỳ
U013,2025-05-05,945479,0,43465048,27,5,dồn đầu chu kỳ
U013,2025-05-06,216331,0,43248717,26,6,dồn đầu chu kỳ
U013,2025-05-07,535483,0,42713234,25,7,dồn đầu chu kỳ
U013,2025-05-08,450717,0,42262517,24,8,dồn đầu chu kỳ
U013,2025-05-09,670240,0,41592277,23,9,dồn đầu chu kỳ
U013,2025-05-10,754473,0,40837804,22,10,dồn đầu chu kỳ
U013,2025-05-11,634683,0,40203121,21,11,dồn đầu chu kỳ
U013,2025-05-12,502174,0,39700947,20,12,dồn đầu chu kỳ
U013,2025-05-13,445308,0,39255639,19,13,dồn đầu chu kỳ
U013,2025-05-14,366421,0,38889218,18,14,dồn đầu chu kỳ
U013,2025-05-15,437629,0,38451589,17,15,dồn đầu chu kỳ
U013,2025-05-16,689373,0,37762216,16,16,dồn đầu chu kỳ
U013,2025-05-17,262983,0,37499233,15,17,dồn đầu chu kỳ
U013,2025-05-18,296916,0,37202317,14,18,dồn đầu chu kỳ
U013,2025-05-19,320998,0,36881319,13,19,dồn đầu chu kỳ
U013,2025-05-20,467052,0,36414267,12,20,dồn đầu chu kỳ
U013,2025-05-21,322644,0,36091623,11,21,dồn đầu chu kỳ
U013,2025-05-22,410797,0,35680826,10,22,dồn đầu chu kỳ
U013,2025-05-23,392156,0,35288670,9,23,dồn đầu chu kỳ
U013,2025-05-24,305935,0,34982735,8,24,dồn đầu chu kỳ
U013,2025-05-25,146057,0,34836678,7,25,dồn đầu chu kỳ
U013,2025-05-26,399675,0,34437003,6,26,dồn đầu chu kỳ
U013,2025-05-27,330364,0,34106639,5,27,dồn đầu chu kỳ
U013,2025-05-28,174265,0,33932374,4,28,dồn đầu chu kỳ
U013,2025-05-29,87464,0,33844910,3,29,dồn đầu chu kỳ
U013,2025-05-30,71849,0,33773061,2,30,dồn đầu chu kỳ
U013,2025-05-31,128689,0,33644372,1,31,dồn đầu chu kỳ
U013,2025-06-01,492985,19067412,52218799,30,1,dồn đầu chu kỳ
U013,2025-06-02,319426,0,51899373,29,2,dồn đầu chu kỳ
U013,2025-06-03,328022,0,51571351,28,3,dồn đầu chu kỳ
U013,2025-06-04,496419,0,51074932,27,4,dồn đầu chu kỳ
U013,2025-06-05,628339,0,50446593,26,5,dồn đầu chu kỳ
U013,2025-06-06,988452,0,49458141,25,6,dồn đầu chu kỳ
U013,2025-06-07,662011,0,48796130,24,7,dồn đầu chu kỳ
U013,2025-06-08,452911,0,48343219,23,8,dồn đầu chu kỳ
U013,2025-06-09,593330,0,47749889,22,9,dồn đầu chu kỳ
U013,2025-06-10,552405,0,47197484,21,10,dồn đầu chu kỳ
U013,2025-06-11,637039,0,46560445,20,11,dồn đầu chu kỳ
U013,2025-06-12,448796,0,46111649,19,12,dồn đầu chu kỳ
U013,2025-06-13,663162,0,45448487,18,13,dồn đầu chu kỳ
U013,2025-06-14,584437,0,44864050,17,14,dồn đầu chu kỳ
U013,2025-06-15,415908,0,44448142,16,15,dồn đầu chu kỳ
U013,2025-06-16,366585,0,44081557,15,16,dồn đầu chu kỳ
U013,2025-06-17,529637,0,43551920,14,17,dồn đầu chu kỳ
U013,2025-06-18,262144,0,43289776,13,18,dồn đầu chu kỳ
U013,2025-06-19,181090,0,43108686,12,19,dồn đầu chu kỳ
U013,2025-06-20,170912,0,42937774,11,20,dồn đầu chu kỳ
U013,2025-06-21,214579,0,42723195,10,21,dồn đầu chu kỳ
U013,2025-06-22,360888,0,42362307,9,22,dồn đầu chu kỳ
U013,2025-06-23,218962,0,42143345,8,23,dồn đầu chu kỳ
U013,2025-06-24,262005,0,41881340,7,24,dồn đầu chu kỳ
U013,2025-06-25,183365,0,41697975,6,25,dồn đầu chu kỳ
U013,2025-06-26,169232,0,41528743,5,26,dồn đầu chu kỳ
U013,2025-06-27,124594,0,41404149,4,27,dồn đầu chu kỳ
U013,2025-06-28,163760,0,41240389,3,28,dồn đầu chu kỳ
U013,2025-06-29,141722,0,41098667,2,29,dồn đầu chu kỳ
U013,2025-06-30,158196,0,40940471,1,30,dồn đầu chu kỳ
U013,2025-07-01,732350,19067412,59275533,31,1,dồn đầu chu kỳ
U013,2025-07-02,586716,0,58688817,30,2,dồn đầu chu kỳ
U013,2025-07-03,337779,0,58351038,29,3,dồn đầu chu kỳ
U013,2025-07-04,919330,0,57431708,28,4,dồn đầu chu kỳ
U013,2025-07-05,561769,0,56869939,27,5,dồn đầu chu kỳ
U013,2025-07-06,581559,0,56288380,26,6,dồn đầu chu kỳ
U013,2025-07-07,1034623,0,55253757,25,7,dồn đầu chu kỳ
U013,2025-07-08,758655,0,54495102,24,8,dồn đầu chu kỳ
U013,2025-07-09,609325,0,53885777,23,9,dồn đầu chu kỳ
U013,2025-07-10,491338,0,53394439,22,10,dồn đầu chu kỳ
U013,2025-07-11,471705,0,52922734,21,11,dồn đầu chu kỳ
U013,2025-07-12,501996,0,52420738,20,12,dồn đầu chu kỳ
U013,2025-07-13,515586,0,51905152,19,13,dồn đầu chu kỳ
U013,2025-07-14,833329,0,51071823,18,14,dồn đầu chu kỳ
U013,2025-07-15,1082133,0,49989690,17,15,dồn đầu chu kỳ
U013,2025-07-16,431827,0,49557863,16,16,dồn đầu chu kỳ
U013,2025-07-17,154931,0,49402932,15,17,dồn đầu chu kỳ
U013,2025-07-18,238313,0,49164619,14,18,dồn đầu chu kỳ
U013,2025-07-19,682824,0,48481795,13,19,dồn đầu chu kỳ
U013,2025-07-20,417185,0,48064610,12,20,dồn đầu chu kỳ
U013,2025-07-21,349900,0,47714710,11,21,dồn đầu chu kỳ
U013,2025-07-22,259297,0,47455413,10,22,dồn đầu chu kỳ
U013,2025-07-23,161162,0,47294251,9,23,dồn đầu chu kỳ
U013,2025-07-24,472328,0,46821923,8,24,dồn đầu chu kỳ
U013,2025-07-25,160824,0,46661099,7,25,dồn đầu chu kỳ
U013,2025-07-26,275321,0,46385778,6,26,dồn đầu chu kỳ
U013,2025-07-27,111605,0,46274173,5,27,dồn đầu chu kỳ
U013,2025-07-28,155870,0,46118303,4,28,dồn đầu chu kỳ
U013,2025-07-29,226131,0,45892172,3,29,dồn đầu chu kỳ
U013,2025-07-30,121376,0,45770796,2,30,dồn đầu chu kỳ
U013,2025-07-31,100312,0,45670484,1,31,dồn đầu chu kỳ
U013,2025-08-01,655524,19067412,64082372,31,1,dồn đầu chu kỳ
U013,2025-08-02,372039,0,63710333,30,2,dồn đầu chu kỳ
U013,2025-08-03,335348,0,63374985,29,3,dồn đầu chu kỳ
U013,2025-08-04,797202,0,62577783,28,4,dồn đầu chu kỳ
U013,2025-08-05,490892,0,62086891,27,5,dồn đầu chu kỳ
U013,2025-08-06,747287,0,61339604,26,6,dồn đầu chu kỳ
U013,2025-08-07,853092,0,60486512,25,7,dồn đầu chu kỳ
U013,2025-08-08,852109,0,59634403,24,8,dồn đầu chu kỳ
U013,2025-08-09,266498,0,59367905,23,9,dồn đầu chu kỳ
U013,2025-08-10,372010,0,58995895,22,10,dồn đầu chu kỳ
U013,2025-08-11,587600,0,58408295,21,11,dồn đầu chu kỳ
U013,2025-08-12,568924,0,57839371,20,12,dồn đầu chu kỳ
U013,2025-08-13,1077410,0,56761961,19,13,dồn đầu chu kỳ
U013,2025-08-14,292312,0,56469649,18,14,dồn đầu chu kỳ
U013,2025-08-15,642040,0,55827609,17,15,dồn đầu chu kỳ
U013,2025-08-16,446228,0,55381381,16,16,dồn đầu chu kỳ
U013,2025-08-17,190223,0,55191158,15,17,dồn đầu chu kỳ
U013,2025-08-18,280103,0,54911055,14,18,dồn đầu chu kỳ
U013,2025-08-19,367473,0,54543582,13,19,dồn đầu chu kỳ
U013,2025-08-20,158273,0,54385309,12,20,dồn đầu chu kỳ
U013,2025-08-21,128723,0,54256586,11,21,dồn đầu chu kỳ
U013,2025-08-22,137031,0,54119555,10,22,dồn đầu chu kỳ
U013,2025-08-23,287628,0,53831927,9,23,dồn đầu chu kỳ
U013,2025-08-24,198878,0,53633049,8,24,dồn đầu chu kỳ
U013,2025-08-25,174446,0,53458603,7,25,dồn đầu chu kỳ
U013,2025-08-26,162709,0,53295894,6,26,dồn đầu chu kỳ
U013,2025-08-27,106229,0,53189665,5,27,dồn đầu chu kỳ
U013,2025-08-28,141542,0,53048123,4,28,dồn đầu chu kỳ
U013,2025-08-29,73389,0,52974734,3,29,dồn đầu chu kỳ
U013,2025-08-30,215687,0,52759047,2,30,dồn đầu chu kỳ
U013,2025-08-31,228744,0,52530303,1,31,dồn đầu chu kỳ
U013,2025-09-01,257432,19067412,71340283,30,1,dồn đầu chu kỳ
U013,2025-09-02,526235,0,70814048,29,2,dồn đầu chu kỳ
U013,2025-09-03,524908,0,70289140,28,3,dồn đầu chu kỳ
U013,2025-09-04,558704,0,69730436,27,4,dồn đầu chu kỳ
U013,2025-09-05,867591,0,68862845,26,5,dồn đầu chu kỳ
U013,2025-09-06,467487,0,68395358,25,6,dồn đầu chu kỳ
U013,2025-09-07,526522,0,67868836,24,7,dồn đầu chu kỳ
U013,2025-09-08,1736939,0,66131897,23,8,dồn đầu chu kỳ
U013,2025-09-09,487483,0,65644414,22,9,dồn đầu chu kỳ
U013,2025-09-10,996799,0,64647615,21,10,dồn đầu chu kỳ
U013,2025-09-11,579292,0,64068323,20,11,dồn đầu chu kỳ
U013,2025-09-12,365426,0,63702897,19,12,dồn đầu chu kỳ
U013,2025-09-13,328405,0,63374492,18,13,dồn đầu chu kỳ
U013,2025-09-14,419037,0,62955455,17,14,dồn đầu chu kỳ
U013,2025-09-15,256414,0,62699041,16,15,dồn đầu chu kỳ
U013,2025-09-16,272156,0,62426885,15,16,dồn đầu chu kỳ
U013,2025-09-17,309534,0,62117351,14,17,dồn đầu chu kỳ
U013,2025-09-18,392140,0,61725211,13,18,dồn đầu chu kỳ
U013,2025-09-19,686796,0,61038415,12,19,dồn đầu chu kỳ
U013,2025-09-20,257775,0,60780640,11,20,dồn đầu chu kỳ
U013,2025-09-21,354900,0,60425740,10,21,dồn đầu chu kỳ
U013,2025-09-22,144539,0,60281201,9,22,dồn đầu chu kỳ
U013,2025-09-23,396284,0,59884917,8,23,dồn đầu chu kỳ
U013,2025-09-24,121254,0,59763663,7,24,dồn đầu chu kỳ
U013,2025-09-25,307646,0,59456017,6,25,dồn đầu chu kỳ
U013,2025-09-26,199107,0,59256910,5,26,dồn đầu chu kỳ
U013,2025-09-27,178928,0,59077982,4,27,dồn đầu chu kỳ
U013,2025-09-28,150664,0,58927318,3,28,dồn đầu chu kỳ
U013,2025-09-29,90327,0,58836991,2,29,dồn đầu chu kỳ
U013,2025-09-30,81407,0,58755584,1,30,dồn đầu chu kỳ
U013,2025-10-01,912135,19067412,76910861,31,1,dồn đầu chu kỳ
U013,2025-10-02,637896,0,76272965,30,2,dồn đầu chu kỳ
U013,2025-10-03,545555,0,75727410,29,3,dồn đầu chu kỳ
U013,2025-10-04,715350,0,75012060,28,4,dồn đầu chu kỳ
U013,2025-10-05,605244,0,74406816,27,5,dồn đầu chu kỳ
U013,2025-10-06,410215,0,73996601,26,6,dồn đầu chu kỳ
U013,2025-10-07,1459710,0,72536891,25,7,dồn đầu chu kỳ
U013,2025-10-08,709500,0,71827391,24,8,dồn đầu chu kỳ
U013,2025-10-09,536249,0,71291142,23,9,dồn đầu chu kỳ
U013,2025-10-10,400458,0,70890684,22,10,dồn đầu chu kỳ
U013,2025-10-11,693753,0,70196931,21,11,dồn đầu chu kỳ
U013,2025-10-12,332792,0,69864139,20,12,dồn đầu chu kỳ
U013,2025-10-13,309151,0,69554988,19,13,dồn đầu chu kỳ
U013,2025-10-14,827326,0,68727662,18,14,dồn đầu chu kỳ
U013,2025-10-15,407342,0,68320320,17,15,dồn đầu chu kỳ
U013,2025-10-16,283321,0,68036999,16,16,dồn đầu chu kỳ
U013,2025-10-17,367442,0,67669557,15,17,dồn đầu chu kỳ
U013,2025-10-18,489976,0,67179581,14,18,dồn đầu chu kỳ
U013,2025-10-19,424172,0,66755409,13,19,dồn đầu chu kỳ
U013,2025-10-20,462096,0,66293313,12,20,dồn đầu chu kỳ
U013,2025-10-21,179004,0,66114309,11,21,dồn đầu chu kỳ
U013,2025-10-22,405195,0,65709114,10,22,dồn đầu chu kỳ
U013,2025-10-23,241385,0,65467729,9,23,dồn đầu chu kỳ
U013,2025-10-24,250184,0,65217545,8,24,dồn đầu chu kỳ
U013,2025-10-25,362634,0,64854911,7,25,dồn đầu chu kỳ
U013,2025-10-26,272409,0,64582502,6,26,dồn đầu chu kỳ
U013,2025-10-27,216083,0,64366419,5,27,dồn đầu chu kỳ
U013,2025-10-28,76827,0,64289592,4,28,dồn đầu chu kỳ
U013,2025-10-29,149266,0,64140326,3,29,dồn đầu chu kỳ
U013,2025-10-30,97993,0,64042333,2,30,dồn đầu chu kỳ
U013,2025-10-31,154484,0,63887849,1,31,dồn đầu chu kỳ
U013,2025-11-01,970259,19067412,81985002,30,1,dồn đầu chu kỳ
U013,2025-11-02,562611,0,81422391,29,2,dồn đầu chu kỳ
U013,2025-11-03,472487,0,80949904,28,3,dồn đầu chu kỳ
U013,2025-11-04,1116477,0,79833427,27,4,dồn đầu chu kỳ
U013,2025-11-05,456619,0,79376808,26,5,dồn đầu chu kỳ
U013,2025-11-06,349338,0,79027470,25,6,dồn đầu chu kỳ
U013,2025-11-07,390929,0,78636541,24,7,dồn đầu chu kỳ
U013,2025-11-08,422529,0,78214012,23,8,dồn đầu chu kỳ
U013,2025-11-09,361126,0,77852886,22,9,dồn đầu chu kỳ
U013,2025-11-10,689668,0,77163218,21,10,dồn đầu chu kỳ
U013,2025-11-11,196733,0,76966485,20,11,dồn đầu chu kỳ
U013,2025-11-12,320385,0,76646100,19,12,dồn đầu chu kỳ
U013,2025-11-13,429895,0,76216205,18,13,dồn đầu chu kỳ
U013,2025-11-14,457129,0,75759076,17,14,dồn đầu chu kỳ
U013,2025-11-15,791648,0,74967428,16,15,dồn đầu chu kỳ
U013,2025-11-16,713381,0,74254047,15,16,dồn đầu chu kỳ
U013,2025-11-17,193252,0,74060795,14,17,dồn đầu chu kỳ
U013,2025-11-18,162563,0,73898232,13,18,dồn đầu chu kỳ
U013,2025-11-19,334162,0,73564070,12,19,dồn đầu chu kỳ
U013,2025-11-20,239079,0,73324991,11,20,dồn đầu chu kỳ
U013,2025-11-21,183171,0,73141820,10,21,dồn đầu chu kỳ
U013,2025-11-22,278984,0,72862836,9,22,dồn đầu chu kỳ
U013,2025-11-23,284375,0,72578461,8,23,dồn đầu chu kỳ
U013,2025-11-24,172599,0,72405862,7,24,dồn đầu chu kỳ
U013,2025-11-25,174158,0,72231704,6,25,dồn đầu chu kỳ
U013,2025-11-26,151623,0,72080081,5,26,dồn đầu chu kỳ
U013,2025-11-27,159277,0,71920804,4,27,dồn đầu chu kỳ
U013,2025-11-28,210974,0,71709830,3,28,dồn đầu chu kỳ
U013,2025-11-29,98768,0,71611062,2,29,dồn đầu chu kỳ
U013,2025-11-30,103803,0,71507259,1,30,dồn đầu chu kỳ
U013,2025-12-01,556389,19067412,90018282,31,1,dồn đầu chu kỳ
U013,2025-12-02,633145,0,89385137,30,2,dồn đầu chu kỳ
U013,2025-12-03,688986,0,88696151,29,3,dồn đầu chu kỳ
U013,2025-12-04,1356029,0,87340122,28,4,dồn đầu chu kỳ
U013,2025-12-05,730667,0,86609455,27,5,dồn đầu chu kỳ
U013,2025-12-06,714961,0,85894494,26,6,dồn đầu chu kỳ
U013,2025-12-07,490266,0,85404228,25,7,dồn đầu chu kỳ
U013,2025-12-08,356492,0,85047736,24,8,dồn đầu chu kỳ
U013,2025-12-09,412603,0,84635133,23,9,dồn đầu chu kỳ
U013,2025-12-10,370155,0,84264978,22,10,dồn đầu chu kỳ
U013,2025-12-11,554410,0,83710568,21,11,dồn đầu chu kỳ
U013,2025-12-12,235576,0,83474992,20,12,dồn đầu chu kỳ
U013,2025-12-13,555325,0,82919667,19,13,dồn đầu chu kỳ
U013,2025-12-14,401004,0,82518663,18,14,dồn đầu chu kỳ
U013,2025-12-15,539543,0,81979120,17,15,dồn đầu chu kỳ
U013,2025-12-16,287826,0,81691294,16,16,dồn đầu chu kỳ
U013,2025-12-17,255633,0,81435661,15,17,dồn đầu chu kỳ
U013,2025-12-18,296372,0,81139289,14,18,dồn đầu chu kỳ
U013,2025-12-19,278489,0,80860800,13,19,dồn đầu chu kỳ
U013,2025-12-20,432079,0,80428721,12,20,dồn đầu chu kỳ
U013,2025-12-21,405836,0,80022885,11,21,dồn đầu chu kỳ
U013,2025-12-22,593904,0,79428981,10,22,dồn đầu chu kỳ
U013,2025-12-23,212687,0,79216294,9,23,dồn đầu chu kỳ
U013,2025-12-24,63278,0,79153016,8,24,dồn đầu chu kỳ
U013,2025-12-25,189773,0,78963243,7,25,dồn đầu chu kỳ
U013,2025-12-26,225536,0,78737707,6,26,dồn đầu chu kỳ
U013,2025-12-27,249899,0,78487808,5,27,dồn đầu chu kỳ
U013,2025-12-28,191828,0,78295980,4,28,dồn đầu chu kỳ
U013,2025-12-29,124639,0,78171341,3,29,dồn đầu chu kỳ
U013,2025-12-30,266250,0,77905091,2,30,dồn đầu chu kỳ
U013,2025-12-31,76875,0,77828216,1,31,dồn đầu chu kỳ
U013,2026-01-01,584830,19067412,96310798,31,1,dồn đầu chu kỳ
U013,2026-01-02,412170,0,95898628,30,2,dồn đầu chu kỳ
U013,2026-01-03,621824,0,95276804,29,3,dồn đầu chu kỳ
U013,2026-01-04,1131179,0,94145625,28,4,dồn đầu chu kỳ
U013,2026-01-05,549351,0,93596274,27,5,dồn đầu chu kỳ
U013,2026-01-06,533754,0,93062520,26,6,dồn đầu chu kỳ
U013,2026-01-07,276776,0,92785744,25,7,dồn đầu chu kỳ
U013,2026-01-08,470342,0,92315402,24,8,dồn đầu chu kỳ
U013,2026-01-09,807519,0,91507883,23,9,dồn đầu chu kỳ
U013,2026-01-10,444949,0,91062934,22,10,dồn đầu chu kỳ
U013,2026-01-11,417338,0,90645596,21,11,dồn đầu chu kỳ
U013,2026-01-12,709693,0,89935903,20,12,dồn đầu chu kỳ
U013,2026-01-13,386494,0,89549409,19,13,dồn đầu chu kỳ
U013,2026-01-14,704642,0,88844767,18,14,dồn đầu chu kỳ
U013,2026-01-15,240694,0,88604073,17,15,dồn đầu chu kỳ
U013,2026-01-16,504245,0,88099828,16,16,dồn đầu chu kỳ
U013,2026-01-17,708269,0,87391559,15,17,dồn đầu chu kỳ
U013,2026-01-18,521873,0,86869686,14,18,dồn đầu chu kỳ
U013,2026-01-19,156762,0,86712924,13,19,dồn đầu chu kỳ
U013,2026-01-20,242438,0,86470486,12,20,dồn đầu chu kỳ
U013,2026-01-21,267855,0,86202631,11,21,dồn đầu chu kỳ
U013,2026-01-22,415171,0,85787460,10,22,dồn đầu chu kỳ
U013,2026-01-23,152226,0,85635234,9,23,dồn đầu chu kỳ
U013,2026-01-24,160611,0,85474623,8,24,dồn đầu chu kỳ
U013,2026-01-25,117629,0,85356994,7,25,dồn đầu chu kỳ
U013,2026-01-26,147805,0,85209189,6,26,dồn đầu chu kỳ
U013,2026-01-27,113818,0,85095371,5,27,dồn đầu chu kỳ
U013,2026-01-28,321926,0,84773445,4,28,dồn đầu chu kỳ
U013,2026-01-29,117329,0,84656116,3,29,dồn đầu chu kỳ
U013,2026-01-30,176821,0,84479295,2,30,dồn đầu chu kỳ
U013,2026-01-31,117080,0,84362215,1,31,dồn đầu chu kỳ
U013,2026-02-01,653776,19067412,102775851,28,1,dồn đầu chu kỳ
U013,2026-02-02,501109,0,102274742,27,2,dồn đầu chu kỳ
U013,2026-02-03,839525,0,101435217,26,3,dồn đầu chu kỳ
U013,2026-02-04,637243,0,100797974,25,4,dồn đầu chu kỳ
U013,2026-02-05,604140,0,100193834,24,5,dồn đầu chu kỳ
U013,2026-02-06,444294,0,99749540,23,6,dồn đầu chu kỳ
U013,2026-02-07,459291,0,99290249,22,7,dồn đầu chu kỳ
U013,2026-02-08,667689,0,98622560,21,8,dồn đầu chu kỳ
U013,2026-02-09,558801,0,98063759,20,9,dồn đầu chu kỳ
U013,2026-02-10,516690,0,97547069,19,10,dồn đầu chu kỳ
U013,2026-02-11,350512,0,97196557,18,11,dồn đầu chu kỳ
U013,2026-02-12,992462,0,96204095,17,12,dồn đầu chu kỳ
U013,2026-02-13,361643,0,95842452,16,13,dồn đầu chu kỳ
U013,2026-02-14,415203,0,95427249,15,14,dồn đầu chu kỳ
U013,2026-02-15,373370,0,95053879,14,15,dồn đầu chu kỳ
U013,2026-02-16,840339,0,94213540,13,16,dồn đầu chu kỳ
U013,2026-02-17,326349,0,93887191,12,17,dồn đầu chu kỳ
U013,2026-02-18,299270,0,93587921,11,18,dồn đầu chu kỳ
U013,2026-02-19,346874,0,93241047,10,19,dồn đầu chu kỳ
U013,2026-02-20,237140,0,93003907,9,20,dồn đầu chu kỳ
U013,2026-02-21,308545,0,92695362,8,21,dồn đầu chu kỳ
U013,2026-02-22,715763,0,91979599,7,22,dồn đầu chu kỳ
U013,2026-02-23,292333,0,91687266,6,23,dồn đầu chu kỳ
U013,2026-02-24,268233,0,91419033,5,24,dồn đầu chu kỳ
U013,2026-02-25,167743,0,91251290,4,25,dồn đầu chu kỳ
U013,2026-02-26,407442,0,90843848,3,26,dồn đầu chu kỳ
U013,2026-02-27,407832,0,90436016,2,27,dồn đầu chu kỳ
U013,2026-02-28,238945,0,90197071,1,28,dồn đầu chu kỳ
U013,2026-03-01,847858,19067412,108416625,31,1,dồn đầu chu kỳ
U013,2026-03-02,577954,0,107838671,30,2,dồn đầu chu kỳ
U013,2026-03-03,721521,0,107117150,29,3,dồn đầu chu kỳ
U013,2026-03-04,428954,0,106688196,28,4,dồn đầu chu kỳ
U013,2026-03-05,370429,0,106317767,27,5,dồn đầu chu kỳ
U013,2026-03-06,310726,0,106007041,26,6,dồn đầu chu kỳ
U013,2026-03-07,642819,0,105364222,25,7,dồn đầu chu kỳ
U013,2026-03-08,303964,0,105060258,24,8,dồn đầu chu kỳ
U013,2026-03-09,417347,0,104642911,23,9,dồn đầu chu kỳ
U013,2026-03-10,479892,0,104163019,22,10,dồn đầu chu kỳ
U013,2026-03-11,705656,0,103457363,21,11,dồn đầu chu kỳ
U013,2026-03-12,361860,0,103095503,20,12,dồn đầu chu kỳ
U013,2026-03-13,683926,0,102411577,19,13,dồn đầu chu kỳ
U013,2026-03-14,611877,0,101799700,18,14,dồn đầu chu kỳ
U013,2026-03-15,262135,0,101537565,17,15,dồn đầu chu kỳ
U013,2026-03-16,602478,0,100935087,16,16,dồn đầu chu kỳ
U013,2026-03-17,327294,0,100607793,15,17,dồn đầu chu kỳ
U013,2026-03-18,285631,0,100322162,14,18,dồn đầu chu kỳ
U013,2026-03-19,295863,0,100026299,13,19,dồn đầu chu kỳ
U013,2026-03-20,312519,0,99713780,12,20,dồn đầu chu kỳ
U013,2026-03-21,249937,0,99463843,11,21,dồn đầu chu kỳ
U013,2026-03-22,198112,0,99265731,10,22,dồn đầu chu kỳ
U013,2026-03-23,192004,0,99073727,9,23,dồn đầu chu kỳ
U013,2026-03-24,255222,0,98818505,8,24,dồn đầu chu kỳ
U013,2026-03-25,209644,0,98608861,7,25,dồn đầu chu kỳ
U013,2026-03-26,253950,0,98354911,6,26,dồn đầu chu kỳ
U013,2026-03-27,191749,0,98163162,5,27,dồn đầu chu kỳ
U013,2026-03-28,175206,0,97987956,4,28,dồn đầu chu kỳ
U013,2026-03-29,192685,0,97795271,3,29,dồn đầu chu kỳ
U013,2026-03-30,236592,0,97558679,2,30,dồn đầu chu kỳ
U013,2026-03-31,208362,0,97350317,1,31,dồn đầu chu kỳ
U013,2026-04-01,1115817,19067412,115301912,30,1,dồn đầu chu kỳ
U013,2026-04-02,899267,0,114402645,29,2,dồn đầu chu kỳ
U013,2026-04-03,1420822,0,112981823,28,3,dồn đầu chu kỳ
U013,2026-04-04,713757,0,112268066,27,4,dồn đầu chu kỳ
U013,2026-04-05,662040,0,111606026,26,5,dồn đầu chu kỳ
U013,2026-04-06,1382189,0,110223837,25,6,dồn đầu chu kỳ
U013,2026-04-07,183315,0,110040522,24,7,dồn đầu chu kỳ
U013,2026-04-08,484297,0,109556225,23,8,dồn đầu chu kỳ
U013,2026-04-09,841150,0,108715075,22,9,dồn đầu chu kỳ
U013,2026-04-10,727896,0,107987179,21,10,dồn đầu chu kỳ
U013,2026-04-11,1322492,0,106664687,20,11,dồn đầu chu kỳ
U013,2026-04-12,476058,0,106188629,19,12,dồn đầu chu kỳ
U013,2026-04-13,368785,0,105819844,18,13,dồn đầu chu kỳ
U013,2026-04-14,367982,0,105451862,17,14,dồn đầu chu kỳ
U013,2026-04-15,456967,0,104994895,16,15,dồn đầu chu kỳ
U013,2026-04-16,735521,0,104259374,15,16,dồn đầu chu kỳ
U013,2026-04-17,704825,0,103554549,14,17,dồn đầu chu kỳ
U013,2026-04-18,340998,0,103213551,13,18,dồn đầu chu kỳ
U013,2026-04-19,366076,0,102847475,12,19,dồn đầu chu kỳ
U013,2026-04-20,245042,0,102602433,11,20,dồn đầu chu kỳ
U013,2026-04-21,240890,0,102361543,10,21,dồn đầu chu kỳ
U013,2026-04-22,421243,0,101940300,9,22,dồn đầu chu kỳ
U013,2026-04-23,492208,0,101448092,8,23,dồn đầu chu kỳ
U013,2026-04-24,182663,0,101265429,7,24,dồn đầu chu kỳ
U013,2026-04-25,246356,0,101019073,6,25,dồn đầu chu kỳ
U013,2026-04-26,186603,0,100832470,5,26,dồn đầu chu kỳ
U013,2026-04-27,265281,0,100567189,4,27,dồn đầu chu kỳ
U013,2026-04-28,145438,0,100421751,3,28,dồn đầu chu kỳ
U013,2026-04-29,70341,0,100351410,2,29,dồn đầu chu kỳ
U013,2026-04-30,200386,0,100151024,1,30,dồn đầu chu kỳ
U013,2026-05-01,578123,19067412,118640313,31,1,dồn đầu chu kỳ
U013,2026-05-02,586178,0,118054135,30,2,dồn đầu chu kỳ
U013,2026-05-03,734406,0,117319729,29,3,dồn đầu chu kỳ
U013,2026-05-04,689900,0,116629829,28,4,dồn đầu chu kỳ
U013,2026-05-05,697538,0,115932291,27,5,dồn đầu chu kỳ
U013,2026-05-06,293525,0,115638766,26,6,dồn đầu chu kỳ
U013,2026-05-07,681378,0,114957388,25,7,dồn đầu chu kỳ
U013,2026-05-08,245829,0,114711559,24,8,dồn đầu chu kỳ
U013,2026-05-09,693394,0,114018165,23,9,dồn đầu chu kỳ
U013,2026-05-10,769242,0,113248923,22,10,dồn đầu chu kỳ
U013,2026-05-11,274130,0,112974793,21,11,dồn đầu chu kỳ
U013,2026-05-12,520047,0,112454746,20,12,dồn đầu chu kỳ
U013,2026-05-13,668751,0,111785995,19,13,dồn đầu chu kỳ
U013,2026-05-14,351169,0,111434826,18,14,dồn đầu chu kỳ
U013,2026-05-15,526809,0,110908017,17,15,dồn đầu chu kỳ
U013,2026-05-16,126186,0,110781831,16,16,dồn đầu chu kỳ
U013,2026-05-17,568824,0,110213007,15,17,dồn đầu chu kỳ
U013,2026-05-18,352934,0,109860073,14,18,dồn đầu chu kỳ
U013,2026-05-19,298421,0,109561652,13,19,dồn đầu chu kỳ
U013,2026-05-20,463907,0,109097745,12,20,dồn đầu chu kỳ
U013,2026-05-21,589305,0,108508440,11,21,dồn đầu chu kỳ
U013,2026-05-22,336633,0,108171807,10,22,dồn đầu chu kỳ
U013,2026-05-23,493490,0,107678317,9,23,dồn đầu chu kỳ
U013,2026-05-24,129703,0,107548614,8,24,dồn đầu chu kỳ
U013,2026-05-25,291773,0,107256841,7,25,dồn đầu chu kỳ
U013,2026-05-26,195081,0,107061760,6,26,dồn đầu chu kỳ
U013,2026-05-27,136996,0,106924764,5,27,dồn đầu chu kỳ
U013,2026-05-28,78546,0,106846218,4,28,dồn đầu chu kỳ
U013,2026-05-29,194153,0,106652065,3,29,dồn đầu chu kỳ
U013,2026-05-30,190354,0,106461711,2,30,dồn đầu chu kỳ
U013,2026-05-31,198836,0,106262875,1,31,dồn đầu chu kỳ
U013,2026-06-01,1045004,19067412,124285283,30,1,dồn đầu chu kỳ
U013,2026-06-02,466247,0,123819036,29,2,dồn đầu chu kỳ
U013,2026-06-03,1033916,0,122785120,28,3,dồn đầu chu kỳ
U013,2026-06-04,1047280,0,121737840,27,4,dồn đầu chu kỳ
U013,2026-06-05,523802,0,121214038,26,5,dồn đầu chu kỳ
U013,2026-06-06,569766,0,120644272,25,6,dồn đầu chu kỳ
U013,2026-06-07,375378,0,120268894,24,7,dồn đầu chu kỳ
U013,2026-06-08,953951,0,119314943,23,8,dồn đầu chu kỳ
U013,2026-06-09,278399,0,119036544,22,9,dồn đầu chu kỳ
U013,2026-06-10,609136,0,118427408,21,10,dồn đầu chu kỳ
U013,2026-06-11,373262,0,118054146,20,11,dồn đầu chu kỳ
U013,2026-06-12,292775,0,117761371,19,12,dồn đầu chu kỳ
U013,2026-06-13,206986,0,117554385,18,13,dồn đầu chu kỳ
U013,2026-06-14,385563,0,117168822,17,14,dồn đầu chu kỳ
U013,2026-06-15,242633,0,116926189,16,15,dồn đầu chu kỳ
U013,2026-06-16,393267,0,116532922,15,16,dồn đầu chu kỳ
U013,2026-06-17,743990,0,115788932,14,17,dồn đầu chu kỳ
U013,2026-06-18,377694,0,115411238,13,18,dồn đầu chu kỳ
U013,2026-06-19,735500,0,114675738,12,19,dồn đầu chu kỳ
U013,2026-06-20,211275,0,114464463,11,20,dồn đầu chu kỳ
U013,2026-06-21,176770,0,114287693,10,21,dồn đầu chu kỳ
U013,2026-06-22,183810,0,114103883,9,22,dồn đầu chu kỳ
U013,2026-06-23,252643,0,113851240,8,23,dồn đầu chu kỳ
U013,2026-06-24,717474,0,113133766,7,24,dồn đầu chu kỳ
U013,2026-06-25,114979,0,113018787,6,25,dồn đầu chu kỳ
U013,2026-06-26,263507,0,112755280,5,26,dồn đầu chu kỳ
U013,2026-06-27,141919,0,112613361,4,27,dồn đầu chu kỳ
U013,2026-06-28,155343,0,112458018,3,28,dồn đầu chu kỳ
U013,2026-06-29,91902,0,112366116,2,29,dồn đầu chu kỳ
U013,2026-06-30,190647,0,112175469,1,30,dồn đầu chu kỳ
U013,2026-07-01,641372,19067412,130601509,31,1,dồn đầu chu kỳ
U014,2025-01-01,852646,0,-852646,24,8,đều
U014,2025-01-02,855752,0,-1708398,23,9,đều
U014,2025-01-03,246698,0,-1955096,22,10,đều
U014,2025-01-04,261230,0,-2216326,21,11,đều
U014,2025-01-05,382406,0,-2598732,20,12,đều
U014,2025-01-06,384453,0,-2983185,19,13,đều
U014,2025-01-07,964657,0,-3947842,18,14,đều
U014,2025-01-08,515378,0,-4463220,17,15,đều
U014,2025-01-09,908975,0,-5372195,16,16,đều
U014,2025-01-10,439746,0,-5811941,15,17,đều
U014,2025-01-11,626671,0,-6438612,14,18,đều
U014,2025-01-12,667127,0,-7105739,13,19,đều
U014,2025-01-13,729085,0,-7834824,12,20,đều
U014,2025-01-14,458240,0,-8293064,11,21,đều
U014,2025-01-15,474481,0,-8767545,10,22,đều
U014,2025-01-16,489856,0,-9257401,9,23,đều
U014,2025-01-17,284974,0,-9542375,8,24,đều
U014,2025-01-18,533683,0,-10076058,7,25,đều
U014,2025-01-19,473376,0,-10549434,6,26,đều
U014,2025-01-20,696030,0,-11245464,5,27,đều
U014,2025-01-21,572426,0,-11817890,4,28,đều
U014,2025-01-22,941916,0,-12759806,3,29,đều
U014,2025-01-23,567590,0,-13327396,2,30,đều
U014,2025-01-24,440752,0,-13768148,1,31,đều
U014,2025-01-25,564784,16111529,1778597,31,1,đều
U014,2025-01-26,737326,0,1041271,30,2,đều
U014,2025-01-27,271532,0,769739,29,3,đều
U014,2025-01-28,414579,0,355160,28,4,đều
U014,2025-01-29,418088,0,-62928,27,5,đều
U014,2025-01-30,650512,0,-713440,26,6,đều
U014,2025-01-31,681488,0,-1394928,25,7,đều
U014,2025-02-01,574704,0,-1969632,24,8,đều
U014,2025-02-02,204774,0,-2174406,23,9,đều
U014,2025-02-03,285031,0,-2459437,22,10,đều
U014,2025-02-04,501594,0,-2961031,21,11,đều
U014,2025-02-05,451591,0,-3412622,20,12,đều
U014,2025-02-06,553085,0,-3965707,19,13,đều
U014,2025-02-07,457421,0,-4423128,18,14,đều
U014,2025-02-08,1018433,0,-5441561,17,15,đều
U014,2025-02-09,220476,0,-5662037,16,16,đều
U014,2025-02-10,622918,0,-6284955,15,17,đều
U014,2025-02-11,768598,0,-7053553,14,18,đều
U014,2025-02-12,730682,0,-7784235,13,19,đều
U014,2025-02-13,756175,0,-8540410,12,20,đều
U014,2025-02-14,800959,0,-9341369,11,21,đều
U014,2025-02-15,433448,0,-9774817,10,22,đều
U014,2025-02-16,355232,0,-10130049,9,23,đều
U014,2025-02-17,244567,0,-10374616,8,24,đều
U014,2025-02-18,477385,0,-10852001,7,25,đều
U014,2025-02-19,404378,0,-11256379,6,26,đều
U014,2025-02-20,878317,0,-12134696,5,27,đều
U014,2025-02-21,491932,0,-12626628,4,28,đều
U014,2025-02-22,365476,0,-12992104,3,29,đều
U014,2025-02-23,343075,0,-13335179,2,30,đều
U014,2025-02-24,1222791,0,-14557970,1,31,đều
U014,2025-02-25,547044,16111529,1006515,28,1,đều
U014,2025-02-26,403736,0,602779,27,2,đều
U014,2025-02-27,579972,0,22807,26,3,đều
U014,2025-02-28,1178643,0,-1155836,25,4,đều
U014,2025-03-01,472242,0,-1628078,24,5,đều
U014,2025-03-02,726449,0,-2354527,23,6,đều
U014,2025-03-03,887091,0,-3241618,22,7,đều
U014,2025-03-04,258991,0,-3500609,21,8,đều
U014,2025-03-05,427519,0,-3928128,20,9,đều
U014,2025-03-06,843701,0,-4771829,19,10,đều
U014,2025-03-07,417232,0,-5189061,18,11,đều
U014,2025-03-08,651459,0,-5840520,17,12,đều
U014,2025-03-09,407471,0,-6247991,16,13,đều
U014,2025-03-10,461805,0,-6709796,15,14,đều
U014,2025-03-11,439843,0,-7149639,14,15,đều
U014,2025-03-12,711967,0,-7861606,13,16,đều
U014,2025-03-13,598242,0,-8459848,12,17,đều
U014,2025-03-14,574160,0,-9034008,11,18,đều
U014,2025-03-15,1504719,0,-10538727,10,19,đều
U014,2025-03-16,1106816,0,-11645543,9,20,đều
U014,2025-03-17,249851,0,-11895394,8,21,đều
U014,2025-03-18,462201,0,-12357595,7,22,đều
U014,2025-03-19,1456729,0,-13814324,6,23,đều
U014,2025-03-20,438574,0,-14252898,5,24,đều
U014,2025-03-21,1272148,0,-15525046,4,25,đều
U014,2025-03-22,465370,0,-15990416,3,26,đều
U014,2025-03-23,502585,0,-16493001,2,27,đều
U014,2025-03-24,779609,0,-17272610,1,28,đều
U014,2025-03-25,532339,16111529,-1693420,31,1,đều
U014,2025-03-26,672642,0,-2366062,30,2,đều
U014,2025-03-27,1036229,0,-3402291,29,3,đều
U014,2025-03-28,747612,0,-4149903,28,4,đều
U014,2025-03-29,584044,0,-4733947,27,5,đều
U014,2025-03-30,1077905,0,-5811852,26,6,đều
U014,2025-03-31,783710,0,-6595562,25,7,đều
U014,2025-04-01,411557,0,-7007119,24,8,đều
U014,2025-04-02,1218522,0,-8225641,23,9,đều
U014,2025-04-03,713591,0,-8939232,22,10,đều
U014,2025-04-04,506687,0,-9445919,21,11,đều
U014,2025-04-05,245927,0,-9691846,20,12,đều
U014,2025-04-06,318090,0,-10009936,19,13,đều
U014,2025-04-07,1089438,0,-11099374,18,14,đều
U014,2025-04-08,1106802,0,-12206176,17,15,đều
U014,2025-04-09,571050,0,-12777226,16,16,đều
U014,2025-04-10,271854,0,-13049080,15,17,đều
U014,2025-04-11,357299,0,-13406379,14,18,đều
U014,2025-04-12,288258,0,-13694637,13,19,đều
U014,2025-04-13,284098,0,-13978735,12,20,đều
U014,2025-04-14,1241511,0,-15220246,11,21,đều
U014,2025-04-15,1258066,0,-16478312,10,22,đều
U014,2025-04-16,352491,0,-16830803,9,23,đều
U014,2025-04-17,549973,0,-17380776,8,24,đều
U014,2025-04-18,330116,0,-17710892,7,25,đều
U014,2025-04-19,548544,0,-18259436,6,26,đều
U014,2025-04-20,1063250,0,-19322686,5,27,đều
U014,2025-04-21,849673,0,-20172359,4,28,đều
U014,2025-04-22,762672,0,-20935031,3,29,đều
U014,2025-04-23,510654,0,-21445685,2,30,đều
U014,2025-04-24,914292,0,-22359977,1,31,đều
U014,2025-04-25,714820,16111529,-6963268,30,1,đều
U014,2025-04-26,648674,0,-7611942,29,2,đều
U014,2025-04-27,527000,0,-8138942,28,3,đều
U014,2025-04-28,626853,0,-8765795,27,4,đều
U014,2025-04-29,619346,0,-9385141,26,5,đều
U014,2025-04-30,444429,0,-9829570,25,6,đều
U014,2025-05-01,404802,0,-10234372,24,7,đều
U014,2025-05-02,370406,0,-10604778,23,8,đều
U014,2025-05-03,380018,0,-10984796,22,9,đều
U014,2025-05-04,511896,0,-11496692,21,10,đều
U014,2025-05-05,479282,0,-11975974,20,11,đều
U014,2025-05-06,430553,0,-12406527,19,12,đều
U014,2025-05-07,417987,0,-12824514,18,13,đều
U014,2025-05-08,620246,0,-13444760,17,14,đều
U014,2025-05-09,957577,0,-14402337,16,15,đều
U014,2025-05-10,549494,0,-14951831,15,16,đều
U014,2025-05-11,535302,0,-15487133,14,17,đều
U014,2025-05-12,379710,0,-15866843,13,18,đều
U014,2025-05-13,504787,0,-16371630,12,19,đều
U014,2025-05-14,888468,0,-17260098,11,20,đều
U014,2025-05-15,835765,0,-18095863,10,21,đều
U014,2025-05-16,812855,0,-18908718,9,22,đều
U014,2025-05-17,802483,0,-19711201,8,23,đều
U014,2025-05-18,657245,0,-20368446,7,24,đều
U014,2025-05-19,647971,0,-21016417,6,25,đều
U014,2025-05-20,608662,0,-21625079,5,26,đều
U014,2025-05-21,467131,0,-22092210,4,27,đều
U014,2025-05-22,570688,0,-22662898,3,28,đều
U014,2025-05-23,601606,0,-23264504,2,29,đều
U014,2025-05-24,710971,0,-23975475,1,30,đều
U014,2025-05-25,574481,16111529,-8438427,31,1,đều
U014,2025-05-26,1281041,0,-9719468,30,2,đều
U014,2025-05-27,340168,0,-10059636,29,3,đều
U014,2025-05-28,746320,0,-10805956,28,4,đều
U014,2025-05-29,542868,0,-11348824,27,5,đều
U014,2025-05-30,552372,0,-11901196,26,6,đều
U014,2025-05-31,398749,0,-12299945,25,7,đều
U014,2025-06-01,829730,0,-13129675,24,8,đều
U014,2025-06-02,716587,0,-13846262,23,9,đều
U014,2025-06-03,770330,0,-14616592,22,10,đều
U014,2025-06-04,590554,0,-15207146,21,11,đều
U014,2025-06-05,484640,0,-15691786,20,12,đều
U014,2025-06-06,537398,0,-16229184,19,13,đều
U014,2025-06-07,656387,0,-16885571,18,14,đều
U014,2025-06-08,247431,0,-17133002,17,15,đều
U014,2025-06-09,782534,0,-17915536,16,16,đều
U014,2025-06-10,1456572,0,-19372108,15,17,đều
U014,2025-06-11,668808,0,-20040916,14,18,đều
U014,2025-06-12,493239,0,-20534155,13,19,đều
U014,2025-06-13,517428,0,-21051583,12,20,đều
U014,2025-06-14,732439,0,-21784022,11,21,đều
U014,2025-06-15,497725,0,-22281747,10,22,đều
U014,2025-06-16,781202,0,-23062949,9,23,đều
U014,2025-06-17,514763,0,-23577712,8,24,đều
U014,2025-06-18,1095578,0,-24673290,7,25,đều
U014,2025-06-19,1083554,0,-25756844,6,26,đều
U014,2025-06-20,483618,0,-26240462,5,27,đều
U014,2025-06-21,534298,0,-26774760,4,28,đều
U014,2025-06-22,546982,0,-27321742,3,29,đều
U014,2025-06-23,549922,0,-27871664,2,30,đều
U014,2025-06-24,377810,0,-28249474,1,31,đều
U014,2025-06-25,357258,16111529,-12495203,30,1,đều
U014,2025-06-26,909838,0,-13405041,29,2,đều
U014,2025-06-27,853443,0,-14258484,28,3,đều
U014,2025-06-28,847569,0,-15106053,27,4,đều
U014,2025-06-29,536793,0,-15642846,26,5,đều
U014,2025-06-30,1176346,0,-16819192,25,6,đều
U014,2025-07-01,546960,0,-17366152,24,7,đều
U014,2025-07-02,779392,0,-18145544,23,8,đều
U014,2025-07-03,316687,0,-18462231,22,9,đều
U014,2025-07-04,503442,0,-18965673,21,10,đều
U014,2025-07-05,518549,0,-19484222,20,11,đều
U014,2025-07-06,537629,0,-20021851,19,12,đều
U014,2025-07-07,324785,0,-20346636,18,13,đều
U014,2025-07-08,731367,0,-21078003,17,14,đều
U014,2025-07-09,832812,0,-21910815,16,15,đều
U014,2025-07-10,409862,0,-22320677,15,16,đều
U014,2025-07-11,348775,0,-22669452,14,17,đều
U014,2025-07-12,405770,0,-23075222,13,18,đều
U014,2025-07-13,672877,0,-23748099,12,19,đều
U014,2025-07-14,434729,0,-24182828,11,20,đều
U014,2025-07-15,523082,0,-24705910,10,21,đều
U014,2025-07-16,359236,0,-25065146,9,22,đều
U014,2025-07-17,1218137,0,-26283283,8,23,đều
U014,2025-07-18,568296,0,-26851579,7,24,đều
U014,2025-07-19,874148,0,-27725727,6,25,đều
U014,2025-07-20,672251,0,-28397978,5,26,đều
U014,2025-07-21,542730,0,-28940708,4,27,đều
U014,2025-07-22,531604,0,-29472312,3,28,đều
U014,2025-07-23,412925,0,-29885237,2,29,đều
U014,2025-07-24,460899,0,-30346136,1,30,đều
U014,2025-07-25,368796,16111529,-14603403,31,1,đều
U014,2025-07-26,353053,0,-14956456,30,2,đều
U014,2025-07-27,1271451,0,-16227907,29,3,đều
U014,2025-07-28,617037,0,-16844944,28,4,đều
U014,2025-07-29,991928,0,-17836872,27,5,đều
U014,2025-07-30,401713,0,-18238585,26,6,đều
U014,2025-07-31,334529,0,-18573114,25,7,đều
U014,2025-08-01,373251,0,-18946365,24,8,đều
U014,2025-08-02,466163,0,-19412528,23,9,đều
U014,2025-08-03,560015,0,-19972543,22,10,đều
U014,2025-08-04,519563,0,-20492106,21,11,đều
U014,2025-08-05,405081,0,-20897187,20,12,đều
U014,2025-08-06,571606,0,-21468793,19,13,đều
U014,2025-08-07,592007,0,-22060800,18,14,đều
U014,2025-08-08,730898,0,-22791698,17,15,đều
U014,2025-08-09,993801,0,-23785499,16,16,đều
U014,2025-08-10,477138,0,-24262637,15,17,đều
U014,2025-08-11,897449,0,-25160086,14,18,đều
U014,2025-08-12,566648,0,-25726734,13,19,đều
U014,2025-08-13,299596,0,-26026330,12,20,đều
U014,2025-08-14,1126276,0,-27152606,11,21,đều
U014,2025-08-15,1369743,0,-28522349,10,22,đều
U014,2025-08-16,706980,0,-29229329,9,23,đều
U014,2025-08-17,572079,0,-29801408,8,24,đều
U014,2025-08-18,495121,0,-30296529,7,25,đều
U014,2025-08-19,458419,0,-30754948,6,26,đều
U014,2025-08-20,895735,0,-31650683,5,27,đều
U014,2025-08-21,548098,0,-32198781,4,28,đều
U014,2025-08-22,1078083,0,-33276864,3,29,đều
U014,2025-08-23,559648,0,-33836512,2,30,đều
U014,2025-08-24,467980,0,-34304492,1,31,đều
U014,2025-08-25,433913,16111529,-18626876,31,1,đều
U014,2025-08-26,409885,0,-19036761,30,2,đều
U014,2025-08-27,677915,0,-19714676,29,3,đều
U014,2025-08-28,328838,0,-20043514,28,4,đều
U014,2025-08-29,397832,0,-20441346,27,5,đều
U014,2025-08-30,937444,0,-21378790,26,6,đều
U014,2025-08-31,376736,0,-21755526,25,7,đều
U014,2025-09-01,779339,0,-22534865,24,8,đều
U014,2025-09-02,241812,0,-22776677,23,9,đều
U014,2025-09-03,985746,0,-23762423,22,10,đều
U014,2025-09-04,332045,0,-24094468,21,11,đều
U014,2025-09-05,388699,0,-24483167,20,12,đều
U014,2025-09-06,724514,0,-25207681,19,13,đều
U014,2025-09-07,614941,0,-25822622,18,14,đều
U014,2025-09-08,789467,0,-26612089,17,15,đều
U014,2025-09-09,330980,0,-26943069,16,16,đều
U014,2025-09-10,492080,0,-27435149,15,17,đều
U014,2025-09-11,431183,0,-27866332,14,18,đều
U014,2025-09-12,353997,0,-28220329,13,19,đều
U014,2025-09-13,700450,0,-28920779,12,20,đều
U014,2025-09-14,804792,0,-29725571,11,21,đều
U014,2025-09-15,482324,0,-30207895,10,22,đều
U014,2025-09-16,1014801,0,-31222696,9,23,đều
U014,2025-09-17,403059,0,-31625755,8,24,đều
U014,2025-09-18,1005008,0,-32630763,7,25,đều
U014,2025-09-19,691083,0,-33321846,6,26,đều
U014,2025-09-20,338301,0,-33660147,5,27,đều
U014,2025-09-21,1219228,0,-34879375,4,28,đều
U014,2025-09-22,462004,0,-35341379,3,29,đều
U014,2025-09-23,893736,0,-36235115,2,30,đều
U014,2025-09-24,585007,0,-36820122,1,31,đều
U014,2025-09-25,641071,16111529,-21349664,30,1,đều
U014,2025-09-26,791434,0,-22141098,29,2,đều
U014,2025-09-27,774102,0,-22915200,28,3,đều
U014,2025-09-28,481307,0,-23396507,27,4,đều
U014,2025-09-29,682682,0,-24079189,26,5,đều
U014,2025-09-30,662489,0,-24741678,25,6,đều
U014,2025-10-01,601116,0,-25342794,24,7,đều
U014,2025-10-02,508791,0,-25851585,23,8,đều
U014,2025-10-03,600636,0,-26452221,22,9,đều
U014,2025-10-04,1212428,0,-27664649,21,10,đều
U014,2025-10-05,490464,0,-28155113,20,11,đều
U014,2025-10-06,894262,0,-29049375,19,12,đều
U014,2025-10-07,430742,0,-29480117,18,13,đều
U014,2025-10-08,387935,0,-29868052,17,14,đều
U014,2025-10-09,2046576,0,-31914628,16,15,đều
U014,2025-10-10,684969,0,-32599597,15,16,đều
U014,2025-10-11,692542,0,-33292139,14,17,đều
U014,2025-10-12,700262,0,-33992401,13,18,đều
U014,2025-10-13,969018,0,-34961419,12,19,đều
U014,2025-10-14,649685,0,-35611104,11,20,đều
U014,2025-10-15,764982,0,-36376086,10,21,đều
U014,2025-10-16,361382,0,-36737468,9,22,đều
U014,2025-10-17,818058,0,-37555526,8,23,đều
U014,2025-10-18,502030,0,-38057556,7,24,đều
U014,2025-10-19,722026,0,-38779582,6,25,đều
U014,2025-10-20,277915,0,-39057497,5,26,đều
U014,2025-10-21,710121,0,-39767618,4,27,đều
U014,2025-10-22,225114,0,-39992732,3,28,đều
U014,2025-10-23,494228,0,-40486960,2,29,đều
U014,2025-10-24,278981,0,-40765941,1,30,đều
U014,2025-10-25,710933,16111529,-25365345,31,1,đều
U014,2025-10-26,567404,0,-25932749,30,2,đều
U014,2025-10-27,405471,0,-26338220,29,3,đều
U014,2025-10-28,979583,0,-27317803,28,4,đều
U014,2025-10-29,385560,0,-27703363,27,5,đều
U014,2025-10-30,164167,0,-27867530,26,6,đều
U014,2025-10-31,677777,0,-28545307,25,7,đều
U014,2025-11-01,272251,0,-28817558,24,8,đều
U014,2025-11-02,390473,0,-29208031,23,9,đều
U014,2025-11-03,448732,0,-29656763,22,10,đều
U014,2025-11-04,312238,0,-29969001,21,11,đều
U014,2025-11-05,452991,0,-30421992,20,12,đều
U014,2025-11-06,314584,0,-30736576,19,13,đều
U014,2025-11-07,588936,0,-31325512,18,14,đều
U014,2025-11-08,337601,0,-31663113,17,15,đều
U014,2025-11-09,558594,0,-32221707,16,16,đều
U014,2025-11-10,878457,0,-33100164,15,17,đều
U014,2025-11-11,754694,0,-33854858,14,18,đều
U014,2025-11-12,534151,0,-34389009,13,19,đều
U014,2025-11-13,371619,0,-34760628,12,20,đều
U014,2025-11-14,588181,0,-35348809,11,21,đều
U014,2025-11-15,417831,0,-35766640,10,22,đều
U014,2025-11-16,598133,0,-36364773,9,23,đều
U014,2025-11-17,277897,0,-36642670,8,24,đều
U014,2025-11-18,762245,0,-37404915,7,25,đều
U014,2025-11-19,559280,0,-37964195,6,26,đều
U014,2025-11-20,1335112,0,-39299307,5,27,đều
U014,2025-11-21,930562,0,-40229869,4,28,đều
U014,2025-11-22,692175,0,-40922044,3,29,đều
U014,2025-11-23,525193,0,-41447237,2,30,đều
U014,2025-11-24,412205,0,-41859442,1,31,đều
U014,2025-11-25,804586,16111529,-26552499,30,1,đều
U014,2025-11-26,503496,0,-27055995,29,2,đều
U014,2025-11-27,880693,0,-27936688,28,3,đều
U014,2025-11-28,647872,0,-28584560,27,4,đều
U014,2025-11-29,649734,0,-29234294,26,5,đều
U014,2025-11-30,700066,0,-29934360,25,6,đều
U014,2025-12-01,382035,0,-30316395,24,7,đều
U014,2025-12-02,366687,0,-30683082,23,8,đều
U014,2025-12-03,361651,0,-31044733,22,9,đều
U014,2025-12-04,839127,0,-31883860,21,10,đều
U014,2025-12-05,378068,0,-32261928,20,11,đều
U014,2025-12-06,397383,0,-32659311,19,12,đều
U014,2025-12-07,684282,0,-33343593,18,13,đều
U014,2025-12-08,498969,0,-33842562,17,14,đều
U014,2025-12-09,474113,0,-34316675,16,15,đều
U014,2025-12-10,457942,0,-34774617,15,16,đều
U014,2025-12-11,217698,0,-34992315,14,17,đều
U014,2025-12-12,374882,0,-35367197,13,18,đều
U014,2025-12-13,885355,0,-36252552,12,19,đều
U014,2025-12-14,444791,0,-36697343,11,20,đều
U014,2025-12-15,258054,0,-36955397,10,21,đều
U014,2025-12-16,368767,0,-37324164,9,22,đều
U014,2025-12-17,637341,0,-37961505,8,23,đều
U014,2025-12-18,632309,0,-38593814,7,24,đều
U014,2025-12-19,490611,0,-39084425,6,25,đều
U014,2025-12-20,418921,0,-39503346,5,26,đều
U014,2025-12-21,314972,0,-39818318,4,27,đều
U014,2025-12-22,639469,0,-40457787,3,28,đều
U014,2025-12-23,771635,0,-41229422,2,29,đều
U014,2025-12-24,924188,0,-42153610,1,30,đều
U014,2025-12-25,353940,16111529,-26396021,31,1,đều
U014,2025-12-26,952960,0,-27348981,30,2,đều
U014,2025-12-27,539541,0,-27888522,29,3,đều
U014,2025-12-28,557795,0,-28446317,28,4,đều
U014,2025-12-29,789027,0,-29235344,27,5,đều
U014,2025-12-30,444514,0,-29679858,26,6,đều
U014,2025-12-31,232257,0,-29912115,25,7,đều
U014,2026-01-01,731654,0,-30643769,24,8,đều
U014,2026-01-02,634471,0,-31278240,23,9,đều
U014,2026-01-03,477829,0,-31756069,22,10,đều
U014,2026-01-04,707952,0,-32464021,21,11,đều
U014,2026-01-05,768270,0,-33232291,20,12,đều
U014,2026-01-06,301437,0,-33533728,19,13,đều
U014,2026-01-07,556891,0,-34090619,18,14,đều
U014,2026-01-08,221925,0,-34312544,17,15,đều
U014,2026-01-09,525256,0,-34837800,16,16,đều
U014,2026-01-10,475452,0,-35313252,15,17,đều
U014,2026-01-11,671912,0,-35985164,14,18,đều
U014,2026-01-12,359294,0,-36344458,13,19,đều
U014,2026-01-13,466272,0,-36810730,12,20,đều
U014,2026-01-14,152466,0,-36963196,11,21,đều
U014,2026-01-15,689775,0,-37652971,10,22,đều
U014,2026-01-16,532724,0,-38185695,9,23,đều
U014,2026-01-17,571498,0,-38757193,8,24,đều
U014,2026-01-18,303685,0,-39060878,7,25,đều
U014,2026-01-19,647157,0,-39708035,6,26,đều
U014,2026-01-20,1068984,0,-40777019,5,27,đều
U014,2026-01-21,512550,0,-41289569,4,28,đều
U014,2026-01-22,715799,0,-42005368,3,29,đều
U014,2026-01-23,389598,0,-42394966,2,30,đều
U014,2026-01-24,535190,0,-42930156,1,31,đều
U014,2026-01-25,299115,16111529,-27117742,31,1,đều
U014,2026-01-26,756432,0,-27874174,30,2,đều
U014,2026-01-27,588337,0,-28462511,29,3,đều
U014,2026-01-28,338881,0,-28801392,28,4,đều
U014,2026-01-29,400462,0,-29201854,27,5,đều
U014,2026-01-30,565550,0,-29767404,26,6,đều
U014,2026-01-31,798639,0,-30566043,25,7,đều
U014,2026-02-01,997423,0,-31563466,24,8,đều
U014,2026-02-02,523069,0,-32086535,23,9,đều
U014,2026-02-03,319739,0,-32406274,22,10,đều
U014,2026-02-04,607134,0,-33013408,21,11,đều
U014,2026-02-05,1127002,0,-34140410,20,12,đều
U014,2026-02-06,288376,0,-34428786,19,13,đều
U014,2026-02-07,376729,0,-34805515,18,14,đều
U014,2026-02-08,704684,0,-35510199,17,15,đều
U014,2026-02-09,586870,0,-36097069,16,16,đều
U014,2026-02-10,443792,0,-36540861,15,17,đều
U014,2026-02-11,602694,0,-37143555,14,18,đều
U014,2026-02-12,815973,0,-37959528,13,19,đều
U014,2026-02-13,530611,0,-38490139,12,20,đều
U014,2026-02-14,512326,0,-39002465,11,21,đều
U014,2026-02-15,698527,0,-39700992,10,22,đều
U014,2026-02-16,495297,0,-40196289,9,23,đều
U014,2026-02-17,871637,0,-41067926,8,24,đều
U014,2026-02-18,1241480,0,-42309406,7,25,đều
U014,2026-02-19,386135,0,-42695541,6,26,đều
U014,2026-02-20,334740,0,-43030281,5,27,đều
U014,2026-02-21,640373,0,-43670654,4,28,đều
U014,2026-02-22,330023,0,-44000677,3,29,đều
U014,2026-02-23,327777,0,-44328454,2,30,đều
U014,2026-02-24,243151,0,-44571605,1,31,đều
U014,2026-02-25,473647,16111529,-28933723,28,1,đều
U014,2026-02-26,544663,0,-29478386,27,2,đều
U014,2026-02-27,448729,0,-29927115,26,3,đều
U014,2026-02-28,962464,0,-30889579,25,4,đều
U014,2026-03-01,934226,0,-31823805,24,5,đều
U014,2026-03-02,1193805,0,-33017610,23,6,đều
U014,2026-03-03,562266,0,-33579876,22,7,đều
U014,2026-03-04,886154,0,-34466030,21,8,đều
U014,2026-03-05,624471,0,-35090501,20,9,đều
U014,2026-03-06,599872,0,-35690373,19,10,đều
U014,2026-03-07,457789,0,-36148162,18,11,đều
U014,2026-03-08,223208,0,-36371370,17,12,đều
U014,2026-03-09,712144,0,-37083514,16,13,đều
U014,2026-03-10,875695,0,-37959209,15,14,đều
U014,2026-03-11,299800,0,-38259009,14,15,đều
U014,2026-03-12,549761,0,-38808770,13,16,đều
U014,2026-03-13,820589,0,-39629359,12,17,đều
U014,2026-03-14,477978,0,-40107337,11,18,đều
U014,2026-03-15,889452,0,-40996789,10,19,đều
U014,2026-03-16,521782,0,-41518571,9,20,đều
U014,2026-03-17,447332,0,-41965903,8,21,đều
U014,2026-03-18,910031,0,-42875934,7,22,đều
U014,2026-03-19,379883,0,-43255817,6,23,đều
U014,2026-03-20,412981,0,-43668798,5,24,đều
U014,2026-03-21,385733,0,-44054531,4,25,đều
U014,2026-03-22,349438,0,-44403969,3,26,đều
U014,2026-03-23,586737,0,-44990706,2,27,đều
U014,2026-03-24,449524,0,-45440230,1,28,đều
U014,2026-03-25,671027,16111529,-29999728,31,1,đều
U014,2026-03-26,275754,0,-30275482,30,2,đều
U014,2026-03-27,352251,0,-30627733,29,3,đều
U014,2026-03-28,563403,0,-31191136,28,4,đều
U014,2026-03-29,993502,0,-32184638,27,5,đều
U014,2026-03-30,642113,0,-32826751,26,6,đều
U014,2026-03-31,435985,0,-33262736,25,7,đều
U014,2026-04-01,304159,0,-33566895,24,8,đều
U014,2026-04-02,425909,0,-33992804,23,9,đều
U014,2026-04-03,542599,0,-34535403,22,10,đều
U014,2026-04-04,214925,0,-34750328,21,11,đều
U014,2026-04-05,339684,0,-35090012,20,12,đều
U014,2026-04-06,410896,0,-35500908,19,13,đều
U014,2026-04-07,497900,0,-35998808,18,14,đều
U014,2026-04-08,540032,0,-36538840,17,15,đều
U014,2026-04-09,432255,0,-36971095,16,16,đều
U014,2026-04-10,675675,0,-37646770,15,17,đều
U014,2026-04-11,580127,0,-38226897,14,18,đều
U014,2026-04-12,475962,0,-38702859,13,19,đều
U014,2026-04-13,713993,0,-39416852,12,20,đều
U014,2026-04-14,691000,0,-40107852,11,21,đều
U014,2026-04-15,308538,0,-40416390,10,22,đều
U014,2026-04-16,544873,0,-40961263,9,23,đều
U014,2026-04-17,787976,0,-41749239,8,24,đều
U014,2026-04-18,842488,0,-42591727,7,25,đều
U014,2026-04-19,640166,0,-43231893,6,26,đều
U014,2026-04-20,502727,0,-43734620,5,27,đều
U014,2026-04-21,653205,0,-44387825,4,28,đều
U014,2026-04-22,762401,0,-45150226,3,29,đều
U014,2026-04-23,578071,0,-45728297,2,30,đều
U014,2026-04-24,604744,0,-46333041,1,31,đều
U014,2026-04-25,499417,16111529,-30720929,30,1,đều
U014,2026-04-26,323322,0,-31044251,29,2,đều
U014,2026-04-27,514717,0,-31558968,28,3,đều
U014,2026-04-28,420952,0,-31979920,27,4,đều
U014,2026-04-29,421490,0,-32401410,26,5,đều
U014,2026-04-30,979358,0,-33380768,25,6,đều
U014,2026-05-01,807535,0,-34188303,24,7,đều
U014,2026-05-02,280329,0,-34468632,23,8,đều
U014,2026-05-03,357599,0,-34826231,22,9,đều
U014,2026-05-04,477201,0,-35303432,21,10,đều
U014,2026-05-05,427140,0,-35730572,20,11,đều
U014,2026-05-06,626614,0,-36357186,19,12,đều
U014,2026-05-07,335603,0,-36692789,18,13,đều
U014,2026-05-08,809791,0,-37502580,17,14,đều
U014,2026-05-09,542269,0,-38044849,16,15,đều
U014,2026-05-10,481622,0,-38526471,15,16,đều
U014,2026-05-11,548746,0,-39075217,14,17,đều
U014,2026-05-12,467015,0,-39542232,13,18,đều
U014,2026-05-13,244963,0,-39787195,12,19,đều
U014,2026-05-14,554537,0,-40341732,11,20,đều
U014,2026-05-15,485445,0,-40827177,10,21,đều
U014,2026-05-16,376750,0,-41203927,9,22,đều
U014,2026-05-17,856056,0,-42059983,8,23,đều
U014,2026-05-18,721360,0,-42781343,7,24,đều
U014,2026-05-19,1463969,0,-44245312,6,25,đều
U014,2026-05-20,770697,0,-45016009,5,26,đều
U014,2026-05-21,426661,0,-45442670,4,27,đều
U014,2026-05-22,384156,0,-45826826,3,28,đều
U014,2026-05-23,452886,0,-46279712,2,29,đều
U014,2026-05-24,422721,0,-46702433,1,30,đều
U014,2026-05-25,576443,16111529,-31167347,31,1,đều
U014,2026-05-26,298224,0,-31465571,30,2,đều
U014,2026-05-27,714997,0,-32180568,29,3,đều
U014,2026-05-28,572402,0,-32752970,28,4,đều
U014,2026-05-29,682901,0,-33435871,27,5,đều
U014,2026-05-30,349221,0,-33785092,26,6,đều
U014,2026-05-31,609135,0,-34394227,25,7,đều
U014,2026-06-01,928002,0,-35322229,24,8,đều
U014,2026-06-02,391177,0,-35713406,23,9,đều
U014,2026-06-03,386921,0,-36100327,22,10,đều
U014,2026-06-04,733734,0,-36834061,21,11,đều
U014,2026-06-05,374557,0,-37208618,20,12,đều
U014,2026-06-06,502728,0,-37711346,19,13,đều
U014,2026-06-07,995910,0,-38707256,18,14,đều
U014,2026-06-08,389123,0,-39096379,17,15,đều
U014,2026-06-09,1023661,0,-40120040,16,16,đều
U014,2026-06-10,482534,0,-40602574,15,17,đều
U014,2026-06-11,352441,0,-40955015,14,18,đều
U014,2026-06-12,702640,0,-41657655,13,19,đều
U014,2026-06-13,576205,0,-42233860,12,20,đều
U014,2026-06-14,554816,0,-42788676,11,21,đều
U014,2026-06-15,405806,0,-43194482,10,22,đều
U014,2026-06-16,574526,0,-43769008,9,23,đều
U014,2026-06-17,241365,0,-44010373,8,24,đều
U014,2026-06-18,602369,0,-44612742,7,25,đều
U014,2026-06-19,927287,0,-45540029,6,26,đều
U014,2026-06-20,272378,0,-45812407,5,27,đều
U014,2026-06-21,469024,0,-46281431,4,28,đều
U014,2026-06-22,388972,0,-46670403,3,29,đều
U014,2026-06-23,301552,0,-46971955,2,30,đều
U014,2026-06-24,242794,0,-47214749,1,31,đều
U014,2026-06-25,344133,16111529,-31447353,30,1,đều
U014,2026-06-26,500903,0,-31948256,29,2,đều
U014,2026-06-27,873946,0,-32822202,28,3,đều
U014,2026-06-28,300149,0,-33122351,27,4,đều
U014,2026-06-29,620869,0,-33743220,26,5,đều
U014,2026-06-30,602580,0,-34345800,25,6,đều
U014,2026-07-01,1077231,0,-35423031,24,7,đều
U015,2025-01-01,872864,26180691,25307827,31,1,đều
U015,2025-01-02,455943,0,24851884,30,2,đều
U015,2025-01-03,524755,0,24327129,29,3,đều
U015,2025-01-04,1031539,0,23295590,28,4,đều
U015,2025-01-05,290540,0,23005050,27,5,đều
U015,2025-01-06,502269,0,22502781,26,6,đều
U015,2025-01-07,387508,0,22115273,25,7,đều
U015,2025-01-08,724700,0,21390573,24,8,đều
U015,2025-01-09,557474,0,20833099,23,9,đều
U015,2025-01-10,847633,0,19985466,22,10,đều
U015,2025-01-11,631730,0,19353736,21,11,đều
U015,2025-01-12,355535,0,18998201,20,12,đều
U015,2025-01-13,362170,0,18636031,19,13,đều
U015,2025-01-14,658287,0,17977744,18,14,đều
U015,2025-01-15,484737,0,17493007,17,15,đều
U015,2025-01-16,533259,0,16959748,16,16,đều
U015,2025-01-17,960473,0,15999275,15,17,đều
U015,2025-01-18,893971,0,15105304,14,18,đều
U015,2025-01-19,1354454,0,13750850,13,19,đều
U015,2025-01-20,581450,0,13169400,12,20,đều
U015,2025-01-21,510608,0,12658792,11,21,đều
U015,2025-01-22,780032,0,11878760,10,22,đều
U015,2025-01-23,527286,0,11351474,9,23,đều
U015,2025-01-24,534235,0,10817239,8,24,đều
U015,2025-01-25,608635,0,10208604,7,25,đều
U015,2025-01-26,1278138,0,8930466,6,26,đều
U015,2025-01-27,874495,0,8055971,5,27,đều
U015,2025-01-28,911953,0,7144018,4,28,đều
U015,2025-01-29,1255390,0,5888628,3,29,đều
U015,2025-01-30,946786,0,4941842,2,30,đều
U015,2025-01-31,419682,0,4522160,1,31,đều
U015,2025-02-01,941066,26180691,29761785,28,1,đều
U015,2025-02-02,990056,0,28771729,27,2,đều
U015,2025-02-03,856459,0,27915270,26,3,đều
U015,2025-02-04,610259,0,27305011,25,4,đều
U015,2025-02-05,821057,0,26483954,24,5,đều
U015,2025-02-06,654561,0,25829393,23,6,đều
U015,2025-02-07,446226,0,25383167,22,7,đều
U015,2025-02-08,492851,0,24890316,21,8,đều
U015,2025-02-09,874410,0,24015906,20,9,đều
U015,2025-02-10,459313,0,23556593,19,10,đều
U015,2025-02-11,476963,0,23079630,18,11,đều
U015,2025-02-12,891953,0,22187677,17,12,đều
U015,2025-02-13,696157,0,21491520,16,13,đều
U015,2025-02-14,831256,0,20660264,15,14,đều
U015,2025-02-15,403612,0,20256652,14,15,đều
U015,2025-02-16,822075,0,19434577,13,16,đều
U015,2025-02-17,506766,0,18927811,12,17,đều
U015,2025-02-18,439354,0,18488457,11,18,đều
U015,2025-02-19,539111,0,17949346,10,19,đều
U015,2025-02-20,1137839,0,16811507,9,20,đều
U015,2025-02-21,570366,0,16241141,8,21,đều
U015,2025-02-22,1591793,0,14649348,7,22,đều
U015,2025-02-23,289220,0,14360128,6,23,đều
U015,2025-02-24,355508,0,14004620,5,24,đều
U015,2025-02-25,1120728,0,12883892,4,25,đều
U015,2025-02-26,1239300,0,11644592,3,26,đều
U015,2025-02-27,467162,0,11177430,2,27,đều
U015,2025-02-28,678319,0,10499111,1,28,đều
U015,2025-03-01,877376,26180691,35802426,31,1,đều
U015,2025-03-02,602031,0,35200395,30,2,đều
U015,2025-03-03,700649,0,34499746,29,3,đều
U015,2025-03-04,662773,0,33836973,28,4,đều
U015,2025-03-05,364848,0,33472125,27,5,đều
U015,2025-03-06,574900,0,32897225,26,6,đều
U015,2025-03-07,663153,0,32234072,25,7,đều
U015,2025-03-08,687670,0,31546402,24,8,đều
U015,2025-03-09,330253,0,31216149,23,9,đều
U015,2025-03-10,892064,0,30324085,22,10,đều
U015,2025-03-11,694962,0,29629123,21,11,đều
U015,2025-03-12,432640,0,29196483,20,12,đều
U015,2025-03-13,1355175,0,27841308,19,13,đều
U015,2025-03-14,574458,0,27266850,18,14,đều
U015,2025-03-15,589574,0,26677276,17,15,đều
U015,2025-03-16,852986,0,25824290,16,16,đều
U015,2025-03-17,1402008,0,24422282,15,17,đều
U015,2025-03-18,866512,0,23555770,14,18,đều
U015,2025-03-19,918281,0,22637489,13,19,đều
U015,2025-03-20,442045,0,22195444,12,20,đều
U015,2025-03-21,683238,0,21512206,11,21,đều
U015,2025-03-22,533338,0,20978868,10,22,đều
U015,2025-03-23,874552,0,20104316,9,23,đều
U015,2025-03-24,907639,0,19196677,8,24,đều
U015,2025-03-25,1268197,0,17928480,7,25,đều
U015,2025-03-26,278307,0,17650173,6,26,đều
U015,2025-03-27,512771,0,17137402,5,27,đều
U015,2025-03-28,1110049,0,16027353,4,28,đều
U015,2025-03-29,376700,0,15650653,3,29,đều
U015,2025-03-30,910797,0,14739856,2,30,đều
U015,2025-03-31,1038632,0,13701224,1,31,đều
U015,2025-04-01,652443,26180691,39229472,30,1,đều
U015,2025-04-02,373708,0,38855764,29,2,đều
U015,2025-04-03,628573,0,38227191,28,3,đều
U015,2025-04-04,1182673,0,37044518,27,4,đều
U015,2025-04-05,1221295,0,35823223,26,5,đều
U015,2025-04-06,717098,0,35106125,25,6,đều
U015,2025-04-07,446377,0,34659748,24,7,đều
U015,2025-04-08,1322685,0,33337063,23,8,đều
U015,2025-04-09,916378,0,32420685,22,9,đều
U015,2025-04-10,458269,0,31962416,21,10,đều
U015,2025-04-11,756776,0,31205640,20,11,đều
U015,2025-04-12,743047,0,30462593,19,12,đều
U015,2025-04-13,511497,0,29951096,18,13,đều
U015,2025-04-14,758470,0,29192626,17,14,đều
U015,2025-04-15,1027141,0,28165485,16,15,đều
U015,2025-04-16,586141,0,27579344,15,16,đều
U015,2025-04-17,1069950,0,26509394,14,17,đều
U015,2025-04-18,326986,0,26182408,13,18,đều
U015,2025-04-19,1602575,0,24579833,12,19,đều
U015,2025-04-20,675194,0,23904639,11,20,đều
U015,2025-04-21,1013605,0,22891034,10,21,đều
U015,2025-04-22,720182,0,22170852,9,22,đều
U015,2025-04-23,474685,0,21696167,8,23,đều
U015,2025-04-24,650349,0,21045818,7,24,đều
U015,2025-04-25,307437,0,20738381,6,25,đều
U015,2025-04-26,869062,0,19869319,5,26,đều
U015,2025-04-27,713060,0,19156259,4,27,đều
U015,2025-04-28,611208,0,18545051,3,28,đều
U015,2025-04-29,891709,0,17653342,2,29,đều
U015,2025-04-30,669860,0,16983482,1,30,đều
U015,2025-05-01,841168,26180691,42323005,31,1,đều
U015,2025-05-02,969700,0,41353305,30,2,đều
U015,2025-05-03,529731,0,40823574,29,3,đều
U015,2025-05-04,472433,0,40351141,28,4,đều
U015,2025-05-05,331304,0,40019837,27,5,đều
U015,2025-05-06,693038,0,39326799,26,6,đều
U015,2025-05-07,790684,0,38536115,25,7,đều
U015,2025-05-08,388625,0,38147490,24,8,đều
U015,2025-05-09,1164692,0,36982798,23,9,đều
U015,2025-05-10,474910,0,36507888,22,10,đều
U015,2025-05-11,284479,0,36223409,21,11,đều
U015,2025-05-12,1199895,0,35023514,20,12,đều
U015,2025-05-13,299722,0,34723792,19,13,đều
U015,2025-05-14,970422,0,33753370,18,14,đều
U015,2025-05-15,880516,0,32872854,17,15,đều
U015,2025-05-16,749856,0,32122998,16,16,đều
U015,2025-05-17,535366,0,31587632,15,17,đều
U015,2025-05-18,806883,0,30780749,14,18,đều
U015,2025-05-19,1003705,0,29777044,13,19,đều
U015,2025-05-20,444849,0,29332195,12,20,đều
U015,2025-05-21,975168,0,28357027,11,21,đều
U015,2025-05-22,957580,0,27399447,10,22,đều
U015,2025-05-23,741949,0,26657498,9,23,đều
U015,2025-05-24,532121,0,26125377,8,24,đều
U015,2025-05-25,959337,0,25166040,7,25,đều
U015,2025-05-26,808665,0,24357375,6,26,đều
U015,2025-05-27,439517,0,23917858,5,27,đều
U015,2025-05-28,569704,0,23348154,4,28,đều
U015,2025-05-29,915694,0,22432460,3,29,đều
U015,2025-05-30,690829,0,21741631,2,30,đều
U015,2025-05-31,1018874,0,20722757,1,31,đều
U015,2025-06-01,575593,26180691,46327855,30,1,đều
U015,2025-06-02,442350,0,45885505,29,2,đều
U015,2025-06-03,1586842,0,44298663,28,3,đều
U015,2025-06-04,336872,0,43961791,27,4,đều
U015,2025-06-05,540300,0,43421491,26,5,đều
U015,2025-06-06,738011,0,42683480,25,6,đều
U015,2025-06-07,978963,0,41704517,24,7,đều
U015,2025-06-08,854605,0,40849912,23,8,đều
U015,2025-06-09,1663308,0,39186604,22,9,đều
U015,2025-06-10,629560,0,38557044,21,10,đều
U015,2025-06-11,465386,0,38091658,20,11,đều
U015,2025-06-12,604367,0,37487291,19,12,đều
U015,2025-06-13,580604,0,36906687,18,13,đều
U015,2025-06-14,642099,0,36264588,17,14,đều
U015,2025-06-15,445441,0,35819147,16,15,đều
U015,2025-06-16,902964,0,34916183,15,16,đều
U015,2025-06-17,765395,0,34150788,14,17,đều
U015,2025-06-18,398022,0,33752766,13,18,đều
U015,2025-06-19,971917,0,32780849,12,19,đều
U015,2025-06-20,476977,0,32303872,11,20,đều
U015,2025-06-21,411140,0,31892732,10,21,đều
U015,2025-06-22,683339,0,31209393,9,22,đều
U015,2025-06-23,326661,0,30882732,8,23,đều
U015,2025-06-24,835359,0,30047373,7,24,đều
U015,2025-06-25,211987,0,29835386,6,25,đều
U015,2025-06-26,437167,0,29398219,5,26,đều
U015,2025-06-27,1239068,0,28159151,4,27,đều
U015,2025-06-28,501396,0,27657755,3,28,đều
U015,2025-06-29,537767,0,27119988,2,29,đều
U015,2025-06-30,1098308,0,26021680,1,30,đều
U015,2025-07-01,480542,26180691,51721829,31,1,đều
U015,2025-07-02,895547,0,50826282,30,2,đều
U015,2025-07-03,1055463,0,49770819,29,3,đều
U015,2025-07-04,799089,0,48971730,28,4,đều
U015,2025-07-05,370221,0,48601509,27,5,đều
U015,2025-07-06,518254,0,48083255,26,6,đều
U015,2025-07-07,1953754,0,46129501,25,7,đều
U015,2025-07-08,542317,0,45587184,24,8,đều
U015,2025-07-09,2178935,0,43408249,23,9,đều
U015,2025-07-10,1307204,0,42101045,22,10,đều
U015,2025-07-11,812152,0,41288893,21,11,đều
U015,2025-07-12,743191,0,40545702,20,12,đều
U015,2025-07-13,547921,0,39997781,19,13,đều
U015,2025-07-14,636825,0,39360956,18,14,đều
U015,2025-07-15,500982,0,38859974,17,15,đều
U015,2025-07-16,643299,0,38216675,16,16,đều
U015,2025-07-17,382673,0,37834002,15,17,đều
U015,2025-07-18,374560,0,37459442,14,18,đều
U015,2025-07-19,1110390,0,36349052,13,19,đều
U015,2025-07-20,346241,0,36002811,12,20,đều
U015,2025-07-21,940597,0,35062214,11,21,đều
U015,2025-07-22,309299,0,34752915,10,22,đều
U015,2025-07-23,848878,0,33904037,9,23,đều
U015,2025-07-24,607302,0,33296735,8,24,đều
U015,2025-07-25,1119443,0,32177292,7,25,đều
U015,2025-07-26,577820,0,31599472,6,26,đều
U015,2025-07-27,295374,0,31304098,5,27,đều
U015,2025-07-28,612069,0,30692029,4,28,đều
U015,2025-07-29,703399,0,29988630,3,29,đều
U015,2025-07-30,625949,0,29362681,2,30,đều
U015,2025-07-31,830562,0,28532119,1,31,đều
U015,2025-08-01,526528,26180691,54186282,31,1,đều
U015,2025-08-02,398098,0,53788184,30,2,đều
U015,2025-08-03,442394,0,53345790,29,3,đều
U015,2025-08-04,536868,0,52808922,28,4,đều
U015,2025-08-05,535029,0,52273893,27,5,đều
U015,2025-08-06,1727635,0,50546258,26,6,đều
U015,2025-08-07,1090184,0,49456074,25,7,đều
U015,2025-08-08,868479,0,48587595,24,8,đều
U015,2025-08-09,788762,0,47798833,23,9,đều
U015,2025-08-10,743946,0,47054887,22,10,đều
U015,2025-08-11,745504,0,46309383,21,11,đều
U015,2025-08-12,704420,0,45604963,20,12,đều
U015,2025-08-13,670556,0,44934407,19,13,đều
U015,2025-08-14,285806,0,44648601,18,14,đều
U015,2025-08-15,569301,0,44079300,17,15,đều
U015,2025-08-16,599406,0,43479894,16,16,đều
U015,2025-08-17,489053,0,42990841,15,17,đều
U015,2025-08-18,528277,0,42462564,14,18,đều
U015,2025-08-19,744237,0,41718327,13,19,đều
U015,2025-08-20,897036,0,40821291,12,20,đều
U015,2025-08-21,743787,0,40077504,11,21,đều
U015,2025-08-22,888059,0,39189445,10,22,đều
U015,2025-08-23,894355,0,38295090,9,23,đều
U015,2025-08-24,585331,0,37709759,8,24,đều
U015,2025-08-25,814181,0,36895578,7,25,đều
U015,2025-08-26,328163,0,36567415,6,26,đều
U015,2025-08-27,565850,0,36001565,5,27,đều
U015,2025-08-28,539865,0,35461700,4,28,đều
U015,2025-08-29,1217544,0,34244156,3,29,đều
U015,2025-08-30,755134,0,33489022,2,30,đều
U015,2025-08-31,386943,0,33102079,1,31,đều
U015,2025-09-01,837058,26180691,58445712,30,1,đều
U015,2025-09-02,949536,0,57496176,29,2,đều
U015,2025-09-03,636634,0,56859542,28,3,đều
U015,2025-09-04,869712,0,55989830,27,4,đều
U015,2025-09-05,243174,0,55746656,26,5,đều
U015,2025-09-06,224153,0,55522503,25,6,đều
U015,2025-09-07,411822,0,55110681,24,7,đều
U015,2025-09-08,700417,0,54410264,23,8,đều
U015,2025-09-09,1217951,0,53192313,22,9,đều
U015,2025-09-10,420519,0,52771794,21,10,đều
U015,2025-09-11,468994,0,52302800,20,11,đều
U015,2025-09-12,683689,0,51619111,19,12,đều
U015,2025-09-13,541928,0,51077183,18,13,đều
U015,2025-09-14,529739,0,50547444,17,14,đều
U015,2025-09-15,557504,0,49989940,16,15,đều
U015,2025-09-16,1116524,0,48873416,15,16,đều
U015,2025-09-17,1031236,0,47842180,14,17,đều
U015,2025-09-18,666105,0,47176075,13,18,đều
U015,2025-09-19,1279023,0,45897052,12,19,đều
U015,2025-09-20,808897,0,45088155,11,20,đều
U015,2025-09-21,1046930,0,44041225,10,21,đều
U015,2025-09-22,467707,0,43573518,9,22,đều
U015,2025-09-23,508055,0,43065463,8,23,đều
U015,2025-09-24,505884,0,42559579,7,24,đều
U015,2025-09-25,637383,0,41922196,6,25,đều
U015,2025-09-26,675887,0,41246309,5,26,đều
U015,2025-09-27,751244,0,40495065,4,27,đều
U015,2025-09-28,1452878,0,39042187,3,28,đều
U015,2025-09-29,880572,0,38161615,2,29,đều
U015,2025-09-30,537078,0,37624537,1,30,đều
U015,2025-10-01,659018,26180691,63146210,31,1,đều
U015,2025-10-02,1204761,0,61941449,30,2,đều
U015,2025-10-03,902178,0,61039271,29,3,đều
U015,2025-10-04,1198436,0,59840835,28,4,đều
U015,2025-10-05,544020,0,59296815,27,5,đều
U015,2025-10-06,496407,0,58800408,26,6,đều
U015,2025-10-07,499317,0,58301091,25,7,đều
U015,2025-10-08,561867,0,57739224,24,8,đều
U015,2025-10-09,431275,0,57307949,23,9,đều
U015,2025-10-10,742585,0,56565364,22,10,đều
U015,2025-10-11,747710,0,55817654,21,11,đều
U015,2025-10-12,1127289,0,54690365,20,12,đều
U015,2025-10-13,326345,0,54364020,19,13,đều
U015,2025-10-14,452329,0,53911691,18,14,đều
U015,2025-10-15,910772,0,53000919,17,15,đều
U015,2025-10-16,710131,0,52290788,16,16,đều
U015,2025-10-17,671814,0,51618974,15,17,đều
U015,2025-10-18,1094006,0,50524968,14,18,đều
U015,2025-10-19,440574,0,50084394,13,19,đều
U015,2025-10-20,493029,0,49591365,12,20,đều
U015,2025-10-21,470340,0,49121025,11,21,đều
U015,2025-10-22,294977,0,48826048,10,22,đều
U015,2025-10-23,695887,0,48130161,9,23,đều
U015,2025-10-24,535349,0,47594812,8,24,đều
U015,2025-10-25,492207,0,47102605,7,25,đều
U015,2025-10-26,457918,0,46644687,6,26,đều
U015,2025-10-27,655214,0,45989473,5,27,đều
U015,2025-10-28,479452,0,45510021,4,28,đều
U015,2025-10-29,721034,0,44788987,3,29,đều
U015,2025-10-30,792928,0,43996059,2,30,đều
U015,2025-10-31,586533,0,43409526,1,31,đều
U015,2025-11-01,570819,26180691,69019398,30,1,đều
U015,2025-11-02,710704,0,68308694,29,2,đều
U015,2025-11-03,652310,0,67656384,28,3,đều
U015,2025-11-04,1123410,0,66532974,27,4,đều
U015,2025-11-05,749470,0,65783504,26,5,đều
U015,2025-11-06,1022795,0,64760709,25,6,đều
U015,2025-11-07,842408,0,63918301,24,7,đều
U015,2025-11-08,389433,0,63528868,23,8,đều
U015,2025-11-09,527819,0,63001049,22,9,đều
U015,2025-11-10,647307,0,62353742,21,10,đều
U015,2025-11-11,933964,0,61419778,20,11,đều
U015,2025-11-12,1426794,0,59992984,19,12,đều
U015,2025-11-13,543702,0,59449282,18,13,đều
U015,2025-11-14,674629,0,58774653,17,14,đều
U015,2025-11-15,908709,0,57865944,16,15,đều
U015,2025-11-16,644793,0,57221151,15,16,đều
U015,2025-11-17,1273722,0,55947429,14,17,đều
U015,2025-11-18,384885,0,55562544,13,18,đều
U015,2025-11-19,865466,0,54697078,12,19,đều
U015,2025-11-20,862078,0,53835000,11,20,đều
U015,2025-11-21,1046154,0,52788846,10,21,đều
U015,2025-11-22,676465,0,52112381,9,22,đều
U015,2025-11-23,942625,0,51169756,8,23,đều
U015,2025-11-24,597291,0,50572465,7,24,đều
U015,2025-11-25,478906,0,50093559,6,25,đều
U015,2025-11-26,451773,0,49641786,5,26,đều
U015,2025-11-27,370739,0,49271047,4,27,đều
U015,2025-11-28,553088,0,48717959,3,28,đều
U015,2025-11-29,747441,0,47970518,2,29,đều
U015,2025-11-30,607169,0,47363349,1,30,đều
U015,2025-12-01,714260,26180691,72829780,31,1,đều
U015,2025-12-02,1081400,0,71748380,30,2,đều
U015,2025-12-03,536499,0,71211881,29,3,đều
U015,2025-12-04,1682740,0,69529141,28,4,đều
U015,2025-12-05,892617,0,68636524,27,5,đều
U015,2025-12-06,609897,0,68026627,26,6,đều
U015,2025-12-07,604390,0,67422237,25,7,đều
U015,2025-12-08,440896,0,66981341,24,8,đều
U015,2025-12-09,653128,0,66328213,23,9,đều
U015,2025-12-10,277945,0,66050268,22,10,đều
U015,2025-12-11,1090473,0,64959795,21,11,đều
U015,2025-12-12,213880,0,64745915,20,12,đều
U015,2025-12-13,670994,0,64074921,19,13,đều
U015,2025-12-14,417575,0,63657346,18,14,đều
U015,2025-12-15,498492,0,63158854,17,15,đều
U015,2025-12-16,524896,0,62633958,16,16,đều
U015,2025-12-17,1425546,0,61208412,15,17,đều
U015,2025-12-18,424435,0,60783977,14,18,đều
U015,2025-12-19,951238,0,59832739,13,19,đều
U015,2025-12-20,1049659,0,58783080,12,20,đều
U015,2025-12-21,258964,0,58524116,11,21,đều
U015,2025-12-22,515903,0,58008213,10,22,đều
U015,2025-12-23,1194931,0,56813282,9,23,đều
U015,2025-12-24,390002,0,56423280,8,24,đều
U015,2025-12-25,1065682,0,55357598,7,25,đều
U015,2025-12-26,655182,0,54702416,6,26,đều
U015,2025-12-27,643950,0,54058466,5,27,đều
U015,2025-12-28,678481,0,53379985,4,28,đều
U015,2025-12-29,756792,0,52623193,3,29,đều
U015,2025-12-30,450251,0,52172942,2,30,đều
U015,2025-12-31,594602,0,51578340,1,31,đều
U015,2026-01-01,765324,26180691,76993707,31,1,đều
U015,2026-01-02,708262,0,76285445,30,2,đều
U015,2026-01-03,758809,0,75526636,29,3,đều
U015,2026-01-04,495014,0,75031622,28,4,đều
U015,2026-01-05,849782,0,74181840,27,5,đều
U015,2026-01-06,694124,0,73487716,26,6,đều
U015,2026-01-07,350647,0,73137069,25,7,đều
U015,2026-01-08,533528,0,72603541,24,8,đều
U015,2026-01-09,461212,0,72142329,23,9,đều
U015,2026-01-10,458843,0,71683486,22,10,đều
U015,2026-01-11,545372,0,71138114,21,11,đều
U015,2026-01-12,843406,0,70294708,20,12,đều
U015,2026-01-13,513548,0,69781160,19,13,đều
U015,2026-01-14,722042,0,69059118,18,14,đều
U015,2026-01-15,676224,0,68382894,17,15,đều
U015,2026-01-16,483204,0,67899690,16,16,đều
U015,2026-01-17,574864,0,67324826,15,17,đều
U015,2026-01-18,932622,0,66392204,14,18,đều
U015,2026-01-19,700632,0,65691572,13,19,đều
U015,2026-01-20,821877,0,64869695,12,20,đều
U015,2026-01-21,1097795,0,63771900,11,21,đều
U015,2026-01-22,785276,0,62986624,10,22,đều
U015,2026-01-23,306061,0,62680563,9,23,đều
U015,2026-01-24,735315,0,61945248,8,24,đều
U015,2026-01-25,515334,0,61429914,7,25,đều
U015,2026-01-26,1361280,0,60068634,6,26,đều
U015,2026-01-27,774152,0,59294482,5,27,đều
U015,2026-01-28,519613,0,58774869,4,28,đều
U015,2026-01-29,827712,0,57947157,3,29,đều
U015,2026-01-30,684286,0,57262871,2,30,đều
U015,2026-01-31,331914,0,56930957,1,31,đều
U015,2026-02-01,931955,26180691,82179693,28,1,đều
U015,2026-02-02,561069,0,81618624,27,2,đều
U015,2026-02-03,1164803,0,80453821,26,3,đều
U015,2026-02-04,627841,0,79825980,25,4,đều
U015,2026-02-05,1173537,0,78652443,24,5,đều
U015,2026-02-06,782129,0,77870314,23,6,đều
U015,2026-02-07,974290,0,76896024,22,7,đều
U015,2026-02-08,542036,0,76353988,21,8,đều
U015,2026-02-09,759957,0,75594031,20,9,đều
U015,2026-02-10,330817,0,75263214,19,10,đều
U015,2026-02-11,627187,0,74636027,18,11,đều
U015,2026-02-12,364398,0,74271629,17,12,đều
U015,2026-02-13,417744,0,73853885,16,13,đều
U015,2026-02-14,462080,0,73391805,15,14,đều
U015,2026-02-15,859395,0,72532410,14,15,đều
U015,2026-02-16,622109,0,71910301,13,16,đều
U015,2026-02-17,668229,0,71242072,12,17,đều
U015,2026-02-18,615371,0,70626701,11,18,đều
U015,2026-02-19,1016731,0,69609970,10,19,đều
U015,2026-02-20,660949,0,68949021,9,20,đều
U015,2026-02-21,728942,0,68220079,8,21,đều
U015,2026-02-22,525294,0,67694785,7,22,đều
U015,2026-02-23,1045054,0,66649731,6,23,đều
U015,2026-02-24,1076872,0,65572859,5,24,đều
U015,2026-02-25,650216,0,64922643,4,25,đều
U015,2026-02-26,522352,0,64400291,3,26,đều
U015,2026-02-27,345734,0,64054557,2,27,đều
U015,2026-02-28,466203,0,63588354,1,28,đều
U015,2026-03-01,277334,26180691,89491711,31,1,đều
U015,2026-03-02,458428,0,89033283,30,2,đều
U015,2026-03-03,761163,0,88272120,29,3,đều
U015,2026-03-04,646711,0,87625409,28,4,đều
U015,2026-03-05,1671316,0,85954093,27,5,đều
U015,2026-03-06,568862,0,85385231,26,6,đều
U015,2026-03-07,551371,0,84833860,25,7,đều
U015,2026-03-08,1009457,0,83824403,24,8,đều
U015,2026-03-09,305297,0,83519106,23,9,đều
U015,2026-03-10,364801,0,83154305,22,10,đều
U015,2026-03-11,860571,0,82293734,21,11,đều
U015,2026-03-12,610263,0,81683471,20,12,đều
U015,2026-03-13,615886,0,81067585,19,13,đều
U015,2026-03-14,453593,0,80613992,18,14,đều
U015,2026-03-15,726304,0,79887688,17,15,đều
U015,2026-03-16,477637,0,79410051,16,16,đều
U015,2026-03-17,679364,0,78730687,15,17,đều
U015,2026-03-18,415161,0,78315526,14,18,đều
U015,2026-03-19,613451,0,77702075,13,19,đều
U015,2026-03-20,1483275,0,76218800,12,20,đều
U015,2026-03-21,556733,0,75662067,11,21,đều
U015,2026-03-22,626004,0,75036063,10,22,đều
U015,2026-03-23,608533,0,74427530,9,23,đều
U015,2026-03-24,707595,0,73719935,8,24,đều
U015,2026-03-25,795778,0,72924157,7,25,đều
U015,2026-03-26,731396,0,72192761,6,26,đều
U015,2026-03-27,737884,0,71454877,5,27,đều
U015,2026-03-28,613835,0,70841042,4,28,đều
U015,2026-03-29,686891,0,70154151,3,29,đều
U015,2026-03-30,605756,0,69548395,2,30,đều
U015,2026-03-31,319615,0,69228780,1,31,đều
U015,2026-04-01,1889951,26180691,93519520,30,1,đều
U015,2026-04-02,883003,0,92636517,29,2,đều
U015,2026-04-03,446006,0,92190511,28,3,đều
U015,2026-04-04,723488,0,91467023,27,4,đều
U015,2026-04-05,385139,0,91081884,26,5,đều
U015,2026-04-06,541520,0,90540364,25,6,đều
U015,2026-04-07,364769,0,90175595,24,7,đều
U015,2026-04-08,646508,0,89529087,23,8,đều
U015,2026-04-09,350555,0,89178532,22,9,đều
U015,2026-04-10,770800,0,88407732,21,10,đều
U015,2026-04-11,866921,0,87540811,20,11,đều
U015,2026-04-12,474029,0,87066782,19,12,đều
U015,2026-04-13,703746,0,86363036,18,13,đều
U015,2026-04-14,464088,0,85898948,17,14,đều
U015,2026-04-15,809772,0,85089176,16,15,đều
U015,2026-04-16,501003,0,84588173,15,16,đều
U015,2026-04-17,904740,0,83683433,14,17,đều
U015,2026-04-18,319713,0,83363720,13,18,đều
U015,2026-04-19,441452,0,82922268,12,19,đều
U015,2026-04-20,423492,0,82498776,11,20,đều
U015,2026-04-21,715800,0,81782976,10,21,đều
U015,2026-04-22,823938,0,80959038,9,22,đều
U015,2026-04-23,738274,0,80220764,8,23,đều
U015,2026-04-24,538329,0,79682435,7,24,đều
U015,2026-04-25,215729,0,79466706,6,25,đều
U015,2026-04-26,670176,0,78796530,5,26,đều
U015,2026-04-27,904407,0,77892123,4,27,đều
U015,2026-04-28,1928048,0,75964075,3,28,đều
U015,2026-04-29,556853,0,75407222,2,29,đều
U015,2026-04-30,505695,0,74901527,1,30,đều
U015,2026-05-01,750067,26180691,100332151,31,1,đều
U015,2026-05-02,595616,0,99736535,30,2,đều
U015,2026-05-03,1099059,0,98637476,29,3,đều
U015,2026-05-04,477605,0,98159871,28,4,đều
U015,2026-05-05,597361,0,97562510,27,5,đều
U015,2026-05-06,936871,0,96625639,26,6,đều
U015,2026-05-07,746508,0,95879131,25,7,đều
U015,2026-05-08,1049997,0,94829134,24,8,đều
U015,2026-05-09,554149,0,94274985,23,9,đều
U015,2026-05-10,1093757,0,93181228,22,10,đều
U015,2026-05-11,339178,0,92842050,21,11,đều
U015,2026-05-12,344653,0,92497397,20,12,đều
U015,2026-05-13,1100672,0,91396725,19,13,đều
U015,2026-05-14,661824,0,90734901,18,14,đều
U015,2026-05-15,953735,0,89781166,17,15,đều
U015,2026-05-16,686666,0,89094500,16,16,đều
U015,2026-05-17,658025,0,88436475,15,17,đều
U015,2026-05-18,387940,0,88048535,14,18,đều
U015,2026-05-19,652835,0,87395700,13,19,đều
U015,2026-05-20,1137630,0,86258070,12,20,đều
U015,2026-05-21,675010,0,85583060,11,21,đều
U015,2026-05-22,866872,0,84716188,10,22,đều
U015,2026-05-23,857319,0,83858869,9,23,đều
U015,2026-05-24,440089,0,83418780,8,24,đều
U015,2026-05-25,929747,0,82489033,7,25,đều
U015,2026-05-26,582057,0,81906976,6,26,đều
U015,2026-05-27,594784,0,81312192,5,27,đều
U015,2026-05-28,1527119,0,79785073,4,28,đều
U015,2026-05-29,837969,0,78947104,3,29,đều
U015,2026-05-30,511148,0,78435956,2,30,đều
U015,2026-05-31,677138,0,77758818,1,31,đều
U015,2026-06-01,669618,26180691,103269891,30,1,đều
U015,2026-06-02,1295300,0,101974591,29,2,đều
U015,2026-06-03,670380,0,101304211,28,3,đều
U015,2026-06-04,1596006,0,99708205,27,4,đều
U015,2026-06-05,392826,0,99315379,26,5,đều
U015,2026-06-06,651397,0,98663982,25,6,đều
U015,2026-06-07,486345,0,98177637,24,7,đều
U015,2026-06-08,541384,0,97636253,23,8,đều
U015,2026-06-09,546105,0,97090148,22,9,đều
U015,2026-06-10,496477,0,96593671,21,10,đều
U015,2026-06-11,1318340,0,95275331,20,11,đều
U015,2026-06-12,1165708,0,94109623,19,12,đều
U015,2026-06-13,775197,0,93334426,18,13,đều
U015,2026-06-14,545836,0,92788590,17,14,đều
U015,2026-06-15,502084,0,92286506,16,15,đều
U015,2026-06-16,887833,0,91398673,15,16,đều
U015,2026-06-17,744059,0,90654614,14,17,đều
U015,2026-06-18,622740,0,90031874,13,18,đều
U015,2026-06-19,819371,0,89212503,12,19,đều
U015,2026-06-20,942455,0,88270048,11,20,đều
U015,2026-06-21,620449,0,87649599,10,21,đều
U015,2026-06-22,481608,0,87167991,9,22,đều
U015,2026-06-23,389013,0,86778978,8,23,đều
U015,2026-06-24,729466,0,86049512,7,24,đều
U015,2026-06-25,1570200,0,84479312,6,25,đều
U015,2026-06-26,423179,0,84056133,5,26,đều
U015,2026-06-27,1024385,0,83031748,4,27,đều
U015,2026-06-28,503628,0,82528120,3,28,đều
U015,2026-06-29,545906,0,81982214,2,29,đều
U015,2026-06-30,951490,0,81030724,1,30,đều
U015,2026-07-01,595831,26180691,106615584,31,1,đều
U016,2025-01-01,312603,11658543,11345940,31,1,bất thường
U016,2025-01-02,404912,0,10941028,30,2,bất thường
U016,2025-01-03,276165,0,10664863,29,3,bất thường
U016,2025-01-04,162427,0,10502436,28,4,bất thường
U016,2025-01-05,198073,0,10304363,27,5,bất thường
U016,2025-01-06,81367,0,10222996,26,6,bất thường
U016,2025-01-07,289000,0,9933996,25,7,bất thường
U016,2025-01-08,476876,0,9457120,24,8,bất thường
U016,2025-01-09,186191,0,9270929,23,9,bất thường
U016,2025-01-10,357754,0,8913175,22,10,bất thường
U016,2025-01-11,336251,0,8576924,21,11,bất thường
U016,2025-01-12,209533,0,8367391,20,12,bất thường
U016,2025-01-13,523347,0,7844044,19,13,bất thường
U016,2025-01-14,253805,0,7590239,18,14,bất thường
U016,2025-01-15,632536,0,6957703,17,15,bất thường
U016,2025-01-16,147136,0,6810567,16,16,bất thường
U016,2025-01-17,254163,0,6556404,15,17,bất thường
U016,2025-01-18,266541,0,6289863,14,18,bất thường
U016,2025-01-19,278491,0,6011372,13,19,bất thường
U016,2025-01-20,376969,0,5634403,12,20,bất thường
U016,2025-01-21,1101999,0,4532404,11,21,bất thường
U016,2025-01-22,339562,0,4192842,10,22,bất thường
U016,2025-01-23,285810,0,3907032,9,23,bất thường
U016,2025-01-24,182573,0,3724459,8,24,bất thường
U016,2025-01-25,132899,0,3591560,7,25,bất thường
U016,2025-01-26,3444507,0,147053,6,26,bất thường
U016,2025-01-27,227447,0,-80394,5,27,bất thường
U016,2025-01-28,443326,0,-523720,4,28,bất thường
U016,2025-01-29,310216,0,-833936,3,29,bất thường
U016,2025-01-30,248729,0,-1082665,2,30,bất thường
U016,2025-01-31,315184,0,-1397849,1,31,bất thường
U016,2025-02-01,1488989,11658543,8771705,28,1,bất thường
U016,2025-02-02,562829,0,8208876,27,2,bất thường
U016,2025-02-03,280981,0,7927895,26,3,bất thường
U016,2025-02-04,218438,0,7709457,25,4,bất thường
U016,2025-02-05,169220,0,7540237,24,5,bất thường
U016,2025-02-06,209840,0,7330397,23,6,bất thường
U016,2025-02-07,428343,0,6902054,22,7,bất thường
U016,2025-02-08,381805,0,6520249,21,8,bất thường
U016,2025-02-09,303140,0,6217109,20,9,bất thường
U016,2025-02-10,357977,0,5859132,19,10,bất thường
U016,2025-02-11,179982,0,5679150,18,11,bất thường
U016,2025-02-12,1038844,0,4640306,17,12,bất thường
U016,2025-02-13,228783,0,4411523,16,13,bất thường
U016,2025-02-14,242306,0,4169217,15,14,bất thường
U016,2025-02-15,180563,0,3988654,14,15,bất thường
U016,2025-02-16,329260,0,3659394,13,16,bất thường
U016,2025-02-17,757164,0,2902230,12,17,bất thường
U016,2025-02-18,386924,0,2515306,11,18,bất thường
U016,2025-02-19,200320,0,2314986,10,19,bất thường
U016,2025-02-20,445804,0,1869182,9,20,bất thường
U016,2025-02-21,249375,0,1619807,8,21,bất thường
U016,2025-02-22,490500,0,1129307,7,22,bất thường
U016,2025-02-23,390841,0,738466,6,23,bất thường
U016,2025-02-24,87215,0,651251,5,24,bất thường
U016,2025-02-25,189426,0,461825,4,25,bất thường
U016,2025-02-26,412974,0,48851,3,26,bất thường
U016,2025-02-27,300754,0,-251903,2,27,bất thường
U016,2025-02-28,187941,0,-439844,1,28,bất thường
U016,2025-03-01,219685,11658543,10999014,31,1,bất thường
U016,2025-03-02,132044,0,10866970,30,2,bất thường
U016,2025-03-03,273221,0,10593749,29,3,bất thường
U016,2025-03-04,685334,0,9908415,28,4,bất thường
U016,2025-03-05,390569,0,9517846,27,5,bất thường
U016,2025-03-06,679799,0,8838047,26,6,bất thường
U016,2025-03-07,402860,0,8435187,25,7,bất thường
U016,2025-03-08,426931,0,8008256,24,8,bất thường
U016,2025-03-09,623446,0,7384810,23,9,bất thường
U016,2025-03-10,329157,0,7055653,22,10,bất thường
U016,2025-03-11,262628,0,6793025,21,11,bất thường
U016,2025-03-12,427816,0,6365209,20,12,bất thường
U016,2025-03-13,506319,0,5858890,19,13,bất thường
U016,2025-03-14,233608,0,5625282,18,14,bất thường
U016,2025-03-15,212088,0,5413194,17,15,bất thường
U016,2025-03-16,299218,0,5113976,16,16,bất thường
U016,2025-03-17,394741,0,4719235,15,17,bất thường
U016,2025-03-18,389501,0,4329734,14,18,bất thường
U016,2025-03-19,160126,0,4169608,13,19,bất thường
U016,2025-03-20,608060,0,3561548,12,20,bất thường
U016,2025-03-21,219020,0,3342528,11,21,bất thường
U016,2025-03-22,254577,0,3087951,10,22,bất thường
U016,2025-03-23,197269,0,2890682,9,23,bất thường
U016,2025-03-24,832940,0,2057742,8,24,bất thường
U016,2025-03-25,311830,0,1745912,7,25,bất thường
U016,2025-03-26,201389,0,1544523,6,26,bất thường
U016,2025-03-27,399894,0,1144629,5,27,bất thường
U016,2025-03-28,385016,0,759613,4,28,bất thường
U016,2025-03-29,262576,0,497037,3,29,bất thường
U016,2025-03-30,396182,0,100855,2,30,bất thường
U016,2025-03-31,203469,0,-102614,1,31,bất thường
U016,2025-04-01,232401,11658543,11323528,30,1,bất thường
U016,2025-04-02,126665,0,11196863,29,2,bất thường
U016,2025-04-03,166676,0,11030187,28,3,bất thường
U016,2025-04-04,583289,0,10446898,27,4,bất thường
U016,2025-04-05,545772,0,9901126,26,5,bất thường
U016,2025-04-06,290599,0,9610527,25,6,bất thường
U016,2025-04-07,550487,0,9060040,24,7,bất thường
U016,2025-04-08,265496,0,8794544,23,8,bất thường
U016,2025-04-09,256792,0,8537752,22,9,bất thường
U016,2025-04-10,289523,0,8248229,21,10,bất thường
U016,2025-04-11,269256,0,7978973,20,11,bất thường
U016,2025-04-12,259706,0,7719267,19,12,bất thường
U016,2025-04-13,447193,0,7272074,18,13,bất thường
U016,2025-04-14,300571,0,6971503,17,14,bất thường
U016,2025-04-15,376389,0,6595114,16,15,bất thường
U016,2025-04-16,427598,0,6167516,15,16,bất thường
U016,2025-04-17,330599,0,5836917,14,17,bất thường
U016,2025-04-18,192005,0,5644912,13,18,bất thường
U016,2025-04-19,164759,0,5480153,12,19,bất thường
U016,2025-04-20,300408,0,5179745,11,20,bất thường
U016,2025-04-21,264311,0,4915434,10,21,bất thường
U016,2025-04-22,293121,0,4622313,9,22,bất thường
U016,2025-04-23,281240,0,4341073,8,23,bất thường
U016,2025-04-24,795571,0,3545502,7,24,bất thường
U016,2025-04-25,166258,0,3379244,6,25,bất thường
U016,2025-04-26,127696,0,3251548,5,26,bất thường
U016,2025-04-27,323300,0,2928248,4,27,bất thường
U016,2025-04-28,243486,0,2684762,3,28,bất thường
U016,2025-04-29,321198,0,2363564,2,29,bất thường
U016,2025-04-30,357517,0,2006047,1,30,bất thường
U016,2025-05-01,473084,11658543,13191506,31,1,bất thường
U016,2025-05-02,154894,0,13036612,30,2,bất thường
U016,2025-05-03,226545,0,12810067,29,3,bất thường
U016,2025-05-04,336008,0,12474059,28,4,bất thường
U016,2025-05-05,385221,0,12088838,27,5,bất thường
U016,2025-05-06,680624,0,11408214,26,6,bất thường
U016,2025-05-07,414848,0,10993366,25,7,bất thường
U016,2025-05-08,276695,0,10716671,24,8,bất thường
U016,2025-05-09,198236,0,10518435,23,9,bất thường
U016,2025-05-10,225860,0,10292575,22,10,bất thường
U016,2025-05-11,223307,0,10069268,21,11,bất thường
U016,2025-05-12,367868,0,9701400,20,12,bất thường
U016,2025-05-13,313698,0,9387702,19,13,bất thường
U016,2025-05-14,166696,0,9221006,18,14,bất thường
U016,2025-05-15,237762,0,8983244,17,15,bất thường
U016,2025-05-16,402079,0,8581165,16,16,bất thường
U016,2025-05-17,325804,0,8255361,15,17,bất thường
U016,2025-05-18,355345,0,7900016,14,18,bất thường
U016,2025-05-19,329903,0,7570113,13,19,bất thường
U016,2025-05-20,542508,0,7027605,12,20,bất thường
U016,2025-05-21,311079,0,6716526,11,21,bất thường
U016,2025-05-22,242553,0,6473973,10,22,bất thường
U016,2025-05-23,196238,0,6277735,9,23,bất thường
U016,2025-05-24,312772,0,5964963,8,24,bất thường
U016,2025-05-25,106628,0,5858335,7,25,bất thường
U016,2025-05-26,262937,0,5595398,6,26,bất thường
U016,2025-05-27,260680,0,5334718,5,27,bất thường
U016,2025-05-28,163996,0,5170722,4,28,bất thường
U016,2025-05-29,195258,0,4975464,3,29,bất thường
U016,2025-05-30,391307,0,4584157,2,30,bất thường
U016,2025-05-31,310417,0,4273740,1,31,bất thường
U016,2025-06-01,294814,11658543,15637469,30,1,bất thường
U016,2025-06-02,319952,0,15317517,29,2,bất thường
U016,2025-06-03,293736,0,15023781,28,3,bất thường
U016,2025-06-04,465343,0,14558438,27,4,bất thường
U016,2025-06-05,297377,0,14261061,26,5,bất thường
U016,2025-06-06,157961,0,14103100,25,6,bất thường
U016,2025-06-07,543311,0,13559789,24,7,bất thường
U016,2025-06-08,328247,0,13231542,23,8,bất thường
U016,2025-06-09,223616,0,13007926,22,9,bất thường
U016,2025-06-10,171446,0,12836480,21,10,bất thường
U016,2025-06-11,331622,0,12504858,20,11,bất thường
U016,2025-06-12,270092,0,12234766,19,12,bất thường
U016,2025-06-13,531280,0,11703486,18,13,bất thường
U016,2025-06-14,246477,0,11457009,17,14,bất thường
U016,2025-06-15,202488,0,11254521,16,15,bất thường
U016,2025-06-16,405025,0,10849496,15,16,bất thường
U016,2025-06-17,409830,0,10439666,14,17,bất thường
U016,2025-06-18,302806,0,10136860,13,18,bất thường
U016,2025-06-19,370989,0,9765871,12,19,bất thường
U016,2025-06-20,278817,0,9487054,11,20,bất thường
U016,2025-06-21,310808,0,9176246,10,21,bất thường
U016,2025-06-22,451072,0,8725174,9,22,bất thường
U016,2025-06-23,363492,0,8361682,8,23,bất thường
U016,2025-06-24,264521,0,8097161,7,24,bất thường
U016,2025-06-25,486178,0,7610983,6,25,bất thường
U016,2025-06-26,109913,0,7501070,5,26,bất thường
U016,2025-06-27,643203,0,6857867,4,27,bất thường
U016,2025-06-28,143058,0,6714809,3,28,bất thường
U016,2025-06-29,220257,0,6494552,2,29,bất thường
U016,2025-06-30,278457,0,6216095,1,30,bất thường
U016,2025-07-01,266944,11658543,17607694,31,1,bất thường
U016,2025-07-02,423348,0,17184346,30,2,bất thường
U016,2025-07-03,185396,0,16998950,29,3,bất thường
U016,2025-07-04,314171,0,16684779,28,4,bất thường
U016,2025-07-05,224606,0,16460173,27,5,bất thường
U016,2025-07-06,318521,0,16141652,26,6,bất thường
U016,2025-07-07,275813,0,15865839,25,7,bất thường
U016,2025-07-08,293772,0,15572067,24,8,bất thường
U016,2025-07-09,227161,0,15344906,23,9,bất thường
U016,2025-07-10,230812,0,15114094,22,10,bất thường
U016,2025-07-11,317520,0,14796574,21,11,bất thường
U016,2025-07-12,412863,0,14383711,20,12,bất thường
U016,2025-07-13,222810,0,14160901,19,13,bất thường
U016,2025-07-14,199961,0,13960940,18,14,bất thường
U016,2025-07-15,361772,0,13599168,17,15,bất thường
U016,2025-07-16,279396,0,13319772,16,16,bất thường
U016,2025-07-17,394583,0,12925189,15,17,bất thường
U016,2025-07-18,197021,0,12728168,14,18,bất thường
U016,2025-07-19,138914,0,12589254,13,19,bất thường
U016,2025-07-20,228704,0,12360550,12,20,bất thường
U016,2025-07-21,208323,0,12152227,11,21,bất thường
U016,2025-07-22,274271,0,11877956,10,22,bất thường
U016,2025-07-23,219399,0,11658557,9,23,bất thường
U016,2025-07-24,380710,0,11277847,8,24,bất thường
U016,2025-07-25,252237,0,11025610,7,25,bất thường
U016,2025-07-26,300612,0,10724998,6,26,bất thường
U016,2025-07-27,301474,0,10423524,5,27,bất thường
U016,2025-07-28,306008,0,10117516,4,28,bất thường
U016,2025-07-29,280333,0,9837183,3,29,bất thường
U016,2025-07-30,347190,0,9489993,2,30,bất thường
U016,2025-07-31,205895,0,9284098,1,31,bất thường
U016,2025-08-01,495416,11658543,20447225,31,1,bất thường
U016,2025-08-02,257499,0,20189726,30,2,bất thường
U016,2025-08-03,167505,0,20022221,29,3,bất thường
U016,2025-08-04,305167,0,19717054,28,4,bất thường
U016,2025-08-05,201373,0,19515681,27,5,bất thường
U016,2025-08-06,369357,0,19146324,26,6,bất thường
U016,2025-08-07,685037,0,18461287,25,7,bất thường
U016,2025-08-08,206645,0,18254642,24,8,bất thường
U016,2025-08-09,323300,0,17931342,23,9,bất thường
U016,2025-08-10,140250,0,17791092,22,10,bất thường
U016,2025-08-11,339404,0,17451688,21,11,bất thường
U016,2025-08-12,198610,0,17253078,20,12,bất thường
U016,2025-08-13,220456,0,17032622,19,13,bất thường
U016,2025-08-14,182202,0,16850420,18,14,bất thường
U016,2025-08-15,379362,0,16471058,17,15,bất thường
U016,2025-08-16,423499,0,16047559,16,16,bất thường
U016,2025-08-17,285712,0,15761847,15,17,bất thường
U016,2025-08-18,200309,0,15561538,14,18,bất thường
U016,2025-08-19,534558,0,15026980,13,19,bất thường
U016,2025-08-20,209656,0,14817324,12,20,bất thường
U016,2025-08-21,119202,0,14698122,11,21,bất thường
U016,2025-08-22,340014,0,14358108,10,22,bất thường
U016,2025-08-23,181948,0,14176160,9,23,bất thường
U016,2025-08-24,420344,0,13755816,8,24,bất thường
U016,2025-08-25,243028,0,13512788,7,25,bất thường
U016,2025-08-26,360364,0,13152424,6,26,bất thường
U016,2025-08-27,495829,0,12656595,5,27,bất thường
U016,2025-08-28,174528,0,12482067,4,28,bất thường
U016,2025-08-29,225711,0,12256356,3,29,bất thường
U016,2025-08-30,274613,0,11981743,2,30,bất thường
U016,2025-08-31,523560,0,11458183,1,31,bất thường
U016,2025-09-01,217517,11658543,22899209,30,1,bất thường
U016,2025-09-02,223147,0,22676062,29,2,bất thường
U016,2025-09-03,342711,0,22333351,28,3,bất thường
U016,2025-09-04,224694,0,22108657,27,4,bất thường
U016,2025-09-05,300859,0,21807798,26,5,bất thường
U016,2025-09-06,1104428,0,20703370,25,6,bất thường
U016,2025-09-07,421946,0,20281424,24,7,bất thường
U016,2025-09-08,307940,0,19973484,23,8,bất thường
U016,2025-09-09,267200,0,19706284,22,9,bất thường
U016,2025-09-10,436527,0,19269757,21,10,bất thường
U016,2025-09-11,278308,0,18991449,20,11,bất thường
U016,2025-09-12,253220,0,18738229,19,12,bất thường
U016,2025-09-13,446356,0,18291873,18,13,bất thường
U016,2025-09-14,653922,0,17637951,17,14,bất thường
U016,2025-09-15,191949,0,17446002,16,15,bất thường
U016,2025-09-16,335476,0,17110526,15,16,bất thường
U016,2025-09-17,183291,0,16927235,14,17,bất thường
U016,2025-09-18,345947,0,16581288,13,18,bất thường
U016,2025-09-19,207340,0,16373948,12,19,bất thường
U016,2025-09-20,459551,0,15914397,11,20,bất thường
U016,2025-09-21,271940,0,15642457,10,21,bất thường
U016,2025-09-22,288364,0,15354093,9,22,bất thường
U016,2025-09-23,3334177,0,12019916,8,23,bất thường
U016,2025-09-24,211121,0,11808795,7,24,bất thường
U016,2025-09-25,350659,0,11458136,6,25,bất thường
U016,2025-09-26,459085,0,10999051,5,26,bất thường
U016,2025-09-27,138890,0,10860161,4,27,bất thường
U016,2025-09-28,433243,0,10426918,3,28,bất thường
U016,2025-09-29,771094,0,9655824,2,29,bất thường
U016,2025-09-30,236270,0,9419554,1,30,bất thường
U016,2025-10-01,604070,11658543,20474027,31,1,bất thường
U016,2025-10-02,254771,0,20219256,30,2,bất thường
U016,2025-10-03,163476,0,20055780,29,3,bất thường
U016,2025-10-04,250480,0,19805300,28,4,bất thường
U016,2025-10-05,430485,0,19374815,27,5,bất thường
U016,2025-10-06,202423,0,19172392,26,6,bất thường
U016,2025-10-07,222626,0,18949766,25,7,bất thường
U016,2025-10-08,358901,0,18590865,24,8,bất thường
U016,2025-10-09,283399,0,18307466,23,9,bất thường
U016,2025-10-10,357623,0,17949843,22,10,bất thường
U016,2025-10-11,311302,0,17638541,21,11,bất thường
U016,2025-10-12,342914,0,17295627,20,12,bất thường
U016,2025-10-13,238105,0,17057522,19,13,bất thường
U016,2025-10-14,1894299,0,15163223,18,14,bất thường
U016,2025-10-15,448201,0,14715022,17,15,bất thường
U016,2025-10-16,220568,0,14494454,16,16,bất thường
U016,2025-10-17,427982,0,14066472,15,17,bất thường
U016,2025-10-18,229774,0,13836698,14,18,bất thường
U016,2025-10-19,265812,0,13570886,13,19,bất thường
U016,2025-10-20,263639,0,13307247,12,20,bất thường
U016,2025-10-21,189879,0,13117368,11,21,bất thường
U016,2025-10-22,141376,0,12975992,10,22,bất thường
U016,2025-10-23,461795,0,12514197,9,23,bất thường
U016,2025-10-24,213734,0,12300463,8,24,bất thường
U016,2025-10-25,254102,0,12046361,7,25,bất thường
U016,2025-10-26,211314,0,11835047,6,26,bất thường
U016,2025-10-27,255435,0,11579612,5,27,bất thường
U016,2025-10-28,231197,0,11348415,4,28,bất thường
U016,2025-10-29,472135,0,10876280,3,29,bất thường
U016,2025-10-30,223504,0,10652776,2,30,bất thường
U016,2025-10-31,561972,0,10090804,1,31,bất thường
U016,2025-11-01,446455,11658543,21302892,30,1,bất thường
U016,2025-11-02,234124,0,21068768,29,2,bất thường
U016,2025-11-03,321679,0,20747089,28,3,bất thường
U016,2025-11-04,348406,0,20398683,27,4,bất thường
U016,2025-11-05,396340,0,20002343,26,5,bất thường
U016,2025-11-06,412327,0,19590016,25,6,bất thường
U016,2025-11-07,304991,0,19285025,24,7,bất thường
U016,2025-11-08,193226,0,19091799,23,8,bất thường
U016,2025-11-09,365763,0,18726036,22,9,bất thường
U016,2025-11-10,257502,0,18468534,21,10,bất thường
U016,2025-11-11,92754,0,18375780,20,11,bất thường
U016,2025-11-12,330875,0,18044905,19,12,bất thường
U016,2025-11-13,211027,0,17833878,18,13,bất thường
U016,2025-11-14,235633,0,17598245,17,14,bất thường
U016,2025-11-15,283735,0,17314510,16,15,bất thường
U016,2025-11-16,152044,0,17162466,15,16,bất thường
U016,2025-11-17,299240,0,16863226,14,17,bất thường
U016,2025-11-18,249372,0,16613854,13,18,bất thường
U016,2025-11-19,199286,0,16414568,12,19,bất thường
U016,2025-11-20,288336,0,16126232,11,20,bất thường
U016,2025-11-21,143962,0,15982270,10,21,bất thường
U016,2025-11-22,291745,0,15690525,9,22,bất thường
U016,2025-11-23,341678,0,15348847,8,23,bất thường
U016,2025-11-24,319811,0,15029036,7,24,bất thường
U016,2025-11-25,388069,0,14640967,6,25,bất thường
U016,2025-11-26,451137,0,14189830,5,26,bất thường
U016,2025-11-27,273990,0,13915840,4,27,bất thường
U016,2025-11-28,438698,0,13477142,3,28,bất thường
U016,2025-11-29,273581,0,13203561,2,29,bất thường
U016,2025-11-30,213972,0,12989589,1,30,bất thường
U016,2025-12-01,241901,11658543,24406231,31,1,bất thường
U016,2025-12-02,314952,0,24091279,30,2,bất thường
U016,2025-12-03,436899,0,23654380,29,3,bất thường
U016,2025-12-04,283218,0,23371162,28,4,bất thường
U016,2025-12-05,216192,0,23154970,27,5,bất thường
U016,2025-12-06,504382,0,22650588,26,6,bất thường
U016,2025-12-07,159446,0,22491142,25,7,bất thường
U016,2025-12-08,216751,0,22274391,24,8,bất thường
U016,2025-12-09,404537,0,21869854,23,9,bất thường
U016,2025-12-10,573761,0,21296093,22,10,bất thường
U016,2025-12-11,343059,0,20953034,21,11,bất thường
U016,2025-12-12,312807,0,20640227,20,12,bất thường
U016,2025-12-13,251964,0,20388263,19,13,bất thường
U016,2025-12-14,352432,0,20035831,18,14,bất thường
U016,2025-12-15,298085,0,19737746,17,15,bất thường
U016,2025-12-16,209310,0,19528436,16,16,bất thường
U016,2025-12-17,250143,0,19278293,15,17,bất thường
U016,2025-12-18,200067,0,19078226,14,18,bất thường
U016,2025-12-19,284598,0,18793628,13,19,bất thường
U016,2025-12-20,301982,0,18491646,12,20,bất thường
U016,2025-12-21,544236,0,17947410,11,21,bất thường
U016,2025-12-22,222889,0,17724521,10,22,bất thường
U016,2025-12-23,263307,0,17461214,9,23,bất thường
U016,2025-12-24,468391,0,16992823,8,24,bất thường
U016,2025-12-25,582696,0,16410127,7,25,bất thường
U016,2025-12-26,342241,0,16067886,6,26,bất thường
U016,2025-12-27,255751,0,15812135,5,27,bất thường
U016,2025-12-28,234258,0,15577877,4,28,bất thường
U016,2025-12-29,135423,0,15442454,3,29,bất thường
U016,2025-12-30,195297,0,15247157,2,30,bất thường
U016,2025-12-31,294788,0,14952369,1,31,bất thường
U016,2026-01-01,263285,11658543,26347627,31,1,bất thường
U016,2026-01-02,363215,0,25984412,30,2,bất thường
U016,2026-01-03,261792,0,25722620,29,3,bất thường
U016,2026-01-04,211708,0,25510912,28,4,bất thường
U016,2026-01-05,324462,0,25186450,27,5,bất thường
U016,2026-01-06,771037,0,24415413,26,6,bất thường
U016,2026-01-07,249308,0,24166105,25,7,bất thường
U016,2026-01-08,299222,0,23866883,24,8,bất thường
U016,2026-01-09,397184,0,23469699,23,9,bất thường
U016,2026-01-10,225199,0,23244500,22,10,bất thường
U016,2026-01-11,470941,0,22773559,21,11,bất thường
U016,2026-01-12,150508,0,22623051,20,12,bất thường
U016,2026-01-13,240457,0,22382594,19,13,bất thường
U016,2026-01-14,249920,0,22132674,18,14,bất thường
U016,2026-01-15,300694,0,21831980,17,15,bất thường
U016,2026-01-16,128643,0,21703337,16,16,bất thường
U016,2026-01-17,486252,0,21217085,15,17,bất thường
U016,2026-01-18,334059,0,20883026,14,18,bất thường
U016,2026-01-19,443529,0,20439497,13,19,bất thường
U016,2026-01-20,539609,0,19899888,12,20,bất thường
U016,2026-01-21,210483,0,19689405,11,21,bất thường
U016,2026-01-22,104364,0,19585041,10,22,bất thường
U016,2026-01-23,447724,0,19137317,9,23,bất thường
U016,2026-01-24,252416,0,18884901,8,24,bất thường
U016,2026-01-25,179893,0,18705008,7,25,bất thường
U016,2026-01-26,356434,0,18348574,6,26,bất thường
U016,2026-01-27,758280,0,17590294,5,27,bất thường
U016,2026-01-28,270986,0,17319308,4,28,bất thường
U016,2026-01-29,414087,0,16905221,3,29,bất thường
U016,2026-01-30,190686,0,16714535,2,30,bất thường
U016,2026-01-31,144161,0,16570374,1,31,bất thường
U016,2026-02-01,407975,11658543,27820942,28,1,bất thường
U016,2026-02-02,352151,0,27468791,27,2,bất thường
U016,2026-02-03,234945,0,27233846,26,3,bất thường
U016,2026-02-04,560102,0,26673744,25,4,bất thường
U016,2026-02-05,139747,0,26533997,24,5,bất thường
U016,2026-02-06,173057,0,26360940,23,6,bất thường
U016,2026-02-07,227804,0,26133136,22,7,bất thường
U016,2026-02-08,245445,0,25887691,21,8,bất thường
U016,2026-02-09,508656,0,25379035,20,9,bất thường
U016,2026-02-10,288677,0,25090358,19,10,bất thường
U016,2026-02-11,262027,0,24828331,18,11,bất thường
U016,2026-02-12,170311,0,24658020,17,12,bất thường
U016,2026-02-13,437153,0,24220867,16,13,bất thường
U016,2026-02-14,179643,0,24041224,15,14,bất thường
U016,2026-02-15,169998,0,23871226,14,15,bất thường
U016,2026-02-16,241176,0,23630050,13,16,bất thường
U016,2026-02-17,302145,0,23327905,12,17,bất thường
U016,2026-02-18,212209,0,23115696,11,18,bất thường
U016,2026-02-19,375567,0,22740129,10,19,bất thường
U016,2026-02-20,252760,0,22487369,9,20,bất thường
U016,2026-02-21,431272,0,22056097,8,21,bất thường
U016,2026-02-22,346428,0,21709669,7,22,bất thường
U016,2026-02-23,579533,0,21130136,6,23,bất thường
U016,2026-02-24,237161,0,20892975,5,24,bất thường
U016,2026-02-25,396715,0,20496260,4,25,bất thường
U016,2026-02-26,138505,0,20357755,3,26,bất thường
U016,2026-02-27,899909,0,19457846,2,27,bất thường
U016,2026-02-28,388856,0,19068990,1,28,bất thường
U016,2026-03-01,251416,11658543,30476117,31,1,bất thường
U016,2026-03-02,255183,0,30220934,30,2,bất thường
U016,2026-03-03,256421,0,29964513,29,3,bất thường
U016,2026-03-04,590899,0,29373614,28,4,bất thường
U016,2026-03-05,405471,0,28968143,27,5,bất thường
U016,2026-03-06,237058,0,28731085,26,6,bất thường
U016,2026-03-07,172450,0,28558635,25,7,bất thường
U016,2026-03-08,456721,0,28101914,24,8,bất thường
U016,2026-03-09,395856,0,27706058,23,9,bất thường
U016,2026-03-10,375470,0,27330588,22,10,bất thường
U016,2026-03-11,273727,0,27056861,21,11,bất thường
U016,2026-03-12,251083,0,26805778,20,12,bất thường
U016,2026-03-13,555417,0,26250361,19,13,bất thường
U016,2026-03-14,576479,0,25673882,18,14,bất thường
U016,2026-03-15,365651,0,25308231,17,15,bất thường
U016,2026-03-16,417200,0,24891031,16,16,bất thường
U016,2026-03-17,311086,0,24579945,15,17,bất thường
U016,2026-03-18,163635,0,24416310,14,18,bất thường
U016,2026-03-19,191279,0,24225031,13,19,bất thường
U016,2026-03-20,447691,0,23777340,12,20,bất thường
U016,2026-03-21,471120,0,23306220,11,21,bất thường
U016,2026-03-22,431506,0,22874714,10,22,bất thường
U016,2026-03-23,325074,0,22549640,9,23,bất thường
U016,2026-03-24,437970,0,22111670,8,24,bất thường
U016,2026-03-25,276546,0,21835124,7,25,bất thường
U016,2026-03-26,362922,0,21472202,6,26,bất thường
U016,2026-03-27,260801,0,21211401,5,27,bất thường
U016,2026-03-28,185474,0,21025927,4,28,bất thường
U016,2026-03-29,399998,0,20625929,3,29,bất thường
U016,2026-03-30,471387,0,20154542,2,30,bất thường
U016,2026-03-31,761442,0,19393100,1,31,bất thường
U016,2026-04-01,314581,11658543,30737062,30,1,bất thường
U016,2026-04-02,186141,0,30550921,29,2,bất thường
U016,2026-04-03,248205,0,30302716,28,3,bất thường
U016,2026-04-04,268077,0,30034639,27,4,bất thường
U016,2026-04-05,300374,0,29734265,26,5,bất thường
U016,2026-04-06,341716,0,29392549,25,6,bất thường
U016,2026-04-07,327281,0,29065268,24,7,bất thường
U016,2026-04-08,386242,0,28679026,23,8,bất thường
U016,2026-04-09,306311,0,28372715,22,9,bất thường
U016,2026-04-10,116223,0,28256492,21,10,bất thường
U016,2026-04-11,309973,0,27946519,20,11,bất thường
U016,2026-04-12,293044,0,27653475,19,12,bất thường
U016,2026-04-13,352742,0,27300733,18,13,bất thường
U016,2026-04-14,244946,0,27055787,17,14,bất thường
U016,2026-04-15,309526,0,26746261,16,15,bất thường
U016,2026-04-16,353586,0,26392675,15,16,bất thường
U016,2026-04-17,265500,0,26127175,14,17,bất thường
U016,2026-04-18,370917,0,25756258,13,18,bất thường
U016,2026-04-19,291104,0,25465154,12,19,bất thường
U016,2026-04-20,301357,0,25163797,11,20,bất thường
U016,2026-04-21,87931,0,25075866,10,21,bất thường
U016,2026-04-22,179124,0,24896742,9,22,bất thường
U016,2026-04-23,179319,0,24717423,8,23,bất thường
U016,2026-04-24,308636,0,24408787,7,24,bất thường
U016,2026-04-25,470736,0,23938051,6,25,bất thường
U016,2026-04-26,269957,0,23668094,5,26,bất thường
U016,2026-04-27,397403,0,23270691,4,27,bất thường
U016,2026-04-28,366842,0,22903849,3,28,bất thường
U016,2026-04-29,299342,0,22604507,2,29,bất thường
U016,2026-04-30,356103,0,22248404,1,30,bất thường
U016,2026-05-01,312314,11658543,33594633,31,1,bất thường
U016,2026-05-02,267393,0,33327240,30,2,bất thường
U016,2026-05-03,330982,0,32996258,29,3,bất thường
U016,2026-05-04,504861,0,32491397,28,4,bất thường
U016,2026-05-05,341972,0,32149425,27,5,bất thường
U016,2026-05-06,308839,0,31840586,26,6,bất thường
U016,2026-05-07,199268,0,31641318,25,7,bất thường
U016,2026-05-08,498688,0,31142630,24,8,bất thường
U016,2026-05-09,161227,0,30981403,23,9,bất thường
U016,2026-05-10,143052,0,30838351,22,10,bất thường
U016,2026-05-11,328394,0,30509957,21,11,bất thường
U016,2026-05-12,199004,0,30310953,20,12,bất thường
U016,2026-05-13,437585,0,29873368,19,13,bất thường
U016,2026-05-14,144337,0,29729031,18,14,bất thường
U016,2026-05-15,415862,0,29313169,17,15,bất thường
U016,2026-05-16,393084,0,28920085,16,16,bất thường
U016,2026-05-17,296734,0,28623351,15,17,bất thường
U016,2026-05-18,122217,0,28501134,14,18,bất thường
U016,2026-05-19,142068,0,28359066,13,19,bất thường
U016,2026-05-20,311564,0,28047502,12,20,bất thường
U016,2026-05-21,257885,0,27789617,11,21,bất thường
U016,2026-05-22,378631,0,27410986,10,22,bất thường
U016,2026-05-23,275433,0,27135553,9,23,bất thường
U016,2026-05-24,266016,0,26869537,8,24,bất thường
U016,2026-05-25,107244,0,26762293,7,25,bất thường
U016,2026-05-26,393312,0,26368981,6,26,bất thường
U016,2026-05-27,218322,0,26150659,5,27,bất thường
U016,2026-05-28,241374,0,25909285,4,28,bất thường
U016,2026-05-29,184513,0,25724772,3,29,bất thường
U016,2026-05-30,152851,0,25571921,2,30,bất thường
U016,2026-05-31,510038,0,25061883,1,31,bất thường
U016,2026-06-01,389096,11658543,36331330,30,1,bất thường
U016,2026-06-02,391674,0,35939656,29,2,bất thường
U016,2026-06-03,259570,0,35680086,28,3,bất thường
U016,2026-06-04,141240,0,35538846,27,4,bất thường
U016,2026-06-05,656189,0,34882657,26,5,bất thường
U016,2026-06-06,335140,0,34547517,25,6,bất thường
U016,2026-06-07,298971,0,34248546,24,7,bất thường
U016,2026-06-08,245176,0,34003370,23,8,bất thường
U016,2026-06-09,124937,0,33878433,22,9,bất thường
U016,2026-06-10,446864,0,33431569,21,10,bất thường
U016,2026-06-11,185406,0,33246163,20,11,bất thường
U016,2026-06-12,352221,0,32893942,19,12,bất thường
U016,2026-06-13,385278,0,32508664,18,13,bất thường
U016,2026-06-14,323531,0,32185133,17,14,bất thường
U016,2026-06-15,341593,0,31843540,16,15,bất thường
U016,2026-06-16,484966,0,31358574,15,16,bất thường
U016,2026-06-17,206162,0,31152412,14,17,bất thường
U016,2026-06-18,302304,0,30850108,13,18,bất thường
U016,2026-06-19,258679,0,30591429,12,19,bất thường
U016,2026-06-20,135613,0,30455816,11,20,bất thường
U016,2026-06-21,317400,0,30138416,10,21,bất thường
U016,2026-06-22,466907,0,29671509,9,22,bất thường
U016,2026-06-23,490863,0,29180646,8,23,bất thường
U016,2026-06-24,595036,0,28585610,7,24,bất thường
U016,2026-06-25,139232,0,28446378,6,25,bất thường
U016,2026-06-26,542985,0,27903393,5,26,bất thường
U016,2026-06-27,304773,0,27598620,4,27,bất thường
U016,2026-06-28,536923,0,27061697,3,28,bất thường
U016,2026-06-29,241705,0,26819992,2,29,bất thường
U016,2026-06-30,228906,0,26591086,1,30,bất thường
U016,2026-07-01,174081,11658543,38075548,31,1,bất thường
U017,2025-01-01,1159469,0,-1159469,24,8,dồn đầu chu kỳ
U017,2025-01-02,1008915,0,-2168384,23,9,dồn đầu chu kỳ
U017,2025-01-03,506902,0,-2675286,22,10,dồn đầu chu kỳ
U017,2025-01-04,321316,0,-2996602,21,11,dồn đầu chu kỳ
U017,2025-01-05,867584,0,-3864186,20,12,dồn đầu chu kỳ
U017,2025-01-06,872426,0,-4736612,19,13,dồn đầu chu kỳ
U017,2025-01-07,456303,0,-5192915,18,14,dồn đầu chu kỳ
U017,2025-01-08,403155,0,-5596070,17,15,dồn đầu chu kỳ
U017,2025-01-09,805398,0,-6401468,16,16,dồn đầu chu kỳ
U017,2025-01-10,1241305,0,-7642773,15,17,dồn đầu chu kỳ
U017,2025-01-11,460980,0,-8103753,14,18,dồn đầu chu kỳ
U017,2025-01-12,374972,0,-8478725,13,19,dồn đầu chu kỳ
U017,2025-01-13,568318,0,-9047043,12,20,dồn đầu chu kỳ
U017,2025-01-14,613020,0,-9660063,11,21,dồn đầu chu kỳ
U017,2025-01-15,386086,0,-10046149,10,22,dồn đầu chu kỳ
U017,2025-01-16,939287,0,-10985436,9,23,dồn đầu chu kỳ
U017,2025-01-17,557967,0,-11543403,8,24,dồn đầu chu kỳ
U017,2025-01-18,309252,0,-11852655,7,25,dồn đầu chu kỳ
U017,2025-01-19,175263,0,-12027918,6,26,dồn đầu chu kỳ
U017,2025-01-20,512900,0,-12540818,5,27,dồn đầu chu kỳ
U017,2025-01-21,440980,0,-12981798,4,28,dồn đầu chu kỳ
U017,2025-01-22,217001,0,-13198799,3,29,dồn đầu chu kỳ
U017,2025-01-23,248656,0,-13447455,2,30,dồn đầu chu kỳ
U017,2025-01-24,176364,0,-13623819,1,31,dồn đầu chu kỳ
U017,2025-01-25,1295288,22684560,7765453,31,1,dồn đầu chu kỳ
U017,2025-01-26,678910,0,7086543,30,2,dồn đầu chu kỳ
U017,2025-01-27,623213,0,6463330,29,3,dồn đầu chu kỳ
U017,2025-01-28,1335188,0,5128142,28,4,dồn đầu chu kỳ
U017,2025-01-29,1362699,0,3765443,27,5,dồn đầu chu kỳ
U017,2025-01-30,745912,0,3019531,26,6,dồn đầu chu kỳ
U017,2025-01-31,651329,0,2368202,25,7,dồn đầu chu kỳ
U017,2025-02-01,1345274,0,1022928,24,8,dồn đầu chu kỳ
U017,2025-02-02,616918,0,406010,23,9,dồn đầu chu kỳ
U017,2025-02-03,810205,0,-404195,22,10,dồn đầu chu kỳ
U017,2025-02-04,742123,0,-1146318,21,11,dồn đầu chu kỳ
U017,2025-02-05,408647,0,-1554965,20,12,dồn đầu chu kỳ
U017,2025-02-06,762388,0,-2317353,19,13,dồn đầu chu kỳ
U017,2025-02-07,703241,0,-3020594,18,14,dồn đầu chu kỳ
U017,2025-02-08,748842,0,-3769436,17,15,dồn đầu chu kỳ
U017,2025-02-09,660028,0,-4429464,16,16,dồn đầu chu kỳ
U017,2025-02-10,1388024,0,-5817488,15,17,dồn đầu chu kỳ
U017,2025-02-11,894283,0,-6711771,14,18,dồn đầu chu kỳ
U017,2025-02-12,541439,0,-7253210,13,19,dồn đầu chu kỳ
U017,2025-02-13,531250,0,-7784460,12,20,dồn đầu chu kỳ
U017,2025-02-14,962702,0,-8747162,11,21,dồn đầu chu kỳ
U017,2025-02-15,630814,0,-9377976,10,22,dồn đầu chu kỳ
U017,2025-02-16,255567,0,-9633543,9,23,dồn đầu chu kỳ
U017,2025-02-17,568616,0,-10202159,8,24,dồn đầu chu kỳ
U017,2025-02-18,592165,0,-10794324,7,25,dồn đầu chu kỳ
U017,2025-02-19,632937,0,-11427261,6,26,dồn đầu chu kỳ
U017,2025-02-20,257679,0,-11684940,5,27,dồn đầu chu kỳ
U017,2025-02-21,226433,0,-11911373,4,28,dồn đầu chu kỳ
U017,2025-02-22,168052,0,-12079425,3,29,dồn đầu chu kỳ
U017,2025-02-23,244469,0,-12323894,2,30,dồn đầu chu kỳ
U017,2025-02-24,251109,0,-12575003,1,31,dồn đầu chu kỳ
U017,2025-02-25,856554,22684560,9253003,28,1,dồn đầu chu kỳ
U017,2025-02-26,966559,0,8286444,27,2,dồn đầu chu kỳ
U017,2025-02-27,437208,0,7849236,26,3,dồn đầu chu kỳ
U017,2025-02-28,1765627,0,6083609,25,4,dồn đầu chu kỳ
U017,2025-03-01,500789,0,5582820,24,5,dồn đầu chu kỳ
U017,2025-03-02,1054514,0,4528306,23,6,dồn đầu chu kỳ
U017,2025-03-03,966774,0,3561532,22,7,dồn đầu chu kỳ
U017,2025-03-04,865796,0,2695736,21,8,dồn đầu chu kỳ
U017,2025-03-05,844174,0,1851562,20,9,dồn đầu chu kỳ
U017,2025-03-06,528694,0,1322868,19,10,dồn đầu chu kỳ
U017,2025-03-07,669717,0,653151,18,11,dồn đầu chu kỳ
U017,2025-03-08,1082680,0,-429529,17,12,dồn đầu chu kỳ
U017,2025-03-09,1171068,0,-1600597,16,13,dồn đầu chu kỳ
U017,2025-03-10,572250,0,-2172847,15,14,dồn đầu chu kỳ
U017,2025-03-11,347333,0,-2520180,14,15,dồn đầu chu kỳ
U017,2025-03-12,453738,0,-2973918,13,16,dồn đầu chu kỳ
U017,2025-03-13,1239471,0,-4213389,12,17,dồn đầu chu kỳ
U017,2025-03-14,421447,0,-4634836,11,18,dồn đầu chu kỳ
U017,2025-03-15,512769,0,-5147605,10,19,dồn đầu chu kỳ
U017,2025-03-16,888471,0,-6036076,9,20,dồn đầu chu kỳ
U017,2025-03-17,385114,0,-6421190,8,21,dồn đầu chu kỳ
U017,2025-03-18,418034,0,-6839224,7,22,dồn đầu chu kỳ
U017,2025-03-19,574146,0,-7413370,6,23,dồn đầu chu kỳ
U017,2025-03-20,771509,0,-8184879,5,24,dồn đầu chu kỳ
U017,2025-03-21,278229,0,-8463108,4,25,dồn đầu chu kỳ
U017,2025-03-22,578317,0,-9041425,3,26,dồn đầu chu kỳ
U017,2025-03-23,270345,0,-9311770,2,27,dồn đầu chu kỳ
U017,2025-03-24,192069,0,-9503839,1,28,dồn đầu chu kỳ
U017,2025-03-25,1162201,22684560,12018520,31,1,dồn đầu chu kỳ
U017,2025-03-26,643835,0,11374685,30,2,dồn đầu chu kỳ
U017,2025-03-27,1200748,0,10173937,29,3,dồn đầu chu kỳ
U017,2025-03-28,3402756,0,6771181,28,4,dồn đầu chu kỳ
U017,2025-03-29,1457411,0,5313770,27,5,dồn đầu chu kỳ
U017,2025-03-30,870410,0,4443360,26,6,dồn đầu chu kỳ
U017,2025-03-31,1338820,0,3104540,25,7,dồn đầu chu kỳ
U017,2025-04-01,585647,0,2518893,24,8,dồn đầu chu kỳ
U017,2025-04-02,605086,0,1913807,23,9,dồn đầu chu kỳ
U017,2025-04-03,768358,0,1145449,22,10,dồn đầu chu kỳ
U017,2025-04-04,790917,0,354532,21,11,dồn đầu chu kỳ
U017,2025-04-05,438033,0,-83501,20,12,dồn đầu chu kỳ
U017,2025-04-06,624542,0,-708043,19,13,dồn đầu chu kỳ
U017,2025-04-07,639126,0,-1347169,18,14,dồn đầu chu kỳ
U017,2025-04-08,1201397,0,-2548566,17,15,dồn đầu chu kỳ
U017,2025-04-09,369315,0,-2917881,16,16,dồn đầu chu kỳ
U017,2025-04-10,339319,0,-3257200,15,17,dồn đầu chu kỳ
U017,2025-04-11,602829,0,-3860029,14,18,dồn đầu chu kỳ
U017,2025-04-12,844764,0,-4704793,13,19,dồn đầu chu kỳ
U017,2025-04-13,628776,0,-5333569,12,20,dồn đầu chu kỳ
U017,2025-04-14,536661,0,-5870230,11,21,dồn đầu chu kỳ
U017,2025-04-15,397953,0,-6268183,10,22,dồn đầu chu kỳ
U017,2025-04-16,547590,0,-6815773,9,23,dồn đầu chu kỳ
U017,2025-04-17,541521,0,-7357294,8,24,dồn đầu chu kỳ
U017,2025-04-18,324972,0,-7682266,7,25,dồn đầu chu kỳ
U017,2025-04-19,226747,0,-7909013,6,26,dồn đầu chu kỳ
U017,2025-04-20,207569,0,-8116582,5,27,dồn đầu chu kỳ
U017,2025-04-21,389055,0,-8505637,4,28,dồn đầu chu kỳ
U017,2025-04-22,132065,0,-8637702,3,29,dồn đầu chu kỳ
U017,2025-04-23,422700,0,-9060402,2,30,dồn đầu chu kỳ
U017,2025-04-24,156067,0,-9216469,1,31,dồn đầu chu kỳ
U017,2025-04-25,1190420,22684560,12277671,30,1,dồn đầu chu kỳ
U017,2025-04-26,1354453,0,10923218,29,2,dồn đầu chu kỳ
U017,2025-04-27,756287,0,10166931,28,3,dồn đầu chu kỳ
U017,2025-04-28,803135,0,9363796,27,4,dồn đầu chu kỳ
U017,2025-04-29,987291,0,8376505,26,5,dồn đầu chu kỳ
U017,2025-04-30,645119,0,7731386,25,6,dồn đầu chu kỳ
U017,2025-05-01,573413,0,7157973,24,7,dồn đầu chu kỳ
U017,2025-05-02,574910,0,6583063,23,8,dồn đầu chu kỳ
U017,2025-05-03,1332083,0,5250980,22,9,dồn đầu chu kỳ
U017,2025-05-04,929170,0,4321810,21,10,dồn đầu chu kỳ
U017,2025-05-05,556025,0,3765785,20,11,dồn đầu chu kỳ
U017,2025-05-06,1041814,0,2723971,19,12,dồn đầu chu kỳ
U017,2025-05-07,525583,0,2198388,18,13,dồn đầu chu kỳ
U017,2025-05-08,310372,0,1888016,17,14,dồn đầu chu kỳ
U017,2025-05-09,856775,0,1031241,16,15,dồn đầu chu kỳ
U017,2025-05-10,1196890,0,-165649,15,16,dồn đầu chu kỳ
U017,2025-05-11,738467,0,-904116,14,17,dồn đầu chu kỳ
U017,2025-05-12,264123,0,-1168239,13,18,dồn đầu chu kỳ
U017,2025-05-13,528100,0,-1696339,12,19,dồn đầu chu kỳ
U017,2025-05-14,451830,0,-2148169,11,20,dồn đầu chu kỳ
U017,2025-05-15,553124,0,-2701293,10,21,dồn đầu chu kỳ
U017,2025-05-16,318260,0,-3019553,9,22,dồn đầu chu kỳ
U017,2025-05-17,365656,0,-3385209,8,23,dồn đầu chu kỳ
U017,2025-05-18,220433,0,-3605642,7,24,dồn đầu chu kỳ
U017,2025-05-19,393615,0,-3999257,6,25,dồn đầu chu kỳ
U017,2025-05-20,190590,0,-4189847,5,26,dồn đầu chu kỳ
U017,2025-05-21,360424,0,-4550271,4,27,dồn đầu chu kỳ
U017,2025-05-22,202757,0,-4753028,3,28,dồn đầu chu kỳ
U017,2025-05-23,69716,0,-4822744,2,29,dồn đầu chu kỳ
U017,2025-05-24,296884,0,-5119628,1,30,dồn đầu chu kỳ
U017,2025-05-25,1281600,22684560,16283332,31,1,dồn đầu chu kỳ
U017,2025-05-26,1757497,0,14525835,30,2,dồn đầu chu kỳ
U017,2025-05-27,430888,0,14094947,29,3,dồn đầu chu kỳ
U017,2025-05-28,742975,0,13351972,28,4,dồn đầu chu kỳ
U017,2025-05-29,987142,0,12364830,27,5,dồn đầu chu kỳ
U017,2025-05-30,1140938,0,11223892,26,6,dồn đầu chu kỳ
U017,2025-05-31,489561,0,10734331,25,7,dồn đầu chu kỳ
U017,2025-06-01,1010207,0,9724124,24,8,dồn đầu chu kỳ
U017,2025-06-02,653361,0,9070763,23,9,dồn đầu chu kỳ
U017,2025-06-03,377319,0,8693444,22,10,dồn đầu chu kỳ
U017,2025-06-04,565556,0,8127888,21,11,dồn đầu chu kỳ
U017,2025-06-05,902678,0,7225210,20,12,dồn đầu chu kỳ
U017,2025-06-06,341822,0,6883388,19,13,dồn đầu chu kỳ
U017,2025-06-07,873718,0,6009670,18,14,dồn đầu chu kỳ
U017,2025-06-08,726184,0,5283486,17,15,dồn đầu chu kỳ
U017,2025-06-09,559725,0,4723761,16,16,dồn đầu chu kỳ
U017,2025-06-10,307133,0,4416628,15,17,dồn đầu chu kỳ
U017,2025-06-11,301681,0,4114947,14,18,dồn đầu chu kỳ
U017,2025-06-12,454553,0,3660394,13,19,dồn đầu chu kỳ
U017,2025-06-13,321553,0,3338841,12,20,dồn đầu chu kỳ
U017,2025-06-14,416045,0,2922796,11,21,dồn đầu chu kỳ
U017,2025-06-15,641782,0,2281014,10,22,dồn đầu chu kỳ
U017,2025-06-16,374607,0,1906407,9,23,dồn đầu chu kỳ
U017,2025-06-17,344967,0,1561440,8,24,dồn đầu chu kỳ
U017,2025-06-18,319515,0,1241925,7,25,dồn đầu chu kỳ
U017,2025-06-19,497027,0,744898,6,26,dồn đầu chu kỳ
U017,2025-06-20,507583,0,237315,5,27,dồn đầu chu kỳ
U017,2025-06-21,324084,0,-86769,4,28,dồn đầu chu kỳ
U017,2025-06-22,258692,0,-345461,3,29,dồn đầu chu kỳ
U017,2025-06-23,236906,0,-582367,2,30,dồn đầu chu kỳ
U017,2025-06-24,331597,0,-913964,1,31,dồn đầu chu kỳ
U017,2025-06-25,1272514,22684560,20498082,30,1,dồn đầu chu kỳ
U017,2025-06-26,1880785,0,18617297,29,2,dồn đầu chu kỳ
U017,2025-06-27,840722,0,17776575,28,3,dồn đầu chu kỳ
U017,2025-06-28,565808,0,17210767,27,4,dồn đầu chu kỳ
U017,2025-06-29,716625,0,16494142,26,5,dồn đầu chu kỳ
U017,2025-06-30,724734,0,15769408,25,6,dồn đầu chu kỳ
U017,2025-07-01,1669825,0,14099583,24,7,dồn đầu chu kỳ
U017,2025-07-02,1141264,0,12958319,23,8,dồn đầu chu kỳ
U017,2025-07-03,636419,0,12321900,22,9,dồn đầu chu kỳ
U017,2025-07-04,1094975,0,11226925,21,10,dồn đầu chu kỳ
U017,2025-07-05,725056,0,10501869,20,11,dồn đầu chu kỳ
U017,2025-07-06,1412951,0,9088918,19,12,dồn đầu chu kỳ
U017,2025-07-07,617778,0,8471140,18,13,dồn đầu chu kỳ
U017,2025-07-08,365908,0,8105232,17,14,dồn đầu chu kỳ
U017,2025-07-09,601695,0,7503537,16,15,dồn đầu chu kỳ
U017,2025-07-10,542250,0,6961287,15,16,dồn đầu chu kỳ
U017,2025-07-11,345182,0,6616105,14,17,dồn đầu chu kỳ
U017,2025-07-12,710320,0,5905785,13,18,dồn đầu chu kỳ
U017,2025-07-13,942555,0,4963230,12,19,dồn đầu chu kỳ
U017,2025-07-14,321869,0,4641361,11,20,dồn đầu chu kỳ
U017,2025-07-15,701612,0,3939749,10,21,dồn đầu chu kỳ
U017,2025-07-16,350417,0,3589332,9,22,dồn đầu chu kỳ
U017,2025-07-17,413723,0,3175609,8,23,dồn đầu chu kỳ
U017,2025-07-18,369340,0,2806269,7,24,dồn đầu chu kỳ
U017,2025-07-19,356659,0,2449610,6,25,dồn đầu chu kỳ
U017,2025-07-20,400421,0,2049189,5,26,dồn đầu chu kỳ
U017,2025-07-21,200866,0,1848323,4,27,dồn đầu chu kỳ
U017,2025-07-22,459229,0,1389094,3,28,dồn đầu chu kỳ
U017,2025-07-23,299591,0,1089503,2,29,dồn đầu chu kỳ
U017,2025-07-24,301893,0,787610,1,30,dồn đầu chu kỳ
U017,2025-07-25,769870,22684560,22702300,31,1,dồn đầu chu kỳ
U017,2025-07-26,654950,0,22047350,30,2,dồn đầu chu kỳ
U017,2025-07-27,1595561,0,20451789,29,3,dồn đầu chu kỳ
U017,2025-07-28,607518,0,19844271,28,4,dồn đầu chu kỳ
U017,2025-07-29,994160,0,18850111,27,5,dồn đầu chu kỳ
U017,2025-07-30,1364471,0,17485640,26,6,dồn đầu chu kỳ
U017,2025-07-31,835426,0,16650214,25,7,dồn đầu chu kỳ
U017,2025-08-01,1357442,0,15292772,24,8,dồn đầu chu kỳ
U017,2025-08-02,736727,0,14556045,23,9,dồn đầu chu kỳ
U017,2025-08-03,475399,0,14080646,22,10,dồn đầu chu kỳ
U017,2025-08-04,886916,0,13193730,21,11,dồn đầu chu kỳ
U017,2025-08-05,795470,0,12398260,20,12,dồn đầu chu kỳ
U017,2025-08-06,2068957,0,10329303,19,13,dồn đầu chu kỳ
U017,2025-08-07,464004,0,9865299,18,14,dồn đầu chu kỳ
U017,2025-08-08,586230,0,9279069,17,15,dồn đầu chu kỳ
U017,2025-08-09,462498,0,8816571,16,16,dồn đầu chu kỳ
U017,2025-08-10,558005,0,8258566,15,17,dồn đầu chu kỳ
U017,2025-08-11,522294,0,7736272,14,18,dồn đầu chu kỳ
U017,2025-08-12,376074,0,7360198,13,19,dồn đầu chu kỳ
U017,2025-08-13,608156,0,6752042,12,20,dồn đầu chu kỳ
U017,2025-08-14,436435,0,6315607,11,21,dồn đầu chu kỳ
U017,2025-08-15,765072,0,5550535,10,22,dồn đầu chu kỳ
U017,2025-08-16,322358,0,5228177,9,23,dồn đầu chu kỳ
U017,2025-08-17,819075,0,4409102,8,24,dồn đầu chu kỳ
U017,2025-08-18,402226,0,4006876,7,25,dồn đầu chu kỳ
U017,2025-08-19,551045,0,3455831,6,26,dồn đầu chu kỳ
U017,2025-08-20,316870,0,3138961,5,27,dồn đầu chu kỳ
U017,2025-08-21,200330,0,2938631,4,28,dồn đầu chu kỳ
U017,2025-08-22,220433,0,2718198,3,29,dồn đầu chu kỳ
U017,2025-08-23,124105,0,2594093,2,30,dồn đầu chu kỳ
U017,2025-08-24,179132,0,2414961,1,31,dồn đầu chu kỳ
U017,2025-08-25,1126742,22684560,23972779,31,1,dồn đầu chu kỳ
U017,2025-08-26,1041855,0,22930924,30,2,dồn đầu chu kỳ
U017,2025-08-27,1692494,0,21238430,29,3,dồn đầu chu kỳ
U017,2025-08-28,909439,0,20328991,28,4,dồn đầu chu kỳ
U017,2025-08-29,439035,0,19889956,27,5,dồn đầu chu kỳ
U017,2025-08-30,3746397,0,16143559,26,6,dồn đầu chu kỳ
U017,2025-08-31,666753,0,15476806,25,7,dồn đầu chu kỳ
U017,2025-09-01,1252409,0,14224397,24,8,dồn đầu chu kỳ
U017,2025-09-02,449952,0,13774445,23,9,dồn đầu chu kỳ
U017,2025-09-03,874111,0,12900334,22,10,dồn đầu chu kỳ
U017,2025-09-04,555719,0,12344615,21,11,dồn đầu chu kỳ
U017,2025-09-05,237593,0,12107022,20,12,dồn đầu chu kỳ
U017,2025-09-06,630482,0,11476540,19,13,dồn đầu chu kỳ
U017,2025-09-07,663753,0,10812787,18,14,dồn đầu chu kỳ
U017,2025-09-08,594011,0,10218776,17,15,dồn đầu chu kỳ
U017,2025-09-09,682822,0,9535954,16,16,dồn đầu chu kỳ
U017,2025-09-10,530361,0,9005593,15,17,dồn đầu chu kỳ
U017,2025-09-11,577675,0,8427918,14,18,dồn đầu chu kỳ
U017,2025-09-12,570636,0,7857282,13,19,dồn đầu chu kỳ
U017,2025-09-13,497237,0,7360045,12,20,dồn đầu chu kỳ
U017,2025-09-14,444072,0,6915973,11,21,dồn đầu chu kỳ
U017,2025-09-15,312410,0,6603563,10,22,dồn đầu chu kỳ
U017,2025-09-16,529993,0,6073570,9,23,dồn đầu chu kỳ
U017,2025-09-17,347383,0,5726187,8,24,dồn đầu chu kỳ
U017,2025-09-18,311418,0,5414769,7,25,dồn đầu chu kỳ
U017,2025-09-19,406751,0,5008018,6,26,dồn đầu chu kỳ
U017,2025-09-20,329341,0,4678677,5,27,dồn đầu chu kỳ
U017,2025-09-21,207046,0,4471631,4,28,dồn đầu chu kỳ
U017,2025-09-22,403940,0,4067691,3,29,dồn đầu chu kỳ
U017,2025-09-23,134310,0,3933381,2,30,dồn đầu chu kỳ
U017,2025-09-24,123984,0,3809397,1,31,dồn đầu chu kỳ
U017,2025-09-25,1374149,22684560,25119808,30,1,dồn đầu chu kỳ
U017,2025-09-26,2060952,0,23058856,29,2,dồn đầu chu kỳ
U017,2025-09-27,789133,0,22269723,28,3,dồn đầu chu kỳ
U017,2025-09-28,1138663,0,21131060,27,4,dồn đầu chu kỳ
U017,2025-09-29,581279,0,20549781,26,5,dồn đầu chu kỳ
U017,2025-09-30,625987,0,19923794,25,6,dồn đầu chu kỳ
U017,2025-10-01,1382353,0,18541441,24,7,dồn đầu chu kỳ
U017,2025-10-02,984006,0,17557435,23,8,dồn đầu chu kỳ
U017,2025-10-03,1307840,0,16249595,22,9,dồn đầu chu kỳ
U017,2025-10-04,1223714,0,15025881,21,10,dồn đầu chu kỳ
U017,2025-10-05,331047,0,14694834,20,11,dồn đầu chu kỳ
U017,2025-10-06,455426,0,14239408,19,12,dồn đầu chu kỳ
U017,2025-10-07,787922,0,13451486,18,13,dồn đầu chu kỳ
U017,2025-10-08,343470,0,13108016,17,14,dồn đầu chu kỳ
U017,2025-10-09,425272,0,12682744,16,15,dồn đầu chu kỳ
U017,2025-10-10,1096388,0,11586356,15,16,dồn đầu chu kỳ
U017,2025-10-11,475675,0,11110681,14,17,dồn đầu chu kỳ
U017,2025-10-12,746556,0,10364125,13,18,dồn đầu chu kỳ
U017,2025-10-13,527126,0,9836999,12,19,dồn đầu chu kỳ
U017,2025-10-14,384200,0,9452799,11,20,dồn đầu chu kỳ
U017,2025-10-15,244353,0,9208446,10,21,dồn đầu chu kỳ
U017,2025-10-16,490339,0,8718107,9,22,dồn đầu chu kỳ
U017,2025-10-17,747644,0,7970463,8,23,dồn đầu chu kỳ
U017,2025-10-18,299770,0,7670693,7,24,dồn đầu chu kỳ
U017,2025-10-19,370223,0,7300470,6,25,dồn đầu chu kỳ
U017,2025-10-20,180434,0,7120036,5,26,dồn đầu chu kỳ
U017,2025-10-21,231237,0,6888799,4,27,dồn đầu chu kỳ
U017,2025-10-22,313745,0,6575054,3,28,dồn đầu chu kỳ
U017,2025-10-23,329801,0,6245253,2,29,dồn đầu chu kỳ
U017,2025-10-24,269945,0,5975308,1,30,dồn đầu chu kỳ
U017,2025-10-25,466673,22684560,28193195,31,1,dồn đầu chu kỳ
U017,2025-10-26,852092,0,27341103,30,2,dồn đầu chu kỳ
U017,2025-10-27,675183,0,26665920,29,3,dồn đầu chu kỳ
U017,2025-10-28,853095,0,25812825,28,4,dồn đầu chu kỳ
U017,2025-10-29,895784,0,24917041,27,5,dồn đầu chu kỳ
U017,2025-10-30,1390564,0,23526477,26,6,dồn đầu chu kỳ
U017,2025-10-31,989063,0,22537414,25,7,dồn đầu chu kỳ
U017,2025-11-01,1498859,0,21038555,24,8,dồn đầu chu kỳ
U017,2025-11-02,620817,0,20417738,23,9,dồn đầu chu kỳ
U017,2025-11-03,449570,0,19968168,22,10,dồn đầu chu kỳ
U017,2025-11-04,1366732,0,18601436,21,11,dồn đầu chu kỳ
U017,2025-11-05,873927,0,17727509,20,12,dồn đầu chu kỳ
U017,2025-11-06,524424,0,17203085,19,13,dồn đầu chu kỳ
U017,2025-11-07,806792,0,16396293,18,14,dồn đầu chu kỳ
U017,2025-11-08,905562,0,15490731,17,15,dồn đầu chu kỳ
U017,2025-11-09,649801,0,14840930,16,16,dồn đầu chu kỳ
U017,2025-11-10,441310,0,14399620,15,17,dồn đầu chu kỳ
U017,2025-11-11,470994,0,13928626,14,18,dồn đầu chu kỳ
U017,2025-11-12,598817,0,13329809,13,19,dồn đầu chu kỳ
U017,2025-11-13,546040,0,12783769,12,20,dồn đầu chu kỳ
U017,2025-11-14,772167,0,12011602,11,21,dồn đầu chu kỳ
U017,2025-11-15,399979,0,11611623,10,22,dồn đầu chu kỳ
U017,2025-11-16,284172,0,11327451,9,23,dồn đầu chu kỳ
U017,2025-11-17,1090561,0,10236890,8,24,dồn đầu chu kỳ
U017,2025-11-18,386240,0,9850650,7,25,dồn đầu chu kỳ
U017,2025-11-19,462658,0,9387992,6,26,dồn đầu chu kỳ
U017,2025-11-20,372803,0,9015189,5,27,dồn đầu chu kỳ
U017,2025-11-21,294965,0,8720224,4,28,dồn đầu chu kỳ
U017,2025-11-22,223610,0,8496614,3,29,dồn đầu chu kỳ
U017,2025-11-23,70408,0,8426206,2,30,dồn đầu chu kỳ
U017,2025-11-24,122419,0,8303787,1,31,dồn đầu chu kỳ
U017,2025-11-25,1199783,22684560,29788564,30,1,dồn đầu chu kỳ
U017,2025-11-26,344771,0,29443793,29,2,dồn đầu chu kỳ
U017,2025-11-27,1023049,0,28420744,28,3,dồn đầu chu kỳ
U017,2025-11-28,1257617,0,27163127,27,4,dồn đầu chu kỳ
U017,2025-11-29,1306997,0,25856130,26,5,dồn đầu chu kỳ
U017,2025-11-30,1153073,0,24703057,25,6,dồn đầu chu kỳ
U017,2025-12-01,1289513,0,23413544,24,7,dồn đầu chu kỳ
U017,2025-12-02,1615777,0,21797767,23,8,dồn đầu chu kỳ
U017,2025-12-03,1273198,0,20524569,22,9,dồn đầu chu kỳ
U017,2025-12-04,857357,0,19667212,21,10,dồn đầu chu kỳ
U017,2025-12-05,723596,0,18943616,20,11,dồn đầu chu kỳ
U017,2025-12-06,769291,0,18174325,19,12,dồn đầu chu kỳ
U017,2025-12-07,632329,0,17541996,18,13,dồn đầu chu kỳ
U017,2025-12-08,1058882,0,16483114,17,14,dồn đầu chu kỳ
U017,2025-12-09,815084,0,15668030,16,15,dồn đầu chu kỳ
U017,2025-12-10,531955,0,15136075,15,16,dồn đầu chu kỳ
U017,2025-12-11,1003246,0,14132829,14,17,dồn đầu chu kỳ
U017,2025-12-12,499996,0,13632833,13,18,dồn đầu chu kỳ
U017,2025-12-13,365183,0,13267650,12,19,dồn đầu chu kỳ
U017,2025-12-14,502120,0,12765530,11,20,dồn đầu chu kỳ
U017,2025-12-15,341943,0,12423587,10,21,dồn đầu chu kỳ
U017,2025-12-16,649536,0,11774051,9,22,dồn đầu chu kỳ
U017,2025-12-17,297946,0,11476105,8,23,dồn đầu chu kỳ
U017,2025-12-18,371474,0,11104631,7,24,dồn đầu chu kỳ
U017,2025-12-19,524554,0,10580077,6,25,dồn đầu chu kỳ
U017,2025-12-20,249237,0,10330840,5,26,dồn đầu chu kỳ
U017,2025-12-21,356655,0,9974185,4,27,dồn đầu chu kỳ
U017,2025-12-22,185464,0,9788721,3,28,dồn đầu chu kỳ
U017,2025-12-23,270090,0,9518631,2,29,dồn đầu chu kỳ
U017,2025-12-24,271168,0,9247463,1,30,dồn đầu chu kỳ
U017,2025-12-25,1034205,22684560,30897818,31,1,dồn đầu chu kỳ
U017,2025-12-26,1036785,0,29861033,30,2,dồn đầu chu kỳ
U017,2025-12-27,1187363,0,28673670,29,3,dồn đầu chu kỳ
U017,2025-12-28,862882,0,27810788,28,4,dồn đầu chu kỳ
U017,2025-12-29,1336752,0,26474036,27,5,dồn đầu chu kỳ
U017,2025-12-30,1570863,0,24903173,26,6,dồn đầu chu kỳ
U017,2025-12-31,606891,0,24296282,25,7,dồn đầu chu kỳ
U017,2026-01-01,1723565,0,22572717,24,8,dồn đầu chu kỳ
U017,2026-01-02,727377,0,21845340,23,9,dồn đầu chu kỳ
U017,2026-01-03,1759632,0,20085708,22,10,dồn đầu chu kỳ
U017,2026-01-04,680015,0,19405693,21,11,dồn đầu chu kỳ
U017,2026-01-05,975125,0,18430568,20,12,dồn đầu chu kỳ
U017,2026-01-06,934876,0,17495692,19,13,dồn đầu chu kỳ
U017,2026-01-07,579991,0,16915701,18,14,dồn đầu chu kỳ
U017,2026-01-08,667475,0,16248226,17,15,dồn đầu chu kỳ
U017,2026-01-09,1102074,0,15146152,16,16,dồn đầu chu kỳ
U017,2026-01-10,519303,0,14626849,15,17,dồn đầu chu kỳ
U017,2026-01-11,475484,0,14151365,14,18,dồn đầu chu kỳ
U017,2026-01-12,336070,0,13815295,13,19,dồn đầu chu kỳ
U017,2026-01-13,944030,0,12871265,12,20,dồn đầu chu kỳ
U017,2026-01-14,392284,0,12478981,11,21,dồn đầu chu kỳ
U017,2026-01-15,721815,0,11757166,10,22,dồn đầu chu kỳ
U017,2026-01-16,328502,0,11428664,9,23,dồn đầu chu kỳ
U017,2026-01-17,620832,0,10807832,8,24,dồn đầu chu kỳ
U017,2026-01-18,497364,0,10310468,7,25,dồn đầu chu kỳ
U017,2026-01-19,302448,0,10008020,6,26,dồn đầu chu kỳ
U017,2026-01-20,225563,0,9782457,5,27,dồn đầu chu kỳ
U017,2026-01-21,210822,0,9571635,4,28,dồn đầu chu kỳ
U017,2026-01-22,187670,0,9383965,3,29,dồn đầu chu kỳ
U017,2026-01-23,330932,0,9053033,2,30,dồn đầu chu kỳ
U017,2026-01-24,199703,0,8853330,1,31,dồn đầu chu kỳ
U017,2026-01-25,673306,22684560,30864584,31,1,dồn đầu chu kỳ
U017,2026-01-26,924835,0,29939749,30,2,dồn đầu chu kỳ
U017,2026-01-27,943397,0,28996352,29,3,dồn đầu chu kỳ
U017,2026-01-28,410299,0,28586053,28,4,dồn đầu chu kỳ
U017,2026-01-29,865728,0,27720325,27,5,dồn đầu chu kỳ
U017,2026-01-30,1212211,0,26508114,26,6,dồn đầu chu kỳ
U017,2026-01-31,831816,0,25676298,25,7,dồn đầu chu kỳ
U017,2026-02-01,941138,0,24735160,24,8,dồn đầu chu kỳ
U017,2026-02-02,996895,0,23738265,23,9,dồn đầu chu kỳ
U017,2026-02-03,690960,0,23047305,22,10,dồn đầu chu kỳ
U017,2026-02-04,1022886,0,22024419,21,11,dồn đầu chu kỳ
U017,2026-02-05,1316337,0,20708082,20,12,dồn đầu chu kỳ
U017,2026-02-06,383779,0,20324303,19,13,dồn đầu chu kỳ
U017,2026-02-07,589926,0,19734377,18,14,dồn đầu chu kỳ
U017,2026-02-08,1646321,0,18088056,17,15,dồn đầu chu kỳ
U017,2026-02-09,663292,0,17424764,16,16,dồn đầu chu kỳ
U017,2026-02-10,582553,0,16842211,15,17,dồn đầu chu kỳ
U017,2026-02-11,506809,0,16335402,14,18,dồn đầu chu kỳ
U017,2026-02-12,887564,0,15447838,13,19,dồn đầu chu kỳ
U017,2026-02-13,346381,0,15101457,12,20,dồn đầu chu kỳ
U017,2026-02-14,688673,0,14412784,11,21,dồn đầu chu kỳ
U017,2026-02-15,399845,0,14012939,10,22,dồn đầu chu kỳ
U017,2026-02-16,309559,0,13703380,9,23,dồn đầu chu kỳ
U017,2026-02-17,354669,0,13348711,8,24,dồn đầu chu kỳ
U017,2026-02-18,353581,0,12995130,7,25,dồn đầu chu kỳ
U017,2026-02-19,271561,0,12723569,6,26,dồn đầu chu kỳ
U017,2026-02-20,472208,0,12251361,5,27,dồn đầu chu kỳ
U017,2026-02-21,203445,0,12047916,4,28,dồn đầu chu kỳ
U017,2026-02-22,259053,0,11788863,3,29,dồn đầu chu kỳ
U017,2026-02-23,267953,0,11520910,2,30,dồn đầu chu kỳ
U017,2026-02-24,197281,0,11323629,1,31,dồn đầu chu kỳ
U017,2026-02-25,1432448,22684560,32575741,28,1,dồn đầu chu kỳ
U017,2026-02-26,860095,0,31715646,27,2,dồn đầu chu kỳ
U017,2026-02-27,1275312,0,30440334,26,3,dồn đầu chu kỳ
U017,2026-02-28,1253096,0,29187238,25,4,dồn đầu chu kỳ
U017,2026-03-01,1379428,0,27807810,24,5,dồn đầu chu kỳ
U017,2026-03-02,426947,0,27380863,23,6,dồn đầu chu kỳ
U017,2026-03-03,1077373,0,26303490,22,7,dồn đầu chu kỳ
U017,2026-03-04,1219059,0,25084431,21,8,dồn đầu chu kỳ
U017,2026-03-05,696632,0,24387799,20,9,dồn đầu chu kỳ
U017,2026-03-06,636506,0,23751293,19,10,dồn đầu chu kỳ
U017,2026-03-07,576820,0,23174473,18,11,dồn đầu chu kỳ
U017,2026-03-08,486294,0,22688179,17,12,dồn đầu chu kỳ
U017,2026-03-09,921418,0,21766761,16,13,dồn đầu chu kỳ
U017,2026-03-10,1686984,0,20079777,15,14,dồn đầu chu kỳ
U017,2026-03-11,519072,0,19560705,14,15,dồn đầu chu kỳ
U017,2026-03-12,514075,0,19046630,13,16,dồn đầu chu kỳ
U017,2026-03-13,594381,0,18452249,12,17,dồn đầu chu kỳ
U017,2026-03-14,296060,0,18156189,11,18,dồn đầu chu kỳ
U017,2026-03-15,403626,0,17752563,10,19,dồn đầu chu kỳ
U017,2026-03-16,492922,0,17259641,9,20,dồn đầu chu kỳ
U017,2026-03-17,332528,0,16927113,8,21,dồn đầu chu kỳ
U017,2026-03-18,721082,0,16206031,7,22,dồn đầu chu kỳ
U017,2026-03-19,249026,0,15957005,6,23,dồn đầu chu kỳ
U017,2026-03-20,557815,0,15399190,5,24,dồn đầu chu kỳ
U017,2026-03-21,648113,0,14751077,4,25,dồn đầu chu kỳ
U017,2026-03-22,386052,0,14365025,3,26,dồn đầu chu kỳ
U017,2026-03-23,286383,0,14078642,2,27,dồn đầu chu kỳ
U017,2026-03-24,302095,0,13776547,1,28,dồn đầu chu kỳ
U017,2026-03-25,881851,22684560,35579256,31,1,dồn đầu chu kỳ
U017,2026-03-26,453068,0,35126188,30,2,dồn đầu chu kỳ
U017,2026-03-27,671957,0,34454231,29,3,dồn đầu chu kỳ
U017,2026-03-28,961034,0,33493197,28,4,dồn đầu chu kỳ
U017,2026-03-29,642844,0,32850353,27,5,dồn đầu chu kỳ
U017,2026-03-30,769449,0,32080904,26,6,dồn đầu chu kỳ
U017,2026-03-31,1064579,0,31016325,25,7,dồn đầu chu kỳ
U017,2026-04-01,900848,0,30115477,24,8,dồn đầu chu kỳ
U017,2026-04-02,1254171,0,28861306,23,9,dồn đầu chu kỳ
U017,2026-04-03,891396,0,27969910,22,10,dồn đầu chu kỳ
U017,2026-04-04,879426,0,27090484,21,11,dồn đầu chu kỳ
U017,2026-04-05,552636,0,26537848,20,12,dồn đầu chu kỳ
U017,2026-04-06,414539,0,26123309,19,13,dồn đầu chu kỳ
U017,2026-04-07,574079,0,25549230,18,14,dồn đầu chu kỳ
U017,2026-04-08,484723,0,25064507,17,15,dồn đầu chu kỳ
U017,2026-04-09,579567,0,24484940,16,16,dồn đầu chu kỳ
U017,2026-04-10,385656,0,24099284,15,17,dồn đầu chu kỳ
U017,2026-04-11,787093,0,23312191,14,18,dồn đầu chu kỳ
U017,2026-04-12,397962,0,22914229,13,19,dồn đầu chu kỳ
U017,2026-04-13,435994,0,22478235,12,20,dồn đầu chu kỳ
U017,2026-04-14,471642,0,22006593,11,21,dồn đầu chu kỳ
U017,2026-04-15,699977,0,21306616,10,22,dồn đầu chu kỳ
U017,2026-04-16,844346,0,20462270,9,23,dồn đầu chu kỳ
U017,2026-04-17,808033,0,19654237,8,24,dồn đầu chu kỳ
U017,2026-04-18,215713,0,19438524,7,25,dồn đầu chu kỳ
U017,2026-04-19,285439,0,19153085,6,26,dồn đầu chu kỳ
U017,2026-04-20,241521,0,18911564,5,27,dồn đầu chu kỳ
U017,2026-04-21,317460,0,18594104,4,28,dồn đầu chu kỳ
U017,2026-04-22,277193,0,18316911,3,29,dồn đầu chu kỳ
U017,2026-04-23,171167,0,18145744,2,30,dồn đầu chu kỳ
U017,2026-04-24,143734,0,18002010,1,31,dồn đầu chu kỳ
U017,2026-04-25,705760,22684560,39980810,30,1,dồn đầu chu kỳ
U017,2026-04-26,353826,0,39626984,29,2,dồn đầu chu kỳ
U017,2026-04-27,591481,0,39035503,28,3,dồn đầu chu kỳ
U017,2026-04-28,1365385,0,37670118,27,4,dồn đầu chu kỳ
U017,2026-04-29,1682537,0,35987581,26,5,dồn đầu chu kỳ
U017,2026-04-30,1556301,0,34431280,25,6,dồn đầu chu kỳ
U017,2026-05-01,1264404,0,33166876,24,7,dồn đầu chu kỳ
U017,2026-05-02,567108,0,32599768,23,8,dồn đầu chu kỳ
U017,2026-05-03,512014,0,32087754,22,9,dồn đầu chu kỳ
U017,2026-05-04,384027,0,31703727,21,10,dồn đầu chu kỳ
U017,2026-05-05,604742,0,31098985,20,11,dồn đầu chu kỳ
U017,2026-05-06,760866,0,30338119,19,12,dồn đầu chu kỳ
U017,2026-05-07,471772,0,29866347,18,13,dồn đầu chu kỳ
U017,2026-05-08,804621,0,29061726,17,14,dồn đầu chu kỳ
U017,2026-05-09,841507,0,28220219,16,15,dồn đầu chu kỳ
U017,2026-05-10,512445,0,27707774,15,16,dồn đầu chu kỳ
U017,2026-05-11,345625,0,27362149,14,17,dồn đầu chu kỳ
U017,2026-05-12,976253,0,26385896,13,18,dồn đầu chu kỳ
U017,2026-05-13,540646,0,25845250,12,19,dồn đầu chu kỳ
U017,2026-05-14,1096216,0,24749034,11,20,dồn đầu chu kỳ
U017,2026-05-15,493365,0,24255669,10,21,dồn đầu chu kỳ
U017,2026-05-16,476592,0,23779077,9,22,dồn đầu chu kỳ
U017,2026-05-17,284089,0,23494988,8,23,dồn đầu chu kỳ
U017,2026-05-18,328392,0,23166596,7,24,dồn đầu chu kỳ
U017,2026-05-19,193088,0,22973508,6,25,dồn đầu chu kỳ
U017,2026-05-20,193608,0,22779900,5,26,dồn đầu chu kỳ
U017,2026-05-21,406985,0,22372915,4,27,dồn đầu chu kỳ
U017,2026-05-22,244495,0,22128420,3,28,dồn đầu chu kỳ
U017,2026-05-23,206839,0,21921581,2,29,dồn đầu chu kỳ
U017,2026-05-24,160721,0,21760860,1,30,dồn đầu chu kỳ
U017,2026-05-25,901481,22684560,43543939,31,1,dồn đầu chu kỳ
U017,2026-05-26,1609525,0,41934414,30,2,dồn đầu chu kỳ
U017,2026-05-27,1053196,0,40881218,29,3,dồn đầu chu kỳ
U017,2026-05-28,602131,0,40279087,28,4,dồn đầu chu kỳ
U017,2026-05-29,1414215,0,38864872,27,5,dồn đầu chu kỳ
U017,2026-05-30,1809741,0,37055131,26,6,dồn đầu chu kỳ
U017,2026-05-31,1071211,0,35983920,25,7,dồn đầu chu kỳ
U017,2026-06-01,1214202,0,34769718,24,8,dồn đầu chu kỳ
U017,2026-06-02,1338297,0,33431421,23,9,dồn đầu chu kỳ
U017,2026-06-03,408495,0,33022926,22,10,dồn đầu chu kỳ
U017,2026-06-04,1609677,0,31413249,21,11,dồn đầu chu kỳ
U017,2026-06-05,1140407,0,30272842,20,12,dồn đầu chu kỳ
U017,2026-06-06,858470,0,29414372,19,13,dồn đầu chu kỳ
U017,2026-06-07,644035,0,28770337,18,14,dồn đầu chu kỳ
U017,2026-06-08,379766,0,28390571,17,15,dồn đầu chu kỳ
U017,2026-06-09,542631,0,27847940,16,16,dồn đầu chu kỳ
U017,2026-06-10,706780,0,27141160,15,17,dồn đầu chu kỳ
U017,2026-06-11,361263,0,26779897,14,18,dồn đầu chu kỳ
U017,2026-06-12,518432,0,26261465,13,19,dồn đầu chu kỳ
U017,2026-06-13,314103,0,25947362,12,20,dồn đầu chu kỳ
U017,2026-06-14,407665,0,25539697,11,21,dồn đầu chu kỳ
U017,2026-06-15,260011,0,25279686,10,22,dồn đầu chu kỳ
U017,2026-06-16,233218,0,25046468,9,23,dồn đầu chu kỳ
U017,2026-06-17,445707,0,24600761,8,24,dồn đầu chu kỳ
U017,2026-06-18,285648,0,24315113,7,25,dồn đầu chu kỳ
U017,2026-06-19,272862,0,24042251,6,26,dồn đầu chu kỳ
U017,2026-06-20,234847,0,23807404,5,27,dồn đầu chu kỳ
U017,2026-06-21,813605,0,22993799,4,28,dồn đầu chu kỳ
U017,2026-06-22,312295,0,22681504,3,29,dồn đầu chu kỳ
U017,2026-06-23,287648,0,22393856,2,30,dồn đầu chu kỳ
U017,2026-06-24,137355,0,22256501,1,31,dồn đầu chu kỳ
U017,2026-06-25,1287102,22684560,43653959,30,1,dồn đầu chu kỳ
U017,2026-06-26,933910,0,42720049,29,2,dồn đầu chu kỳ
U017,2026-06-27,726701,0,41993348,28,3,dồn đầu chu kỳ
U017,2026-06-28,2088326,0,39905022,27,4,dồn đầu chu kỳ
U017,2026-06-29,1177670,0,38727352,26,5,dồn đầu chu kỳ
U017,2026-06-30,1118629,0,37608723,25,6,dồn đầu chu kỳ
U017,2026-07-01,595838,0,37012885,24,7,dồn đầu chu kỳ
U018,2025-01-01,561394,0,-561394,24,8,đều
U018,2025-01-02,911859,0,-1473253,23,9,đều
U018,2025-01-03,741816,0,-2215069,22,10,đều
U018,2025-01-04,1192208,0,-3407277,21,11,đều
U018,2025-01-05,1224405,0,-4631682,20,12,đều
U018,2025-01-06,957866,0,-5589548,19,13,đều
U018,2025-01-07,1299314,0,-6888862,18,14,đều
U018,2025-01-08,1008105,0,-7896967,17,15,đều
U018,2025-01-09,658412,0,-8555379,16,16,đều
U018,2025-01-10,861949,0,-9417328,15,17,đều
U018,2025-01-11,985156,0,-10402484,14,18,đều
U018,2025-01-12,1352996,0,-11755480,13,19,đều
U018,2025-01-13,1020948,0,-12776428,12,20,đều
U018,2025-01-14,742428,0,-13518856,11,21,đều
U018,2025-01-15,1373304,0,-14892160,10,22,đều
U018,2025-01-16,1086600,0,-15978760,9,23,đều
U018,2025-01-17,1731556,0,-17710316,8,24,đều
U018,2025-01-18,966245,0,-18676561,7,25,đều
U018,2025-01-19,616202,0,-19292763,6,26,đều
U018,2025-01-20,1494128,0,-20786891,5,27,đều
U018,2025-01-21,740844,0,-21527735,4,28,đều
U018,2025-01-22,1050137,0,-22577872,3,29,đều
U018,2025-01-23,1005050,0,-23582922,2,30,đều
U018,2025-01-24,950281,0,-24533203,1,31,đều
U018,2025-01-25,871816,28719103,3314084,31,1,đều
U018,2025-01-26,481858,0,2832226,30,2,đều
U018,2025-01-27,624946,0,2207280,29,3,đều
U018,2025-01-28,1461706,0,745574,28,4,đều
U018,2025-01-29,1107684,0,-362110,27,5,đều
U018,2025-01-30,2002647,0,-2364757,26,6,đều
U018,2025-01-31,616109,0,-2980866,25,7,đều
U018,2025-02-01,921722,0,-3902588,24,8,đều
U018,2025-02-02,1485912,0,-5388500,23,9,đều
U018,2025-02-03,744101,0,-6132601,22,10,đều
U018,2025-02-04,768438,0,-6901039,21,11,đều
U018,2025-02-05,829788,0,-7730827,20,12,đều
U018,2025-02-06,780838,0,-8511665,19,13,đều
U018,2025-02-07,1154272,0,-9665937,18,14,đều
U018,2025-02-08,457795,0,-10123732,17,15,đều
U018,2025-02-09,1800099,0,-11923831,16,16,đều
U018,2025-02-10,635645,0,-12559476,15,17,đều
U018,2025-02-11,400069,0,-12959545,14,18,đều
U018,2025-02-12,929280,0,-13888825,13,19,đều
U018,2025-02-13,802351,0,-14691176,12,20,đều
U018,2025-02-14,868975,0,-15560151,11,21,đều
U018,2025-02-15,1057367,0,-16617518,10,22,đều
U018,2025-02-16,1207664,0,-17825182,9,23,đều
U018,2025-02-17,1832006,0,-19657188,8,24,đều
U018,2025-02-18,708004,0,-20365192,7,25,đều
U018,2025-02-19,1271844,0,-21637036,6,26,đều
U018,2025-02-20,1239026,0,-22876062,5,27,đều
U018,2025-02-21,324470,0,-23200532,4,28,đều
U018,2025-02-22,668628,0,-23869160,3,29,đều
U018,2025-02-23,557640,0,-24426800,2,30,đều
U018,2025-02-24,1116176,0,-25542976,1,31,đều
U018,2025-02-25,1068100,28719103,2108027,28,1,đều
U018,2025-02-26,1076723,0,1031304,27,2,đều
U018,2025-02-27,825731,0,205573,26,3,đều
U018,2025-02-28,859717,0,-654144,25,4,đều
U018,2025-03-01,922488,0,-1576632,24,5,đều
U018,2025-03-02,794777,0,-2371409,23,6,đều
U018,2025-03-03,1273315,0,-3644724,22,7,đều
U018,2025-03-04,608283,0,-4253007,21,8,đều
U018,2025-03-05,682512,0,-4935519,20,9,đều
U018,2025-03-06,979492,0,-5915011,19,10,đều
U018,2025-03-07,805396,0,-6720407,18,11,đều
U018,2025-03-08,598840,0,-7319247,17,12,đều
U018,2025-03-09,1154331,0,-8473578,16,13,đều
U018,2025-03-10,742180,0,-9215758,15,14,đều
U018,2025-03-11,665553,0,-9881311,14,15,đều
U018,2025-03-12,870227,0,-10751538,13,16,đều
U018,2025-03-13,652758,0,-11404296,12,17,đều
U018,2025-03-14,920423,0,-12324719,11,18,đều
U018,2025-03-15,808052,0,-13132771,10,19,đều
U018,2025-03-16,760118,0,-13892889,9,20,đều
U018,2025-03-17,762020,0,-14654909,8,21,đều
U018,2025-03-18,1389574,0,-16044483,7,22,đều
U018,2025-03-19,1081596,0,-17126079,6,23,đều
U018,2025-03-20,470986,0,-17597065,5,24,đều
U018,2025-03-21,1328361,0,-18925426,4,25,đều
U018,2025-03-22,1147257,0,-20072683,3,26,đều
U018,2025-03-23,1120480,0,-21193163,2,27,đều
U018,2025-03-24,1330980,0,-22524143,1,28,đều
U018,2025-03-25,938721,28719103,5256239,31,1,đều
U018,2025-03-26,1195763,0,4060476,30,2,đều
U018,2025-03-27,774887,0,3285589,29,3,đều
U018,2025-03-28,1309680,0,1975909,28,4,đều
U018,2025-03-29,1018159,0,957750,27,5,đều
U018,2025-03-30,537926,0,419824,26,6,đều
U018,2025-03-31,1412421,0,-992597,25,7,đều
U018,2025-04-01,886202,0,-1878799,24,8,đều
U018,2025-04-02,838200,0,-2716999,23,9,đều
U018,2025-04-03,781675,0,-3498674,22,10,đều
U018,2025-04-04,804934,0,-4303608,21,11,đều
U018,2025-04-05,1022863,0,-5326471,20,12,đều
U018,2025-04-06,628587,0,-5955058,19,13,đều
U018,2025-04-07,498230,0,-6453288,18,14,đều
U018,2025-04-08,609549,0,-7062837,17,15,đều
U018,2025-04-09,1087018,0,-8149855,16,16,đều
U018,2025-04-10,874569,0,-9024424,15,17,đều
U018,2025-04-11,1456488,0,-10480912,14,18,đều
U018,2025-04-12,909178,0,-11390090,13,19,đều
U018,2025-04-13,1307029,0,-12697119,12,20,đều
U018,2025-04-14,707247,0,-13404366,11,21,đều
U018,2025-04-15,784032,0,-14188398,10,22,đều
U018,2025-04-16,936656,0,-15125054,9,23,đều
U018,2025-04-17,879818,0,-16004872,8,24,đều
U018,2025-04-18,847559,0,-16852431,7,25,đều
U018,2025-04-19,658300,0,-17510731,6,26,đều
U018,2025-04-20,494863,0,-18005594,5,27,đều
U018,2025-04-21,1201004,0,-19206598,4,28,đều
U018,2025-04-22,1148498,0,-20355096,3,29,đều
U018,2025-04-23,729937,0,-21085033,2,30,đều
U018,2025-04-24,1085786,0,-22170819,1,31,đều
U018,2025-04-25,872993,28719103,5675291,30,1,đều
U018,2025-04-26,1452403,0,4222888,29,2,đều
U018,2025-04-27,552030,0,3670858,28,3,đều
U018,2025-04-28,886974,0,2783884,27,4,đều
U018,2025-04-29,859102,0,1924782,26,5,đều
U018,2025-04-30,995209,0,929573,25,6,đều
U018,2025-05-01,1725654,0,-796081,24,7,đều
U018,2025-05-02,888042,0,-1684123,23,8,đều
U018,2025-05-03,1256090,0,-2940213,22,9,đều
U018,2025-05-04,879523,0,-3819736,21,10,đều
U018,2025-05-05,1432063,0,-5251799,20,11,đều
U018,2025-05-06,1260981,0,-6512780,19,12,đều
U018,2025-05-07,816625,0,-7329405,18,13,đều
U018,2025-05-08,793446,0,-8122851,17,14,đều
U018,2025-05-09,1133755,0,-9256606,16,15,đều
U018,2025-05-10,717910,0,-9974516,15,16,đều
U018,2025-05-11,1007029,0,-10981545,14,17,đều
U018,2025-05-12,809315,0,-11790860,13,18,đều
U018,2025-05-13,1081114,0,-12871974,12,19,đều
U018,2025-05-14,874891,0,-13746865,11,20,đều
U018,2025-05-15,707313,0,-14454178,10,21,đều
U018,2025-05-16,1451901,0,-15906079,9,22,đều
U018,2025-05-17,1026930,0,-16933009,8,23,đều
U018,2025-05-18,913307,0,-17846316,7,24,đều
U018,2025-05-19,1103786,0,-18950102,6,25,đều
U018,2025-05-20,478201,0,-19428303,5,26,đều
U018,2025-05-21,2152920,0,-21581223,4,27,đều
U018,2025-05-22,942354,0,-22523577,3,28,đều
U018,2025-05-23,425488,0,-22949065,2,29,đều
U018,2025-05-24,1506198,0,-24455263,1,30,đều
U018,2025-05-25,690869,28719103,3572971,31,1,đều
U018,2025-05-26,1416567,0,2156404,30,2,đều
U018,2025-05-27,979589,0,1176815,29,3,đều
U018,2025-05-28,497871,0,678944,28,4,đều
U018,2025-05-29,1035885,0,-356941,27,5,đều
U018,2025-05-30,1005852,0,-1362793,26,6,đều
U018,2025-05-31,1479138,0,-2841931,25,7,đều
U018,2025-06-01,1149833,0,-3991764,24,8,đều
U018,2025-06-02,568352,0,-4560116,23,9,đều
U018,2025-06-03,1393277,0,-5953393,22,10,đều
U018,2025-06-04,790670,0,-6744063,21,11,đều
U018,2025-06-05,1856805,0,-8600868,20,12,đều
U018,2025-06-06,809644,0,-9410512,19,13,đều
U018,2025-06-07,857473,0,-10267985,18,14,đều
U018,2025-06-08,671651,0,-10939636,17,15,đều
U018,2025-06-09,764382,0,-11704018,16,16,đều
U018,2025-06-10,687684,0,-12391702,15,17,đều
U018,2025-06-11,1493811,0,-13885513,14,18,đều
U018,2025-06-12,547796,0,-14433309,13,19,đều
U018,2025-06-13,1287346,0,-15720655,12,20,đều
U018,2025-06-14,1299806,0,-17020461,11,21,đều
U018,2025-06-15,1618937,0,-18639398,10,22,đều
U018,2025-06-16,949572,0,-19588970,9,23,đều
U018,2025-06-17,618829,0,-20207799,8,24,đều
U018,2025-06-18,871140,0,-21078939,7,25,đều
U018,2025-06-19,1183683,0,-22262622,6,26,đều
U018,2025-06-20,965261,0,-23227883,5,27,đều
U018,2025-06-21,1080520,0,-24308403,4,28,đều
U018,2025-06-22,1611017,0,-25919420,3,29,đều
U018,2025-06-23,1177687,0,-27097107,2,30,đều
U018,2025-06-24,1010179,0,-28107286,1,31,đều
U018,2025-06-25,446197,28719103,165620,30,1,đều
U018,2025-06-26,681957,0,-516337,29,2,đều
U018,2025-06-27,793645,0,-1309982,28,3,đều
U018,2025-06-28,423122,0,-1733104,27,4,đều
U018,2025-06-29,598723,0,-2331827,26,5,đều
U018,2025-06-30,838090,0,-3169917,25,6,đều
U018,2025-07-01,894459,0,-4064376,24,7,đều
U018,2025-07-02,1142336,0,-5206712,23,8,đều
U018,2025-07-03,859533,0,-6066245,22,9,đều
U018,2025-07-04,1030421,0,-7096666,21,10,đều
U018,2025-07-05,789493,0,-7886159,20,11,đều
U018,2025-07-06,948908,0,-8835067,19,12,đều
U018,2025-07-07,1117552,0,-9952619,18,13,đều
U018,2025-07-08,1681697,0,-11634316,17,14,đều
U018,2025-07-09,759492,0,-12393808,16,15,đều
U018,2025-07-10,988491,0,-13382299,15,16,đều
U018,2025-07-11,1321017,0,-14703316,14,17,đều
U018,2025-07-12,524617,0,-15227933,13,18,đều
U018,2025-07-13,2074835,0,-17302768,12,19,đều
U018,2025-07-14,1495355,0,-18798123,11,20,đều
U018,2025-07-15,470554,0,-19268677,10,21,đều
U018,2025-07-16,1082533,0,-20351210,9,22,đều
U018,2025-07-17,744509,0,-21095719,8,23,đều
U018,2025-07-18,795974,0,-21891693,7,24,đều
U018,2025-07-19,1073529,0,-22965222,6,25,đều
U018,2025-07-20,1420361,0,-24385583,5,26,đều
U018,2025-07-21,774453,0,-25160036,4,27,đều
U018,2025-07-22,778623,0,-25938659,3,28,đều
U018,2025-07-23,1082873,0,-27021532,2,29,đều
U018,2025-07-24,1172964,0,-28194496,1,30,đều
U018,2025-07-25,623690,28719103,-99083,31,1,đều
U018,2025-07-26,1859337,0,-1958420,30,2,đều
U018,2025-07-27,721390,0,-2679810,29,3,đều
U018,2025-07-28,1372482,0,-4052292,28,4,đều
U018,2025-07-29,1117879,0,-5170171,27,5,đều
U018,2025-07-30,1189200,0,-6359371,26,6,đều
U018,2025-07-31,726999,0,-7086370,25,7,đều
U018,2025-08-01,468233,0,-7554603,24,8,đều
U018,2025-08-02,925141,0,-8479744,23,9,đều
U018,2025-08-03,926667,0,-9406411,22,10,đều
U018,2025-08-04,636063,0,-10042474,21,11,đều
U018,2025-08-05,1347065,0,-11389539,20,12,đều
U018,2025-08-06,914058,0,-12303597,19,13,đều
U018,2025-08-07,675111,0,-12978708,18,14,đều
U018,2025-08-08,1179133,0,-14157841,17,15,đều
U018,2025-08-09,1191722,0,-15349563,16,16,đều
U018,2025-08-10,700621,0,-16050184,15,17,đều
U018,2025-08-11,1528226,0,-17578410,14,18,đều
U018,2025-08-12,2288848,0,-19867258,13,19,đều
U018,2025-08-13,603348,0,-20470606,12,20,đều
U018,2025-08-14,866991,0,-21337597,11,21,đều
U018,2025-08-15,1067751,0,-22405348,10,22,đều
U018,2025-08-16,2322990,0,-24728338,9,23,đều
U018,2025-08-17,695753,0,-25424091,8,24,đều
U018,2025-08-18,640771,0,-26064862,7,25,đều
U018,2025-08-19,639022,0,-26703884,6,26,đều
U018,2025-08-20,1520928,0,-28224812,5,27,đều
U018,2025-08-21,703012,0,-28927824,4,28,đều
U018,2025-08-22,664113,0,-29591937,3,29,đều
U018,2025-08-23,1023408,0,-30615345,2,30,đều
U018,2025-08-24,1055526,0,-31670871,1,31,đều
U018,2025-08-25,1432125,28719103,-4383893,31,1,đều
U018,2025-08-26,968043,0,-5351936,30,2,đều
U018,2025-08-27,1030788,0,-6382724,29,3,đều
U018,2025-08-28,894619,0,-7277343,28,4,đều
U018,2025-08-29,553789,0,-7831132,27,5,đều
U018,2025-08-30,861491,0,-8692623,26,6,đều
U018,2025-08-31,956843,0,-9649466,25,7,đều
U018,2025-09-01,781314,0,-10430780,24,8,đều
U018,2025-09-02,499059,0,-10929839,23,9,đều
U018,2025-09-03,592594,0,-11522433,22,10,đều
U018,2025-09-04,918511,0,-12440944,21,11,đều
U018,2025-09-05,1355069,0,-13796013,20,12,đều
U018,2025-09-06,1828809,0,-15624822,19,13,đều
U018,2025-09-07,866944,0,-16491766,18,14,đều
U018,2025-09-08,700474,0,-17192240,17,15,đều
U018,2025-09-09,803922,0,-17996162,16,16,đều
U018,2025-09-10,613966,0,-18610128,15,17,đều
U018,2025-09-11,1278707,0,-19888835,14,18,đều
U018,2025-09-12,2194152,0,-22082987,13,19,đều
U018,2025-09-13,707326,0,-22790313,12,20,đều
U018,2025-09-14,579224,0,-23369537,11,21,đều
U018,2025-09-15,1395628,0,-24765165,10,22,đều
U018,2025-09-16,1059685,0,-25824850,9,23,đều
U018,2025-09-17,1066863,0,-26891713,8,24,đều
U018,2025-09-18,1761244,0,-28652957,7,25,đều
U018,2025-09-19,540185,0,-29193142,6,26,đều
U018,2025-09-20,534184,0,-29727326,5,27,đều
U018,2025-09-21,874647,0,-30601973,4,28,đều
U018,2025-09-22,957062,0,-31559035,3,29,đều
U018,2025-09-23,809589,0,-32368624,2,30,đều
U018,2025-09-24,2496906,0,-34865530,1,31,đều
U018,2025-09-25,824197,28719103,-6970624,30,1,đều
U018,2025-09-26,748609,0,-7719233,29,2,đều
U018,2025-09-27,980678,0,-8699911,28,3,đều
U018,2025-09-28,1375897,0,-10075808,27,4,đều
U018,2025-09-29,698081,0,-10773889,26,5,đều
U018,2025-09-30,879815,0,-11653704,25,6,đều
U018,2025-10-01,1391615,0,-13045319,24,7,đều
U018,2025-10-02,1422867,0,-14468186,23,8,đều
U018,2025-10-03,1017962,0,-15486148,22,9,đều
U018,2025-10-04,2454953,0,-17941101,21,10,đều
U018,2025-10-05,2060629,0,-20001730,20,11,đều
U018,2025-10-06,531690,0,-20533420,19,12,đều
U018,2025-10-07,474244,0,-21007664,18,13,đều
U018,2025-10-08,1282789,0,-22290453,17,14,đều
U018,2025-10-09,1611068,0,-23901521,16,15,đều
U018,2025-10-10,852866,0,-24754387,15,16,đều
U018,2025-10-11,763282,0,-25517669,14,17,đều
U018,2025-10-12,672089,0,-26189758,13,18,đều
U018,2025-10-13,584818,0,-26774576,12,19,đều
U018,2025-10-14,1470038,0,-28244614,11,20,đều
U018,2025-10-15,801102,0,-29045716,10,21,đều
U018,2025-10-16,1052819,0,-30098535,9,22,đều
U018,2025-10-17,449522,0,-30548057,8,23,đều
U018,2025-10-18,1393278,0,-31941335,7,24,đều
U018,2025-10-19,1180411,0,-33121746,6,25,đều
U018,2025-10-20,544915,0,-33666661,5,26,đều
U018,2025-10-21,1034960,0,-34701621,4,27,đều
U018,2025-10-22,934866,0,-35636487,3,28,đều
U018,2025-10-23,779338,0,-36415825,2,29,đều
U018,2025-10-24,292170,0,-36707995,1,30,đều
U018,2025-10-25,716497,28719103,-8705389,31,1,đều
U018,2025-10-26,1053085,0,-9758474,30,2,đều
U018,2025-10-27,749256,0,-10507730,29,3,đều
U018,2025-10-28,853912,0,-11361642,28,4,đều
U018,2025-10-29,1698005,0,-13059647,27,5,đều
U018,2025-10-30,904609,0,-13964256,26,6,đều
U018,2025-10-31,403343,0,-14367599,25,7,đều
U018,2025-11-01,866590,0,-15234189,24,8,đều
U018,2025-11-02,970939,0,-16205128,23,9,đều
U018,2025-11-03,670729,0,-16875857,22,10,đều
U018,2025-11-04,1251885,0,-18127742,21,11,đều
U018,2025-11-05,519889,0,-18647631,20,12,đều
U018,2025-11-06,883075,0,-19530706,19,13,đều
U018,2025-11-07,517496,0,-20048202,18,14,đều
U018,2025-11-08,829009,0,-20877211,17,15,đều
U018,2025-11-09,1238626,0,-22115837,16,16,đều
U018,2025-11-10,874659,0,-22990496,15,17,đều
U018,2025-11-11,854473,0,-23844969,14,18,đều
U018,2025-11-12,943517,0,-24788486,13,19,đều
U018,2025-11-13,962576,0,-25751062,12,20,đều
U018,2025-11-14,1231523,0,-26982585,11,21,đều
U018,2025-11-15,1234514,0,-28217099,10,22,đều
U018,2025-11-16,1647781,0,-29864880,9,23,đều
U018,2025-11-17,997800,0,-30862680,8,24,đều
U018,2025-11-18,480207,0,-31342887,7,25,đều
U018,2025-11-19,1315123,0,-32658010,6,26,đều
U018,2025-11-20,1601084,0,-34259094,5,27,đều
U018,2025-11-21,2497847,0,-36756941,4,28,đều
U018,2025-11-22,1667680,0,-38424621,3,29,đều
U018,2025-11-23,766923,0,-39191544,2,30,đều
U018,2025-11-24,1005640,0,-40197184,1,31,đều
U018,2025-11-25,837361,28719103,-12315442,30,1,đều
U018,2025-11-26,793057,0,-13108499,29,2,đều
U018,2025-11-27,891684,0,-14000183,28,3,đều
U018,2025-11-28,1560566,0,-15560749,27,4,đều
U018,2025-11-29,494149,0,-16054898,26,5,đều
U018,2025-11-30,624835,0,-16679733,25,6,đều
U018,2025-12-01,1519754,0,-18199487,24,7,đều
U018,2025-12-02,1668989,0,-19868476,23,8,đều
U018,2025-12-03,716736,0,-20585212,22,9,đều
U018,2025-12-04,1805884,0,-22391096,21,10,đều
U018,2025-12-05,1378649,0,-23769745,20,11,đều
U018,2025-12-06,838322,0,-24608067,19,12,đều
U018,2025-12-07,352271,0,-24960338,18,13,đều
U018,2025-12-08,478808,0,-25439146,17,14,đều
U018,2025-12-09,717115,0,-26156261,16,15,đều
U018,2025-12-10,1264562,0,-27420823,15,16,đều
U018,2025-12-11,1266163,0,-28686986,14,17,đều
U018,2025-12-12,774275,0,-29461261,13,18,đều
U018,2025-12-13,850646,0,-30311907,12,19,đều
U018,2025-12-14,921049,0,-31232956,11,20,đều
U018,2025-12-15,854923,0,-32087879,10,21,đều
U018,2025-12-16,996212,0,-33084091,9,22,đều
U018,2025-12-17,921949,0,-34006040,8,23,đều
U018,2025-12-18,477620,0,-34483660,7,24,đều
U018,2025-12-19,858753,0,-35342413,6,25,đều
U018,2025-12-20,924698,0,-36267111,5,26,đều
U018,2025-12-21,1386345,0,-37653456,4,27,đều
U018,2025-12-22,669134,0,-38322590,3,28,đều
U018,2025-12-23,1012389,0,-39334979,2,29,đều
U018,2025-12-24,1168694,0,-40503673,1,30,đều
U018,2025-12-25,879336,28719103,-12663906,31,1,đều
U018,2025-12-26,462473,0,-13126379,30,2,đều
U018,2025-12-27,1397631,0,-14524010,29,3,đều
U018,2025-12-28,1258106,0,-15782116,28,4,đều
U018,2025-12-29,1022510,0,-16804626,27,5,đều
U018,2025-12-30,948269,0,-17752895,26,6,đều
U018,2025-12-31,457573,0,-18210468,25,7,đều
U018,2026-01-01,1272030,0,-19482498,24,8,đều
U018,2026-01-02,1690982,0,-21173480,23,9,đều
U018,2026-01-03,597652,0,-21771132,22,10,đều
U018,2026-01-04,1598009,0,-23369141,21,11,đều
U018,2026-01-05,1467168,0,-24836309,20,12,đều
U018,2026-01-06,590653,0,-25426962,19,13,đều
U018,2026-01-07,796995,0,-26223957,18,14,đều
U018,2026-01-08,533966,0,-26757923,17,15,đều
U018,2026-01-09,909096,0,-27667019,16,16,đều
U018,2026-01-10,1116365,0,-28783384,15,17,đều
U018,2026-01-11,550220,0,-29333604,14,18,đều
U018,2026-01-12,1088796,0,-30422400,13,19,đều
U018,2026-01-13,1204906,0,-31627306,12,20,đều
U018,2026-01-14,1211843,0,-32839149,11,21,đều
U018,2026-01-15,1119131,0,-33958280,10,22,đều
U018,2026-01-16,570841,0,-34529121,9,23,đều
U018,2026-01-17,888840,0,-35417961,8,24,đều
U018,2026-01-18,1074324,0,-36492285,7,25,đều
U018,2026-01-19,1673908,0,-38166193,6,26,đều
U018,2026-01-20,934015,0,-39100208,5,27,đều
U018,2026-01-21,1106241,0,-40206449,4,28,đều
U018,2026-01-22,642711,0,-40849160,3,29,đều
U018,2026-01-23,587895,0,-41437055,2,30,đều
U018,2026-01-24,558513,0,-41995568,1,31,đều
U018,2026-01-25,788710,28719103,-14065175,31,1,đều
U018,2026-01-26,2128828,0,-16194003,30,2,đều
U018,2026-01-27,794470,0,-16988473,29,3,đều
U018,2026-01-28,1079612,0,-18068085,28,4,đều
U018,2026-01-29,1166013,0,-19234098,27,5,đều
U018,2026-01-30,602986,0,-19837084,26,6,đều
U018,2026-01-31,784043,0,-20621127,25,7,đều
U018,2026-02-01,1197837,0,-21818964,24,8,đều
U018,2026-02-02,1107474,0,-22926438,23,9,đều
U018,2026-02-03,420275,0,-23346713,22,10,đều
U018,2026-02-04,1183546,0,-24530259,21,11,đều
U018,2026-02-05,748529,0,-25278788,20,12,đều
U018,2026-02-06,756407,0,-26035195,19,13,đều
U018,2026-02-07,1097130,0,-27132325,18,14,đều
U018,2026-02-08,1715879,0,-28848204,17,15,đều
U018,2026-02-09,861205,0,-29709409,16,16,đều
U018,2026-02-10,1495366,0,-31204775,15,17,đều
U018,2026-02-11,524338,0,-31729113,14,18,đều
U018,2026-02-12,983191,0,-32712304,13,19,đều
U018,2026-02-13,751510,0,-33463814,12,20,đều
U018,2026-02-14,1044516,0,-34508330,11,21,đều
U018,2026-02-15,828804,0,-35337134,10,22,đều
U018,2026-02-16,545707,0,-35882841,9,23,đều
U018,2026-02-17,654285,0,-36537126,8,24,đều
U018,2026-02-18,483584,0,-37020710,7,25,đều
U018,2026-02-19,553215,0,-37573925,6,26,đều
U018,2026-02-20,1130750,0,-38704675,5,27,đều
U018,2026-02-21,843948,0,-39548623,4,28,đều
U018,2026-02-22,1023366,0,-40571989,3,29,đều
U018,2026-02-23,1928962,0,-42500951,2,30,đều
U018,2026-02-24,828915,0,-43329866,1,31,đều
U018,2026-02-25,1202574,28719103,-15813337,28,1,đều
U018,2026-02-26,943655,0,-16756992,27,2,đều
U018,2026-02-27,2817429,0,-19574421,26,3,đều
U018,2026-02-28,279066,0,-19853487,25,4,đều
U018,2026-03-01,700253,0,-20553740,24,5,đều
U018,2026-03-02,1212108,0,-21765848,23,6,đều
U018,2026-03-03,690450,0,-22456298,22,7,đều
U018,2026-03-04,1170206,0,-23626504,21,8,đều
U018,2026-03-05,910938,0,-24537442,20,9,đều
U018,2026-03-06,1318811,0,-25856253,19,10,đều
U018,2026-03-07,593274,0,-26449527,18,11,đều
U018,2026-03-08,999888,0,-27449415,17,12,đều
U018,2026-03-09,1124297,0,-28573712,16,13,đều
U018,2026-03-10,983603,0,-29557315,15,14,đều
U018,2026-03-11,990561,0,-30547876,14,15,đều
U018,2026-03-12,1509417,0,-32057293,13,16,đều
U018,2026-03-13,476536,0,-32533829,12,17,đều
U018,2026-03-14,980922,0,-33514751,11,18,đều
U018,2026-03-15,575274,0,-34090025,10,19,đều
U018,2026-03-16,1263386,0,-35353411,9,20,đều
U018,2026-03-17,667362,0,-36020773,8,21,đều
U018,2026-03-18,347071,0,-36367844,7,22,đều
U018,2026-03-19,1275500,0,-37643344,6,23,đều
U018,2026-03-20,838117,0,-38481461,5,24,đều
U018,2026-03-21,1076164,0,-39557625,4,25,đều
U018,2026-03-22,1651286,0,-41208911,3,26,đều
U018,2026-03-23,1082541,0,-42291452,2,27,đều
U018,2026-03-24,998523,0,-43289975,1,28,đều
U018,2026-03-25,915617,28719103,-15486489,31,1,đều
U018,2026-03-26,589682,0,-16076171,30,2,đều
U018,2026-03-27,856117,0,-16932288,29,3,đều
U018,2026-03-28,2055071,0,-18987359,28,4,đều
U018,2026-03-29,803051,0,-19790410,27,5,đều
U018,2026-03-30,876644,0,-20667054,26,6,đều
U018,2026-03-31,1542778,0,-22209832,25,7,đều
U018,2026-04-01,503705,0,-22713537,24,8,đều
U018,2026-04-02,1195782,0,-23909319,23,9,đều
U018,2026-04-03,494207,0,-24403526,22,10,đều
U018,2026-04-04,1094641,0,-25498167,21,11,đều
U018,2026-04-05,924768,0,-26422935,20,12,đều
U018,2026-04-06,1192094,0,-27615029,19,13,đều
U018,2026-04-07,622359,0,-28237388,18,14,đều
U018,2026-04-08,753322,0,-28990710,17,15,đều
U018,2026-04-09,1216980,0,-30207690,16,16,đều
U018,2026-04-10,760954,0,-30968644,15,17,đều
U018,2026-04-11,1262327,0,-32230971,14,18,đều
U018,2026-04-12,1014523,0,-33245494,13,19,đều
U018,2026-04-13,780711,0,-34026205,12,20,đều
U018,2026-04-14,822513,0,-34848718,11,21,đều
U018,2026-04-15,934403,0,-35783121,10,22,đều
U018,2026-04-16,854429,0,-36637550,9,23,đều
U018,2026-04-17,1249634,0,-37887184,8,24,đều
U018,2026-04-18,804318,0,-38691502,7,25,đều
U018,2026-04-19,741959,0,-39433461,6,26,đều
U018,2026-04-20,1342927,0,-40776388,5,27,đều
U018,2026-04-21,788123,0,-41564511,4,28,đều
U018,2026-04-22,751715,0,-42316226,3,29,đều
U018,2026-04-23,345240,0,-42661466,2,30,đều
U018,2026-04-24,615666,0,-43277132,1,31,đều
U018,2026-04-25,667177,28719103,-15225206,30,1,đều
U018,2026-04-26,751788,0,-15976994,29,2,đều
U018,2026-04-27,699000,0,-16675994,28,3,đều
U018,2026-04-28,1382607,0,-18058601,27,4,đều
U018,2026-04-29,684335,0,-18742936,26,5,đều
U018,2026-04-30,705041,0,-19447977,25,6,đều
U018,2026-05-01,993037,0,-20441014,24,7,đều
U018,2026-05-02,600543,0,-21041557,23,8,đều
U018,2026-05-03,1744291,0,-22785848,22,9,đều
U018,2026-05-04,1286099,0,-24071947,21,10,đều
U018,2026-05-05,584801,0,-24656748,20,11,đều
U018,2026-05-06,1399644,0,-26056392,19,12,đều
U018,2026-05-07,1521101,0,-27577493,18,13,đều
U018,2026-05-08,590908,0,-28168401,17,14,đều
U018,2026-05-09,585484,0,-28753885,16,15,đều
U018,2026-05-10,730947,0,-29484832,15,16,đều
U018,2026-05-11,529760,0,-30014592,14,17,đều
U018,2026-05-12,682929,0,-30697521,13,18,đều
U018,2026-05-13,795091,0,-31492612,12,19,đều
U018,2026-05-14,1141579,0,-32634191,11,20,đều
U018,2026-05-15,963909,0,-33598100,10,21,đều
U018,2026-05-16,879451,0,-34477551,9,22,đều
U018,2026-05-17,769112,0,-35246663,8,23,đều
U018,2026-05-18,552981,0,-35799644,7,24,đều
U018,2026-05-19,1182272,0,-36981916,6,25,đều
U018,2026-05-20,1171753,0,-38153669,5,26,đều
U018,2026-05-21,729068,0,-38882737,4,27,đều
U018,2026-05-22,600669,0,-39483406,3,28,đều
U018,2026-05-23,1738796,0,-41222202,2,29,đều
U018,2026-05-24,1029881,0,-42252083,1,30,đều
U018,2026-05-25,1093669,28719103,-14626649,31,1,đều
U018,2026-05-26,1112723,0,-15739372,30,2,đều
U018,2026-05-27,576810,0,-16316182,29,3,đều
U018,2026-05-28,1699717,0,-18015899,28,4,đều
U018,2026-05-29,794019,0,-18809918,27,5,đều
U018,2026-05-30,1296370,0,-20106288,26,6,đều
U018,2026-05-31,1672173,0,-21778461,25,7,đều
U018,2026-06-01,963967,0,-22742428,24,8,đều
U018,2026-06-02,581677,0,-23324105,23,9,đều
U018,2026-06-03,344164,0,-23668269,22,10,đều
U018,2026-06-04,918866,0,-24587135,21,11,đều
U018,2026-06-05,1031288,0,-25618423,20,12,đều
U018,2026-06-06,739664,0,-26358087,19,13,đều
U018,2026-06-07,985137,0,-27343224,18,14,đều
U018,2026-06-08,1108368,0,-28451592,17,15,đều
U018,2026-06-09,1388636,0,-29840228,16,16,đều
U018,2026-06-10,851569,0,-30691797,15,17,đều
U018,2026-06-11,916324,0,-31608121,14,18,đều
U018,2026-06-12,868759,0,-32476880,13,19,đều
U018,2026-06-13,945718,0,-33422598,12,20,đều
U018,2026-06-14,759935,0,-34182533,11,21,đều
U018,2026-06-15,758483,0,-34941016,10,22,đều
U018,2026-06-16,777822,0,-35718838,9,23,đều
U018,2026-06-17,993280,0,-36712118,8,24,đều
U018,2026-06-18,664863,0,-37376981,7,25,đều
U018,2026-06-19,779076,0,-38156057,6,26,đều
U018,2026-06-20,1923578,0,-40079635,5,27,đều
U018,2026-06-21,1335507,0,-41415142,4,28,đều
U018,2026-06-22,636302,0,-42051444,3,29,đều
U018,2026-06-23,1318665,0,-43370109,2,30,đều
U018,2026-06-24,1199264,0,-44569373,1,31,đều
U018,2026-06-25,895103,28719103,-16745373,30,1,đều
U018,2026-06-26,702972,0,-17448345,29,2,đều
U018,2026-06-27,671760,0,-18120105,28,3,đều
U018,2026-06-28,1020494,0,-19140599,27,4,đều
U018,2026-06-29,665150,0,-19805749,26,5,đều
U018,2026-06-30,1447213,0,-21252962,25,6,đều
U018,2026-07-01,1621049,0,-22874011,24,7,đều
U019,2025-01-01,375685,27222605,26846920,31,1,tăng cuối tuần
U019,2025-01-02,332829,0,26514091,30,2,tăng cuối tuần
U019,2025-01-03,687787,0,25826304,29,3,tăng cuối tuần
U019,2025-01-04,2975842,0,22850462,28,4,tăng cuối tuần
U019,2025-01-05,3468920,0,19381542,27,5,tăng cuối tuần
U019,2025-01-06,505947,0,18875595,26,6,tăng cuối tuần
U019,2025-01-07,625289,0,18250306,25,7,tăng cuối tuần
U019,2025-01-08,501507,0,17748799,24,8,tăng cuối tuần
U019,2025-01-09,776441,0,16972358,23,9,tăng cuối tuần
U019,2025-01-10,526728,0,16445630,22,10,tăng cuối tuần
U019,2025-01-11,2182812,0,14262818,21,11,tăng cuối tuần
U019,2025-01-12,1004423,0,13258395,20,12,tăng cuối tuần
U019,2025-01-13,403794,0,12854601,19,13,tăng cuối tuần
U019,2025-01-14,613282,0,12241319,18,14,tăng cuối tuần
U019,2025-01-15,591676,0,11649643,17,15,tăng cuối tuần
U019,2025-01-16,634560,0,11015083,16,16,tăng cuối tuần
U019,2025-01-17,464811,0,10550272,15,17,tăng cuối tuần
U019,2025-01-18,1218684,0,9331588,14,18,tăng cuối tuần
U019,2025-01-19,1544966,0,7786622,13,19,tăng cuối tuần
U019,2025-01-20,451323,0,7335299,12,20,tăng cuối tuần
U019,2025-01-21,487878,0,6847421,11,21,tăng cuối tuần
U019,2025-01-22,300733,0,6546688,10,22,tăng cuối tuần
U019,2025-01-23,398227,0,6148461,9,23,tăng cuối tuần
U019,2025-01-24,427478,0,5720983,8,24,tăng cuối tuần
U019,2025-01-25,645127,0,5075856,7,25,tăng cuối tuần
U019,2025-01-26,2206885,0,2868971,6,26,tăng cuối tuần
U019,2025-01-27,472944,0,2396027,5,27,tăng cuối tuần
U019,2025-01-28,492501,0,1903526,4,28,tăng cuối tuần
U019,2025-01-29,360384,0,1543142,3,29,tăng cuối tuần
U019,2025-01-30,559963,0,983179,2,30,tăng cuối tuần
U019,2025-01-31,317539,0,665640,1,31,tăng cuối tuần
U019,2025-02-01,1207624,27222605,26680621,28,1,tăng cuối tuần
U019,2025-02-02,2033813,0,24646808,27,2,tăng cuối tuần
U019,2025-02-03,510931,0,24135877,26,3,tăng cuối tuần
U019,2025-02-04,265690,0,23870187,25,4,tăng cuối tuần
U019,2025-02-05,832404,0,23037783,24,5,tăng cuối tuần
U019,2025-02-06,327003,0,22710780,23,6,tăng cuối tuần
U019,2025-02-07,420033,0,22290747,22,7,tăng cuối tuần
U019,2025-02-08,3181317,0,19109430,21,8,tăng cuối tuần
U019,2025-02-09,693966,0,18415464,20,9,tăng cuối tuần
U019,2025-02-10,223825,0,18191639,19,10,tăng cuối tuần
U019,2025-02-11,528553,0,17663086,18,11,tăng cuối tuần
U019,2025-02-12,164343,0,17498743,17,12,tăng cuối tuần
U019,2025-02-13,195581,0,17303162,16,13,tăng cuối tuần
U019,2025-02-14,708700,0,16594462,15,14,tăng cuối tuần
U019,2025-02-15,1343168,0,15251294,14,15,tăng cuối tuần
U019,2025-02-16,3807665,0,11443629,13,16,tăng cuối tuần
U019,2025-02-17,292792,0,11150837,12,17,tăng cuối tuần
U019,2025-02-18,389934,0,10760903,11,18,tăng cuối tuần
U019,2025-02-19,549837,0,10211066,10,19,tăng cuối tuần
U019,2025-02-20,534847,0,9676219,9,20,tăng cuối tuần
U019,2025-02-21,399978,0,9276241,8,21,tăng cuối tuần
U019,2025-02-22,1220421,0,8055820,7,22,tăng cuối tuần
U019,2025-02-23,1735204,0,6320616,6,23,tăng cuối tuần
U019,2025-02-24,768257,0,5552359,5,24,tăng cuối tuần
U019,2025-02-25,600939,0,4951420,4,25,tăng cuối tuần
U019,2025-02-26,343911,0,4607509,3,26,tăng cuối tuần
U019,2025-02-27,297871,0,4309638,2,27,tăng cuối tuần
U019,2025-02-28,335712,0,3973926,1,28,tăng cuối tuần
U019,2025-03-01,950358,27222605,30246173,31,1,tăng cuối tuần
U019,2025-03-02,1677902,0,28568271,30,2,tăng cuối tuần
U019,2025-03-03,613318,0,27954953,29,3,tăng cuối tuần
U019,2025-03-04,430451,0,27524502,28,4,tăng cuối tuần
U019,2025-03-05,881193,0,26643309,27,5,tăng cuối tuần
U019,2025-03-06,901027,0,25742282,26,6,tăng cuối tuần
U019,2025-03-07,500929,0,25241353,25,7,tăng cuối tuần
U019,2025-03-08,2094585,0,23146768,24,8,tăng cuối tuần
U019,2025-03-09,1103401,0,22043367,23,9,tăng cuối tuần
U019,2025-03-10,383388,0,21659979,22,10,tăng cuối tuần
U019,2025-03-11,736772,0,20923207,21,11,tăng cuối tuần
U019,2025-03-12,351307,0,20571900,20,12,tăng cuối tuần
U019,2025-03-13,802974,0,19768926,19,13,tăng cuối tuần
U019,2025-03-14,691177,0,19077749,18,14,tăng cuối tuần
U019,2025-03-15,2136630,0,16941119,17,15,tăng cuối tuần
U019,2025-03-16,989557,0,15951562,16,16,tăng cuối tuần
U019,2025-03-17,390948,0,15560614,15,17,tăng cuối tuần
U019,2025-03-18,573096,0,14987518,14,18,tăng cuối tuần
U019,2025-03-19,298590,0,14688928,13,19,tăng cuối tuần
U019,2025-03-20,410485,0,14278443,12,20,tăng cuối tuần
U019,2025-03-21,598378,0,13680065,11,21,tăng cuối tuần
U019,2025-03-22,1260252,0,12419813,10,22,tăng cuối tuần
U019,2025-03-23,1127495,0,11292318,9,23,tăng cuối tuần
U019,2025-03-24,215521,0,11076797,8,24,tăng cuối tuần
U019,2025-03-25,379447,0,10697350,7,25,tăng cuối tuần
U019,2025-03-26,603437,0,10093913,6,26,tăng cuối tuần
U019,2025-03-27,312376,0,9781537,5,27,tăng cuối tuần
U019,2025-03-28,446089,0,9335448,4,28,tăng cuối tuần
U019,2025-03-29,1446138,0,7889310,3,29,tăng cuối tuần
U019,2025-03-30,1211587,0,6677723,2,30,tăng cuối tuần
U019,2025-03-31,619215,0,6058508,1,31,tăng cuối tuần
U019,2025-04-01,854297,27222605,32426816,30,1,tăng cuối tuần
U019,2025-04-02,661894,0,31764922,29,2,tăng cuối tuần
U019,2025-04-03,335290,0,31429632,28,3,tăng cuối tuần
U019,2025-04-04,982712,0,30446920,27,4,tăng cuối tuần
U019,2025-04-05,2361133,0,28085787,26,5,tăng cuối tuần
U019,2025-04-06,1317370,0,26768417,25,6,tăng cuối tuần
U019,2025-04-07,324810,0,26443607,24,7,tăng cuối tuần
U019,2025-04-08,693524,0,25750083,23,8,tăng cuối tuần
U019,2025-04-09,474792,0,25275291,22,9,tăng cuối tuần
U019,2025-04-10,315155,0,24960136,21,10,tăng cuối tuần
U019,2025-04-11,417434,0,24542702,20,11,tăng cuối tuần
U019,2025-04-12,1344069,0,23198633,19,12,tăng cuối tuần
U019,2025-04-13,1137641,0,22060992,18,13,tăng cuối tuần
U019,2025-04-14,664613,0,21396379,17,14,tăng cuối tuần
U019,2025-04-15,605503,0,20790876,16,15,tăng cuối tuần
U019,2025-04-16,619422,0,20171454,15,16,tăng cuối tuần
U019,2025-04-17,615994,0,19555460,14,17,tăng cuối tuần
U019,2025-04-18,307033,0,19248427,13,18,tăng cuối tuần
U019,2025-04-19,1242475,0,18005952,12,19,tăng cuối tuần
U019,2025-04-20,2835004,0,15170948,11,20,tăng cuối tuần
U019,2025-04-21,462467,0,14708481,10,21,tăng cuối tuần
U019,2025-04-22,245963,0,14462518,9,22,tăng cuối tuần
U019,2025-04-23,483063,0,13979455,8,23,tăng cuối tuần
U019,2025-04-24,575527,0,13403928,7,24,tăng cuối tuần
U019,2025-04-25,546201,0,12857727,6,25,tăng cuối tuần
U019,2025-04-26,1087012,0,11770715,5,26,tăng cuối tuần
U019,2025-04-27,3364465,0,8406250,4,27,tăng cuối tuần
U019,2025-04-28,243017,0,8163233,3,28,tăng cuối tuần
U019,2025-04-29,463001,0,7700232,2,29,tăng cuối tuần
U019,2025-04-30,887129,0,6813103,1,30,tăng cuối tuần
U019,2025-05-01,561175,27222605,33474533,31,1,tăng cuối tuần
U019,2025-05-02,618847,0,32855686,30,2,tăng cuối tuần
U019,2025-05-03,1038019,0,31817667,29,3,tăng cuối tuần
U019,2025-05-04,1817385,0,30000282,28,4,tăng cuối tuần
U019,2025-05-05,436474,0,29563808,27,5,tăng cuối tuần
U019,2025-05-06,281844,0,29281964,26,6,tăng cuối tuần
U019,2025-05-07,626030,0,28655934,25,7,tăng cuối tuần
U019,2025-05-08,319123,0,28336811,24,8,tăng cuối tuần
U019,2025-05-09,334621,0,28002190,23,9,tăng cuối tuần
U019,2025-05-10,1880640,0,26121550,22,10,tăng cuối tuần
U019,2025-05-11,1493739,0,24627811,21,11,tăng cuối tuần
U019,2025-05-12,473942,0,24153869,20,12,tăng cuối tuần
U019,2025-05-13,408124,0,23745745,19,13,tăng cuối tuần
U019,2025-05-14,779454,0,22966291,18,14,tăng cuối tuần
U019,2025-05-15,305930,0,22660361,17,15,tăng cuối tuần
U019,2025-05-16,367766,0,22292595,16,16,tăng cuối tuần
U019,2025-05-17,1917551,0,20375044,15,17,tăng cuối tuần
U019,2025-05-18,1065467,0,19309577,14,18,tăng cuối tuần
U019,2025-05-19,293090,0,19016487,13,19,tăng cuối tuần
U019,2025-05-20,468000,0,18548487,12,20,tăng cuối tuần
U019,2025-05-21,626602,0,17921885,11,21,tăng cuối tuần
U019,2025-05-22,660186,0,17261699,10,22,tăng cuối tuần
U019,2025-05-23,459466,0,16802233,9,23,tăng cuối tuần
U019,2025-05-24,1208920,0,15593313,8,24,tăng cuối tuần
U019,2025-05-25,1766227,0,13827086,7,25,tăng cuối tuần
U019,2025-05-26,555476,0,13271610,6,26,tăng cuối tuần
U019,2025-05-27,491821,0,12779789,5,27,tăng cuối tuần
U019,2025-05-28,725628,0,12054161,4,28,tăng cuối tuần
U019,2025-05-29,295215,0,11758946,3,29,tăng cuối tuần
U019,2025-05-30,335150,0,11423796,2,30,tăng cuối tuần
U019,2025-05-31,2451549,0,8972247,1,31,tăng cuối tuần
U019,2025-06-01,877544,27222605,35317308,30,1,tăng cuối tuần
U019,2025-06-02,356957,0,34960351,29,2,tăng cuối tuần
U019,2025-06-03,330549,0,34629802,28,3,tăng cuối tuần
U019,2025-06-04,236912,0,34392890,27,4,tăng cuối tuần
U019,2025-06-05,410966,0,33981924,26,5,tăng cuối tuần
U019,2025-06-06,596982,0,33384942,25,6,tăng cuối tuần
U019,2025-06-07,1683898,0,31701044,24,7,tăng cuối tuần
U019,2025-06-08,2178032,0,29523012,23,8,tăng cuối tuần
U019,2025-06-09,713478,0,28809534,22,9,tăng cuối tuần
U019,2025-06-10,379600,0,28429934,21,10,tăng cuối tuần
U019,2025-06-11,1276795,0,27153139,20,11,tăng cuối tuần
U019,2025-06-12,385755,0,26767384,19,12,tăng cuối tuần
U019,2025-06-13,406815,0,26360569,18,13,tăng cuối tuần
U019,2025-06-14,1191880,0,25168689,17,14,tăng cuối tuần
U019,2025-06-15,1967446,0,23201243,16,15,tăng cuối tuần
U019,2025-06-16,394322,0,22806921,15,16,tăng cuối tuần
U019,2025-06-17,429153,0,22377768,14,17,tăng cuối tuần
U019,2025-06-18,408007,0,21969761,13,18,tăng cuối tuần
U019,2025-06-19,404321,0,21565440,12,19,tăng cuối tuần
U019,2025-06-20,471861,0,21093579,11,20,tăng cuối tuần
U019,2025-06-21,1321134,0,19772445,10,21,tăng cuối tuần
U019,2025-06-22,1346168,0,18426277,9,22,tăng cuối tuần
U019,2025-06-23,680284,0,17745993,8,23,tăng cuối tuần
U019,2025-06-24,393846,0,17352147,7,24,tăng cuối tuần
U019,2025-06-25,516353,0,16835794,6,25,tăng cuối tuần
U019,2025-06-26,310310,0,16525484,5,26,tăng cuối tuần
U019,2025-06-27,370737,0,16154747,4,27,tăng cuối tuần
U019,2025-06-28,966142,0,15188605,3,28,tăng cuối tuần
U019,2025-06-29,3321291,0,11867314,2,29,tăng cuối tuần
U019,2025-06-30,767819,0,11099495,1,30,tăng cuối tuần
U019,2025-07-01,562029,27222605,37760071,31,1,tăng cuối tuần
U019,2025-07-02,1047133,0,36712938,30,2,tăng cuối tuần
U019,2025-07-03,602739,0,36110199,29,3,tăng cuối tuần
U019,2025-07-04,413468,0,35696731,28,4,tăng cuối tuần
U019,2025-07-05,1835998,0,33860733,27,5,tăng cuối tuần
U019,2025-07-06,2726162,0,31134571,26,6,tăng cuối tuần
U019,2025-07-07,311451,0,30823120,25,7,tăng cuối tuần
U019,2025-07-08,277062,0,30546058,24,8,tăng cuối tuần
U019,2025-07-09,521027,0,30025031,23,9,tăng cuối tuần
U019,2025-07-10,350244,0,29674787,22,10,tăng cuối tuần
U019,2025-07-11,179363,0,29495424,21,11,tăng cuối tuần
U019,2025-07-12,962142,0,28533282,20,12,tăng cuối tuần
U019,2025-07-13,1396558,0,27136724,19,13,tăng cuối tuần
U019,2025-07-14,451532,0,26685192,18,14,tăng cuối tuần
U019,2025-07-15,456942,0,26228250,17,15,tăng cuối tuần
U019,2025-07-16,987769,0,25240481,16,16,tăng cuối tuần
U019,2025-07-17,407614,0,24832867,15,17,tăng cuối tuần
U019,2025-07-18,495031,0,24337836,14,18,tăng cuối tuần
U019,2025-07-19,825491,0,23512345,13,19,tăng cuối tuần
U019,2025-07-20,1562248,0,21950097,12,20,tăng cuối tuần
U019,2025-07-21,506260,0,21443837,11,21,tăng cuối tuần
U019,2025-07-22,255511,0,21188326,10,22,tăng cuối tuần
U019,2025-07-23,304836,0,20883490,9,23,tăng cuối tuần
U019,2025-07-24,538635,0,20344855,8,24,tăng cuối tuần
U019,2025-07-25,355967,0,19988888,7,25,tăng cuối tuần
U019,2025-07-26,1518258,0,18470630,6,26,tăng cuối tuần
U019,2025-07-27,1963819,0,16506811,5,27,tăng cuối tuần
U019,2025-07-28,1000363,0,15506448,4,28,tăng cuối tuần
U019,2025-07-29,405311,0,15101137,3,29,tăng cuối tuần
U019,2025-07-30,898790,0,14202347,2,30,tăng cuối tuần
U019,2025-07-31,202322,0,14000025,1,31,tăng cuối tuần
U019,2025-08-01,469992,27222605,40752638,31,1,tăng cuối tuần
U019,2025-08-02,1383954,0,39368684,30,2,tăng cuối tuần
U019,2025-08-03,1278384,0,38090300,29,3,tăng cuối tuần
U019,2025-08-04,576282,0,37514018,28,4,tăng cuối tuần
U019,2025-08-05,406475,0,37107543,27,5,tăng cuối tuần
U019,2025-08-06,197036,0,36910507,26,6,tăng cuối tuần
U019,2025-08-07,234633,0,36675874,25,7,tăng cuối tuần
U019,2025-08-08,591216,0,36084658,24,8,tăng cuối tuần
U019,2025-08-09,821757,0,35262901,23,9,tăng cuối tuần
U019,2025-08-10,2134236,0,33128665,22,10,tăng cuối tuần
U019,2025-08-11,465578,0,32663087,21,11,tăng cuối tuần
U019,2025-08-12,413748,0,32249339,20,12,tăng cuối tuần
U019,2025-08-13,428710,0,31820629,19,13,tăng cuối tuần
U019,2025-08-14,544176,0,31276453,18,14,tăng cuối tuần
U019,2025-08-15,276546,0,30999907,17,15,tăng cuối tuần
U019,2025-08-16,1608813,0,29391094,16,16,tăng cuối tuần
U019,2025-08-17,1002783,0,28388311,15,17,tăng cuối tuần
U019,2025-08-18,472873,0,27915438,14,18,tăng cuối tuần
U019,2025-08-19,573616,0,27341822,13,19,tăng cuối tuần
U019,2025-08-20,473309,0,26868513,12,20,tăng cuối tuần
U019,2025-08-21,564992,0,26303521,11,21,tăng cuối tuần
U019,2025-08-22,334743,0,25968778,10,22,tăng cuối tuần
U019,2025-08-23,1542969,0,24425809,9,23,tăng cuối tuần
U019,2025-08-24,1438196,0,22987613,8,24,tăng cuối tuần
U019,2025-08-25,392287,0,22595326,7,25,tăng cuối tuần
U019,2025-08-26,321537,0,22273789,6,26,tăng cuối tuần
U019,2025-08-27,372650,0,21901139,5,27,tăng cuối tuần
U019,2025-08-28,283805,0,21617334,4,28,tăng cuối tuần
U019,2025-08-29,224912,0,21392422,3,29,tăng cuối tuần
U019,2025-08-30,1195176,0,20197246,2,30,tăng cuối tuần
U019,2025-08-31,2031885,0,18165361,1,31,tăng cuối tuần
U019,2025-09-01,486383,27222605,44901583,30,1,tăng cuối tuần
U019,2025-09-02,267931,0,44633652,29,2,tăng cuối tuần
U019,2025-09-03,376518,0,44257134,28,3,tăng cuối tuần
U019,2025-09-04,584266,0,43672868,27,4,tăng cuối tuần
U019,2025-09-05,370174,0,43302694,26,5,tăng cuối tuần
U019,2025-09-06,897155,0,42405539,25,6,tăng cuối tuần
U019,2025-09-07,3902556,0,38502983,24,7,tăng cuối tuần
U019,2025-09-08,414298,0,38088685,23,8,tăng cuối tuần
U019,2025-09-09,278088,0,37810597,22,9,tăng cuối tuần
U019,2025-09-10,474317,0,37336280,21,10,tăng cuối tuần
U019,2025-09-11,428002,0,36908278,20,11,tăng cuối tuần
U019,2025-09-12,239075,0,36669203,19,12,tăng cuối tuần
U019,2025-09-13,1642021,0,35027182,18,13,tăng cuối tuần
U019,2025-09-14,2344505,0,32682677,17,14,tăng cuối tuần
U019,2025-09-15,403512,0,32279165,16,15,tăng cuối tuần
U019,2025-09-16,194278,0,32084887,15,16,tăng cuối tuần
U019,2025-09-17,507826,0,31577061,14,17,tăng cuối tuần
U019,2025-09-18,563704,0,31013357,13,18,tăng cuối tuần
U019,2025-09-19,350305,0,30663052,12,19,tăng cuối tuần
U019,2025-09-20,1254774,0,29408278,11,20,tăng cuối tuần
U019,2025-09-21,3902911,0,25505367,10,21,tăng cuối tuần
U019,2025-09-22,340387,0,25164980,9,22,tăng cuối tuần
U019,2025-09-23,282765,0,24882215,8,23,tăng cuối tuần
U019,2025-09-24,447383,0,24434832,7,24,tăng cuối tuần
U019,2025-09-25,557413,0,23877419,6,25,tăng cuối tuần
U019,2025-09-26,548037,0,23329382,5,26,tăng cuối tuần
U019,2025-09-27,589402,0,22739980,4,27,tăng cuối tuần
U019,2025-09-28,1214446,0,21525534,3,28,tăng cuối tuần
U019,2025-09-29,702415,0,20823119,2,29,tăng cuối tuần
U019,2025-09-30,504741,0,20318378,1,30,tăng cuối tuần
U019,2025-10-01,270171,27222605,47270812,31,1,tăng cuối tuần
U019,2025-10-02,728024,0,46542788,30,2,tăng cuối tuần
U019,2025-10-03,651534,0,45891254,29,3,tăng cuối tuần
U019,2025-10-04,1404863,0,44486391,28,4,tăng cuối tuần
U019,2025-10-05,2248733,0,42237658,27,5,tăng cuối tuần
U019,2025-10-06,985621,0,41252037,26,6,tăng cuối tuần
U019,2025-10-07,290504,0,40961533,25,7,tăng cuối tuần
U019,2025-10-08,553105,0,40408428,24,8,tăng cuối tuần
U019,2025-10-09,980191,0,39428237,23,9,tăng cuối tuần
U019,2025-10-10,575122,0,38853115,22,10,tăng cuối tuần
U019,2025-10-11,1169793,0,37683322,21,11,tăng cuối tuần
U019,2025-10-12,1740453,0,35942869,20,12,tăng cuối tuần
U019,2025-10-13,766108,0,35176761,19,13,tăng cuối tuần
U019,2025-10-14,295026,0,34881735,18,14,tăng cuối tuần
U019,2025-10-15,437611,0,34444124,17,15,tăng cuối tuần
U019,2025-10-16,401809,0,34042315,16,16,tăng cuối tuần
U019,2025-10-17,344056,0,33698259,15,17,tăng cuối tuần
U019,2025-10-18,1742293,0,31955966,14,18,tăng cuối tuần
U019,2025-10-19,1519366,0,30436600,13,19,tăng cuối tuần
U019,2025-10-20,572899,0,29863701,12,20,tăng cuối tuần
U019,2025-10-21,699075,0,29164626,11,21,tăng cuối tuần
U019,2025-10-22,266197,0,28898429,10,22,tăng cuối tuần
U019,2025-10-23,455039,0,28443390,9,23,tăng cuối tuần
U019,2025-10-24,433599,0,28009791,8,24,tăng cuối tuần
U019,2025-10-25,1715914,0,26293877,7,25,tăng cuối tuần
U019,2025-10-26,1572068,0,24721809,6,26,tăng cuối tuần
U019,2025-10-27,299198,0,24422611,5,27,tăng cuối tuần
U019,2025-10-28,792561,0,23630050,4,28,tăng cuối tuần
U019,2025-10-29,939807,0,22690243,3,29,tăng cuối tuần
U019,2025-10-30,551215,0,22139028,2,30,tăng cuối tuần
U019,2025-10-31,562623,0,21576405,1,31,tăng cuối tuần
U019,2025-11-01,1666957,27222605,47132053,30,1,tăng cuối tuần
U019,2025-11-02,2330916,0,44801137,29,2,tăng cuối tuần
U019,2025-11-03,166686,0,44634451,28,3,tăng cuối tuần
U019,2025-11-04,442228,0,44192223,27,4,tăng cuối tuần
U019,2025-11-05,352242,0,43839981,26,5,tăng cuối tuần
U019,2025-11-06,469514,0,43370467,25,6,tăng cuối tuần
U019,2025-11-07,685687,0,42684780,24,7,tăng cuối tuần
U019,2025-11-08,1593916,0,41090864,23,8,tăng cuối tuần
U019,2025-11-09,1369415,0,39721449,22,9,tăng cuối tuần
U019,2025-11-10,252664,0,39468785,21,10,tăng cuối tuần
U019,2025-11-11,423969,0,39044816,20,11,tăng cuối tuần
U019,2025-11-12,579567,0,38465249,19,12,tăng cuối tuần
U019,2025-11-13,316377,0,38148872,18,13,tăng cuối tuần
U019,2025-11-14,198747,0,37950125,17,14,tăng cuối tuần
U019,2025-11-15,3928573,0,34021552,16,15,tăng cuối tuần
U019,2025-11-16,1808776,0,32212776,15,16,tăng cuối tuần
U019,2025-11-17,405346,0,31807430,14,17,tăng cuối tuần
U019,2025-11-18,772605,0,31034825,13,18,tăng cuối tuần
U019,2025-11-19,468699,0,30566126,12,19,tăng cuối tuần
U019,2025-11-20,754596,0,29811530,11,20,tăng cuối tuần
U019,2025-11-21,729175,0,29082355,10,21,tăng cuối tuần
U019,2025-11-22,950062,0,28132293,9,22,tăng cuối tuần
U019,2025-11-23,1901376,0,26230917,8,23,tăng cuối tuần
U019,2025-11-24,883140,0,25347777,7,24,tăng cuối tuần
U019,2025-11-25,297053,0,25050724,6,25,tăng cuối tuần
U019,2025-11-26,298515,0,24752209,5,26,tăng cuối tuần
U019,2025-11-27,319414,0,24432795,4,27,tăng cuối tuần
U019,2025-11-28,632410,0,23800385,3,28,tăng cuối tuần
U019,2025-11-29,1772400,0,22027985,2,29,tăng cuối tuần
U019,2025-11-30,729257,0,21298728,1,30,tăng cuối tuần
U019,2025-12-01,507628,27222605,48013705,31,1,tăng cuối tuần
U019,2025-12-02,400456,0,47613249,30,2,tăng cuối tuần
U019,2025-12-03,423460,0,47189789,29,3,tăng cuối tuần
U019,2025-12-04,316892,0,46872897,28,4,tăng cuối tuần
U019,2025-12-05,509115,0,46363782,27,5,tăng cuối tuần
U019,2025-12-06,2407921,0,43955861,26,6,tăng cuối tuần
U019,2025-12-07,1223596,0,42732265,25,7,tăng cuối tuần
U019,2025-12-08,225967,0,42506298,24,8,tăng cuối tuần
U019,2025-12-09,392338,0,42113960,23,9,tăng cuối tuần
U019,2025-12-10,599373,0,41514587,22,10,tăng cuối tuần
U019,2025-12-11,374263,0,41140324,21,11,tăng cuối tuần
U019,2025-12-12,243313,0,40897011,20,12,tăng cuối tuần
U019,2025-12-13,2146583,0,38750428,19,13,tăng cuối tuần
U019,2025-12-14,2786314,0,35964114,18,14,tăng cuối tuần
U019,2025-12-15,446472,0,35517642,17,15,tăng cuối tuần
U019,2025-12-16,233004,0,35284638,16,16,tăng cuối tuần
U019,2025-12-17,390035,0,34894603,15,17,tăng cuối tuần
U019,2025-12-18,470589,0,34424014,14,18,tăng cuối tuần
U019,2025-12-19,320373,0,34103641,13,19,tăng cuối tuần
U019,2025-12-20,1997565,0,32106076,12,20,tăng cuối tuần
U019,2025-12-21,1100314,0,31005762,11,21,tăng cuối tuần
U019,2025-12-22,447475,0,30558287,10,22,tăng cuối tuần
U019,2025-12-23,404253,0,30154034,9,23,tăng cuối tuần
U019,2025-12-24,566633,0,29587401,8,24,tăng cuối tuần
U019,2025-12-25,440391,0,29147010,7,25,tăng cuối tuần
U019,2025-12-26,409433,0,28737577,6,26,tăng cuối tuần
U019,2025-12-27,1147326,0,27590251,5,27,tăng cuối tuần
U019,2025-12-28,1603980,0,25986271,4,28,tăng cuối tuần
U019,2025-12-29,399130,0,25587141,3,29,tăng cuối tuần
U019,2025-12-30,312673,0,25274468,2,30,tăng cuối tuần
U019,2025-12-31,472088,0,24802380,1,31,tăng cuối tuần
U019,2026-01-01,512325,27222605,51512660,31,1,tăng cuối tuần
U019,2026-01-02,386838,0,51125822,30,2,tăng cuối tuần
U019,2026-01-03,2296091,0,48829731,29,3,tăng cuối tuần
U019,2026-01-04,1757988,0,47071743,28,4,tăng cuối tuần
U019,2026-01-05,265026,0,46806717,27,5,tăng cuối tuần
U019,2026-01-06,756216,0,46050501,26,6,tăng cuối tuần
U019,2026-01-07,601944,0,45448557,25,7,tăng cuối tuần
U019,2026-01-08,661230,0,44787327,24,8,tăng cuối tuần
U019,2026-01-09,519866,0,44267461,23,9,tăng cuối tuần
U019,2026-01-10,620946,0,43646515,22,10,tăng cuối tuần
U019,2026-01-11,2448872,0,41197643,21,11,tăng cuối tuần
U019,2026-01-12,453813,0,40743830,20,12,tăng cuối tuần
U019,2026-01-13,510126,0,40233704,19,13,tăng cuối tuần
U019,2026-01-14,549783,0,39683921,18,14,tăng cuối tuần
U019,2026-01-15,960910,0,38723011,17,15,tăng cuối tuần
U019,2026-01-16,355982,0,38367029,16,16,tăng cuối tuần
U019,2026-01-17,1284564,0,37082465,15,17,tăng cuối tuần
U019,2026-01-18,1125431,0,35957034,14,18,tăng cuối tuần
U019,2026-01-19,288701,0,35668333,13,19,tăng cuối tuần
U019,2026-01-20,290835,0,35377498,12,20,tăng cuối tuần
U019,2026-01-21,211170,0,35166328,11,21,tăng cuối tuần
U019,2026-01-22,525333,0,34640995,10,22,tăng cuối tuần
U019,2026-01-23,980922,0,33660073,9,23,tăng cuối tuần
U019,2026-01-24,3593799,0,30066274,8,24,tăng cuối tuần
U019,2026-01-25,1124831,0,28941443,7,25,tăng cuối tuần
U019,2026-01-26,397227,0,28544216,6,26,tăng cuối tuần
U019,2026-01-27,725388,0,27818828,5,27,tăng cuối tuần
U019,2026-01-28,526530,0,27292298,4,28,tăng cuối tuần
U019,2026-01-29,467396,0,26824902,3,29,tăng cuối tuần
U019,2026-01-30,399685,0,26425217,2,30,tăng cuối tuần
U019,2026-01-31,2534258,0,23890959,1,31,tăng cuối tuần
U019,2026-02-01,1029795,27222605,50083769,28,1,tăng cuối tuần
U019,2026-02-02,536851,0,49546918,27,2,tăng cuối tuần
U019,2026-02-03,508438,0,49038480,26,3,tăng cuối tuần
U019,2026-02-04,450662,0,48587818,25,4,tăng cuối tuần
U019,2026-02-05,606959,0,47980859,24,5,tăng cuối tuần
U019,2026-02-06,448929,0,47531930,23,6,tăng cuối tuần
U019,2026-02-07,1277326,0,46254604,22,7,tăng cuối tuần
U019,2026-02-08,1641458,0,44613146,21,8,tăng cuối tuần
U019,2026-02-09,234283,0,44378863,20,9,tăng cuối tuần
U019,2026-02-10,565922,0,43812941,19,10,tăng cuối tuần
U019,2026-02-11,626821,0,43186120,18,11,tăng cuối tuần
U019,2026-02-12,340605,0,42845515,17,12,tăng cuối tuần
U019,2026-02-13,309688,0,42535827,16,13,tăng cuối tuần
U019,2026-02-14,1234517,0,41301310,15,14,tăng cuối tuần
U019,2026-02-15,1542448,0,39758862,14,15,tăng cuối tuần
U019,2026-02-16,482859,0,39276003,13,16,tăng cuối tuần
U019,2026-02-17,845194,0,38430809,12,17,tăng cuối tuần
U019,2026-02-18,803523,0,37627286,11,18,tăng cuối tuần
U019,2026-02-19,617690,0,37009596,10,19,tăng cuối tuần
U019,2026-02-20,464924,0,36544672,9,20,tăng cuối tuần
U019,2026-02-21,1091781,0,35452891,8,21,tăng cuối tuần
U019,2026-02-22,3097004,0,32355887,7,22,tăng cuối tuần
U019,2026-02-23,401141,0,31954746,6,23,tăng cuối tuần
U019,2026-02-24,495675,0,31459071,5,24,tăng cuối tuần
U019,2026-02-25,569245,0,30889826,4,25,tăng cuối tuần
U019,2026-02-26,453960,0,30435866,3,26,tăng cuối tuần
U019,2026-02-27,701913,0,29733953,2,27,tăng cuối tuần
U019,2026-02-28,1897879,0,27836074,1,28,tăng cuối tuần
U019,2026-03-01,2349108,27222605,52709571,31,1,tăng cuối tuần
U019,2026-03-02,529699,0,52179872,30,2,tăng cuối tuần
U019,2026-03-03,436248,0,51743624,29,3,tăng cuối tuần
U019,2026-03-04,456251,0,51287373,28,4,tăng cuối tuần
U019,2026-03-05,432021,0,50855352,27,5,tăng cuối tuần
U019,2026-03-06,264980,0,50590372,26,6,tăng cuối tuần
U019,2026-03-07,1059983,0,49530389,25,7,tăng cuối tuần
U019,2026-03-08,2127184,0,47403205,24,8,tăng cuối tuần
U019,2026-03-09,267634,0,47135571,23,9,tăng cuối tuần
U019,2026-03-10,376787,0,46758784,22,10,tăng cuối tuần
U019,2026-03-11,291001,0,46467783,21,11,tăng cuối tuần
U019,2026-03-12,368810,0,46098973,20,12,tăng cuối tuần
U019,2026-03-13,416240,0,45682733,19,13,tăng cuối tuần
U019,2026-03-14,1344587,0,44338146,18,14,tăng cuối tuần
U019,2026-03-15,893360,0,43444786,17,15,tăng cuối tuần
U019,2026-03-16,411232,0,43033554,16,16,tăng cuối tuần
U019,2026-03-17,301814,0,42731740,15,17,tăng cuối tuần
U019,2026-03-18,343349,0,42388391,14,18,tăng cuối tuần
U019,2026-03-19,595605,0,41792786,13,19,tăng cuối tuần
U019,2026-03-20,649061,0,41143725,12,20,tăng cuối tuần
U019,2026-03-21,936311,0,40207414,11,21,tăng cuối tuần
U019,2026-03-22,2962539,0,37244875,10,22,tăng cuối tuần
U019,2026-03-23,361165,0,36883710,9,23,tăng cuối tuần
U019,2026-03-24,348266,0,36535444,8,24,tăng cuối tuần
U019,2026-03-25,310042,0,36225402,7,25,tăng cuối tuần
U019,2026-03-26,452929,0,35772473,6,26,tăng cuối tuần
U019,2026-03-27,978470,0,34794003,5,27,tăng cuối tuần
U019,2026-03-28,854462,0,33939541,4,28,tăng cuối tuần
U019,2026-03-29,694770,0,33244771,3,29,tăng cuối tuần
U019,2026-03-30,493131,0,32751640,2,30,tăng cuối tuần
U019,2026-03-31,556188,0,32195452,1,31,tăng cuối tuần
U019,2026-04-01,452342,27222605,58965715,30,1,tăng cuối tuần
U019,2026-04-02,562106,0,58403609,29,2,tăng cuối tuần
U019,2026-04-03,281706,0,58121903,28,3,tăng cuối tuần
U019,2026-04-04,1083972,0,57037931,27,4,tăng cuối tuần
U019,2026-04-05,1662236,0,55375695,26,5,tăng cuối tuần
U019,2026-04-06,894798,0,54480897,25,6,tăng cuối tuần
U019,2026-04-07,554265,0,53926632,24,7,tăng cuối tuần
U019,2026-04-08,564676,0,53361956,23,8,tăng cuối tuần
U019,2026-04-09,288270,0,53073686,22,9,tăng cuối tuần
U019,2026-04-10,524440,0,52549246,21,10,tăng cuối tuần
U019,2026-04-11,985822,0,51563424,20,11,tăng cuối tuần
U019,2026-04-12,3208114,0,48355310,19,12,tăng cuối tuần
U019,2026-04-13,295479,0,48059831,18,13,tăng cuối tuần
U019,2026-04-14,322073,0,47737758,17,14,tăng cuối tuần
U019,2026-04-15,245707,0,47492051,16,15,tăng cuối tuần
U019,2026-04-16,458379,0,47033672,15,16,tăng cuối tuần
U019,2026-04-17,450738,0,46582934,14,17,tăng cuối tuần
U019,2026-04-18,2897582,0,43685352,13,18,tăng cuối tuần
U019,2026-04-19,2157923,0,41527429,12,19,tăng cuối tuần
U019,2026-04-20,322810,0,41204619,11,20,tăng cuối tuần
U019,2026-04-21,628118,0,40576501,10,21,tăng cuối tuần
U019,2026-04-22,269337,0,40307164,9,22,tăng cuối tuần
U019,2026-04-23,332297,0,39974867,8,23,tăng cuối tuần
U019,2026-04-24,464403,0,39510464,7,24,tăng cuối tuần
U019,2026-04-25,1005843,0,38504621,6,25,tăng cuối tuần
U019,2026-04-26,2421637,0,36082984,5,26,tăng cuối tuần
U019,2026-04-27,1102235,0,34980749,4,27,tăng cuối tuần
U019,2026-04-28,393689,0,34587060,3,28,tăng cuối tuần
U019,2026-04-29,341277,0,34245783,2,29,tăng cuối tuần
U019,2026-04-30,420538,0,33825245,1,30,tăng cuối tuần
U019,2026-05-01,354398,27222605,60693452,31,1,tăng cuối tuần
U019,2026-05-02,1756411,0,58937041,30,2,tăng cuối tuần
U019,2026-05-03,932038,0,58005003,29,3,tăng cuối tuần
U019,2026-05-04,503092,0,57501911,28,4,tăng cuối tuần
U019,2026-05-05,951595,0,56550316,27,5,tăng cuối tuần
U019,2026-05-06,198842,0,56351474,26,6,tăng cuối tuần
U019,2026-05-07,277525,0,56073949,25,7,tăng cuối tuần
U019,2026-05-08,370683,0,55703266,24,8,tăng cuối tuần
U019,2026-05-09,1964696,0,53738570,23,9,tăng cuối tuần
U019,2026-05-10,2258573,0,51479997,22,10,tăng cuối tuần
U019,2026-05-11,612374,0,50867623,21,11,tăng cuối tuần
U019,2026-05-12,225132,0,50642491,20,12,tăng cuối tuần
U019,2026-05-13,338198,0,50304293,19,13,tăng cuối tuần
U019,2026-05-14,308970,0,49995323,18,14,tăng cuối tuần
U019,2026-05-15,431510,0,49563813,17,15,tăng cuối tuần
U019,2026-05-16,1593435,0,47970378,16,16,tăng cuối tuần
U019,2026-05-17,914744,0,47055634,15,17,tăng cuối tuần
U019,2026-05-18,371500,0,46684134,14,18,tăng cuối tuần
U019,2026-05-19,558680,0,46125454,13,19,tăng cuối tuần
U019,2026-05-20,344481,0,45780973,12,20,tăng cuối tuần
U019,2026-05-21,408821,0,45372152,11,21,tăng cuối tuần
U019,2026-05-22,873166,0,44498986,10,22,tăng cuối tuần
U019,2026-05-23,3506408,0,40992578,9,23,tăng cuối tuần
U019,2026-05-24,666334,0,40326244,8,24,tăng cuối tuần
U019,2026-05-25,463557,0,39862687,7,25,tăng cuối tuần
U019,2026-05-26,1422517,0,38440170,6,26,tăng cuối tuần
U019,2026-05-27,536415,0,37903755,5,27,tăng cuối tuần
U019,2026-05-28,446199,0,37457556,4,28,tăng cuối tuần
U019,2026-05-29,748780,0,36708776,3,29,tăng cuối tuần
U019,2026-05-30,1726019,0,34982757,2,30,tăng cuối tuần
U019,2026-05-31,2100625,0,32882132,1,31,tăng cuối tuần
U019,2026-06-01,407177,27222605,59697560,30,1,tăng cuối tuần
U019,2026-06-02,480474,0,59217086,29,2,tăng cuối tuần
U019,2026-06-03,525328,0,58691758,28,3,tăng cuối tuần
U019,2026-06-04,626152,0,58065606,27,4,tăng cuối tuần
U019,2026-06-05,372666,0,57692940,26,5,tăng cuối tuần
U019,2026-06-06,1316558,0,56376382,25,6,tăng cuối tuần
U019,2026-06-07,731679,0,55644703,24,7,tăng cuối tuần
U019,2026-06-08,379369,0,55265334,23,8,tăng cuối tuần
U019,2026-06-09,648449,0,54616885,22,9,tăng cuối tuần
U019,2026-06-10,533074,0,54083811,21,10,tăng cuối tuần
U019,2026-06-11,297278,0,53786533,20,11,tăng cuối tuần
U019,2026-06-12,206815,0,53579718,19,12,tăng cuối tuần
U019,2026-06-13,1494231,0,52085487,18,13,tăng cuối tuần
U019,2026-06-14,2288946,0,49796541,17,14,tăng cuối tuần
U019,2026-06-15,365699,0,49430842,16,15,tăng cuối tuần
U019,2026-06-16,248490,0,49182352,15,16,tăng cuối tuần
U019,2026-06-17,349872,0,48832480,14,17,tăng cuối tuần
U019,2026-06-18,504634,0,48327846,13,18,tăng cuối tuần
U019,2026-06-19,728032,0,47599814,12,19,tăng cuối tuần
U019,2026-06-20,1427468,0,46172346,11,20,tăng cuối tuần
U019,2026-06-21,2412195,0,43760151,10,21,tăng cuối tuần
U019,2026-06-22,646121,0,43114030,9,22,tăng cuối tuần
U019,2026-06-23,276636,0,42837394,8,23,tăng cuối tuần
U019,2026-06-24,730444,0,42106950,7,24,tăng cuối tuần
U019,2026-06-25,498406,0,41608544,6,25,tăng cuối tuần
U019,2026-06-26,273335,0,41335209,5,26,tăng cuối tuần
U019,2026-06-27,3199238,0,38135971,4,27,tăng cuối tuần
U019,2026-06-28,1504334,0,36631637,3,28,tăng cuối tuần
U019,2026-06-29,203566,0,36428071,2,29,tăng cuối tuần
U019,2026-06-30,333907,0,36094164,1,30,tăng cuối tuần
U019,2026-07-01,302593,27222605,63014176,31,1,tăng cuối tuần
U020,2025-01-01,283865,0,-283865,24,8,dồn đầu chu kỳ
U020,2025-01-02,320124,0,-603989,23,9,dồn đầu chu kỳ
U020,2025-01-03,334286,0,-938275,22,10,dồn đầu chu kỳ
U020,2025-01-04,423650,0,-1361925,21,11,dồn đầu chu kỳ
U020,2025-01-05,239107,0,-1601032,20,12,dồn đầu chu kỳ
U020,2025-01-06,496647,0,-2097679,19,13,dồn đầu chu kỳ
U020,2025-01-07,181950,0,-2279629,18,14,dồn đầu chu kỳ
U020,2025-01-08,363714,0,-2643343,17,15,dồn đầu chu kỳ
U020,2025-01-09,524354,0,-3167697,16,16,dồn đầu chu kỳ
U020,2025-01-10,241360,0,-3409057,15,17,dồn đầu chu kỳ
U020,2025-01-11,266295,0,-3675352,14,18,dồn đầu chu kỳ
U020,2025-01-12,158759,0,-3834111,13,19,dồn đầu chu kỳ
U020,2025-01-13,180241,0,-4014352,12,20,dồn đầu chu kỳ
U020,2025-01-14,390425,0,-4404777,11,21,dồn đầu chu kỳ
U020,2025-01-15,264288,0,-4669065,10,22,dồn đầu chu kỳ
U020,2025-01-16,216669,0,-4885734,9,23,dồn đầu chu kỳ
U020,2025-01-17,78595,0,-4964329,8,24,dồn đầu chu kỳ
U020,2025-01-18,118622,0,-5082951,7,25,dồn đầu chu kỳ
U020,2025-01-19,291415,0,-5374366,6,26,dồn đầu chu kỳ
U020,2025-01-20,156415,0,-5530781,5,27,dồn đầu chu kỳ
U020,2025-01-21,148760,0,-5679541,4,28,dồn đầu chu kỳ
U020,2025-01-22,115019,0,-5794560,3,29,dồn đầu chu kỳ
U020,2025-01-23,74181,0,-5868741,2,30,dồn đầu chu kỳ
U020,2025-01-24,93843,0,-5962584,1,31,dồn đầu chu kỳ
U020,2025-01-25,250143,15314928,9102201,31,1,dồn đầu chu kỳ
U020,2025-01-26,236077,0,8866124,30,2,dồn đầu chu kỳ
U020,2025-01-27,324945,0,8541179,29,3,dồn đầu chu kỳ
U020,2025-01-28,457244,0,8083935,28,4,dồn đầu chu kỳ
U020,2025-01-29,219242,0,7864693,27,5,dồn đầu chu kỳ
U020,2025-01-30,418891,0,7445802,26,6,dồn đầu chu kỳ
U020,2025-01-31,258969,0,7186833,25,7,dồn đầu chu kỳ
U020,2025-02-01,264348,0,6922485,24,8,dồn đầu chu kỳ
U020,2025-02-02,605797,0,6316688,23,9,dồn đầu chu kỳ
U020,2025-02-03,352803,0,5963885,22,10,dồn đầu chu kỳ
U020,2025-02-04,233324,0,5730561,21,11,dồn đầu chu kỳ
U020,2025-02-05,347310,0,5383251,20,12,dồn đầu chu kỳ
U020,2025-02-06,172023,0,5211228,19,13,dồn đầu chu kỳ
U020,2025-02-07,346103,0,4865125,18,14,dồn đầu chu kỳ
U020,2025-02-08,442857,0,4422268,17,15,dồn đầu chu kỳ
U020,2025-02-09,354090,0,4068178,16,16,dồn đầu chu kỳ
U020,2025-02-10,614197,0,3453981,15,17,dồn đầu chu kỳ
U020,2025-02-11,113507,0,3340474,14,18,dồn đầu chu kỳ
U020,2025-02-12,246008,0,3094466,13,19,dồn đầu chu kỳ
U020,2025-02-13,129232,0,2965234,12,20,dồn đầu chu kỳ
U020,2025-02-14,194587,0,2770647,11,21,dồn đầu chu kỳ
U020,2025-02-15,196029,0,2574618,10,22,dồn đầu chu kỳ
U020,2025-02-16,456182,0,2118436,9,23,dồn đầu chu kỳ
U020,2025-02-17,166598,0,1951838,8,24,dồn đầu chu kỳ
U020,2025-02-18,153111,0,1798727,7,25,dồn đầu chu kỳ
U020,2025-02-19,217286,0,1581441,6,26,dồn đầu chu kỳ
U020,2025-02-20,129937,0,1451504,5,27,dồn đầu chu kỳ
U020,2025-02-21,249774,0,1201730,4,28,dồn đầu chu kỳ
U020,2025-02-22,140435,0,1061295,3,29,dồn đầu chu kỳ
U020,2025-02-23,132041,0,929254,2,30,dồn đầu chu kỳ
U020,2025-02-24,38923,0,890331,1,31,dồn đầu chu kỳ
U020,2025-02-25,1020658,15314928,15184601,28,1,dồn đầu chu kỳ
U020,2025-02-26,345072,0,14839529,27,2,dồn đầu chu kỳ
U020,2025-02-27,434360,0,14405169,26,3,dồn đầu chu kỳ
U020,2025-02-28,326121,0,14079048,25,4,dồn đầu chu kỳ
U020,2025-03-01,272693,0,13806355,24,5,dồn đầu chu kỳ
U020,2025-03-02,246146,0,13560209,23,6,dồn đầu chu kỳ
U020,2025-03-03,401749,0,13158460,22,7,dồn đầu chu kỳ
U020,2025-03-04,169565,0,12988895,21,8,dồn đầu chu kỳ
U020,2025-03-05,326878,0,12662017,20,9,dồn đầu chu kỳ
U020,2025-03-06,530648,0,12131369,19,10,dồn đầu chu kỳ
U020,2025-03-07,431267,0,11700102,18,11,dồn đầu chu kỳ
U020,2025-03-08,383162,0,11316940,17,12,dồn đầu chu kỳ
U020,2025-03-09,216442,0,11100498,16,13,dồn đầu chu kỳ
U020,2025-03-10,157491,0,10943007,15,14,dồn đầu chu kỳ
U020,2025-03-11,431401,0,10511606,14,15,dồn đầu chu kỳ
U020,2025-03-12,227074,0,10284532,13,16,dồn đầu chu kỳ
U020,2025-03-13,250635,0,10033897,12,17,dồn đầu chu kỳ
U020,2025-03-14,227735,0,9806162,11,18,dồn đầu chu kỳ
U020,2025-03-15,305984,0,9500178,10,19,dồn đầu chu kỳ
U020,2025-03-16,462355,0,9037823,9,20,dồn đầu chu kỳ
U020,2025-03-17,374322,0,8663501,8,21,dồn đầu chu kỳ
U020,2025-03-18,77073,0,8586428,7,22,dồn đầu chu kỳ
U020,2025-03-19,161991,0,8424437,6,23,dồn đầu chu kỳ
U020,2025-03-20,99564,0,8324873,5,24,dồn đầu chu kỳ
U020,2025-03-21,229960,0,8094913,4,25,dồn đầu chu kỳ
U020,2025-03-22,145583,0,7949330,3,26,dồn đầu chu kỳ
U020,2025-03-23,169126,0,7780204,2,27,dồn đầu chu kỳ
U020,2025-03-24,102560,0,7677644,1,28,dồn đầu chu kỳ
U020,2025-03-25,304408,15314928,22688164,31,1,dồn đầu chu kỳ
U020,2025-03-26,317039,0,22371125,30,2,dồn đầu chu kỳ
U020,2025-03-27,236172,0,22134953,29,3,dồn đầu chu kỳ
U020,2025-03-28,255417,0,21879536,28,4,dồn đầu chu kỳ
U020,2025-03-29,227768,0,21651768,27,5,dồn đầu chu kỳ
U020,2025-03-30,263094,0,21388674,26,6,dồn đầu chu kỳ
U020,2025-03-31,249042,0,21139632,25,7,dồn đầu chu kỳ
U020,2025-04-01,436519,0,20703113,24,8,dồn đầu chu kỳ
U020,2025-04-02,415156,0,20287957,23,9,dồn đầu chu kỳ
U020,2025-04-03,406748,0,19881209,22,10,dồn đầu chu kỳ
U020,2025-04-04,535900,0,19345309,21,11,dồn đầu chu kỳ
U020,2025-04-05,312358,0,19032951,20,12,dồn đầu chu kỳ
U020,2025-04-06,226592,0,18806359,19,13,dồn đầu chu kỳ
U020,2025-04-07,719364,0,18086995,18,14,dồn đầu chu kỳ
U020,2025-04-08,408536,0,17678459,17,15,dồn đầu chu kỳ
U020,2025-04-09,288815,0,17389644,16,16,dồn đầu chu kỳ
U020,2025-04-10,267837,0,17121807,15,17,dồn đầu chu kỳ
U020,2025-04-11,276741,0,16845066,14,18,dồn đầu chu kỳ
U020,2025-04-12,215667,0,16629399,13,19,dồn đầu chu kỳ
U020,2025-04-13,232827,0,16396572,12,20,dồn đầu chu kỳ
U020,2025-04-14,254657,0,16141915,11,21,dồn đầu chu kỳ
U020,2025-04-15,146501,0,15995414,10,22,dồn đầu chu kỳ
U020,2025-04-16,95326,0,15900088,9,23,dồn đầu chu kỳ
U020,2025-04-17,74384,0,15825704,8,24,dồn đầu chu kỳ
U020,2025-04-18,225359,0,15600345,7,25,dồn đầu chu kỳ
U020,2025-04-19,77168,0,15523177,6,26,dồn đầu chu kỳ
U020,2025-04-20,159863,0,15363314,5,27,dồn đầu chu kỳ
U020,2025-04-21,75668,0,15287646,4,28,dồn đầu chu kỳ
U020,2025-04-22,68141,0,15219505,3,29,dồn đầu chu kỳ
U020,2025-04-23,71124,0,15148381,2,30,dồn đầu chu kỳ
U020,2025-04-24,88789,0,15059592,1,31,dồn đầu chu kỳ
U020,2025-04-25,275526,15314928,30098994,30,1,dồn đầu chu kỳ
U020,2025-04-26,350572,0,29748422,29,2,dồn đầu chu kỳ
U020,2025-04-27,431590,0,29316832,28,3,dồn đầu chu kỳ
U020,2025-04-28,260928,0,29055904,27,4,dồn đầu chu kỳ
U020,2025-04-29,727300,0,28328604,26,5,dồn đầu chu kỳ
U020,2025-04-30,199892,0,28128712,25,6,dồn đầu chu kỳ
U020,2025-05-01,353281,0,27775431,24,7,dồn đầu chu kỳ
U020,2025-05-02,620305,0,27155126,23,8,dồn đầu chu kỳ
U020,2025-05-03,212071,0,26943055,22,9,dồn đầu chu kỳ
U020,2025-05-04,332667,0,26610388,21,10,dồn đầu chu kỳ
U020,2025-05-05,353221,0,26257167,20,11,dồn đầu chu kỳ
U020,2025-05-06,233405,0,26023762,19,12,dồn đầu chu kỳ
U020,2025-05-07,300211,0,25723551,18,13,dồn đầu chu kỳ
U020,2025-05-08,371810,0,25351741,17,14,dồn đầu chu kỳ
U020,2025-05-09,235913,0,25115828,16,15,dồn đầu chu kỳ
U020,2025-05-10,368924,0,24746904,15,16,dồn đầu chu kỳ
U020,2025-05-11,303179,0,24443725,14,17,dồn đầu chu kỳ
U020,2025-05-12,195207,0,24248518,13,18,dồn đầu chu kỳ
U020,2025-05-13,367072,0,23881446,12,19,dồn đầu chu kỳ
U020,2025-05-14,164454,0,23716992,11,20,dồn đầu chu kỳ
U020,2025-05-15,293689,0,23423303,10,21,dồn đầu chu kỳ
U020,2025-05-16,146707,0,23276596,9,22,dồn đầu chu kỳ
U020,2025-05-17,161503,0,23115093,8,23,dồn đầu chu kỳ
U020,2025-05-18,159882,0,22955211,7,24,dồn đầu chu kỳ
U020,2025-05-19,180904,0,22774307,6,25,dồn đầu chu kỳ
U020,2025-05-20,55355,0,22718952,5,26,dồn đầu chu kỳ
U020,2025-05-21,159395,0,22559557,4,27,dồn đầu chu kỳ
U020,2025-05-22,115250,0,22444307,3,28,dồn đầu chu kỳ
U020,2025-05-23,120442,0,22323865,2,29,dồn đầu chu kỳ
U020,2025-05-24,115897,0,22207968,1,30,dồn đầu chu kỳ
U020,2025-05-25,540039,15314928,36982857,31,1,dồn đầu chu kỳ
U020,2025-05-26,201018,0,36781839,30,2,dồn đầu chu kỳ
U020,2025-05-27,285248,0,36496591,29,3,dồn đầu chu kỳ
U020,2025-05-28,483706,0,36012885,28,4,dồn đầu chu kỳ
U020,2025-05-29,444933,0,35567952,27,5,dồn đầu chu kỳ
U020,2025-05-30,290316,0,35277636,26,6,dồn đầu chu kỳ
U020,2025-05-31,517799,0,34759837,25,7,dồn đầu chu kỳ
U020,2025-06-01,336509,0,34423328,24,8,dồn đầu chu kỳ
U020,2025-06-02,513372,0,33909956,23,9,dồn đầu chu kỳ
U020,2025-06-03,563969,0,33345987,22,10,dồn đầu chu kỳ
U020,2025-06-04,374380,0,32971607,21,11,dồn đầu chu kỳ
U020,2025-06-05,402504,0,32569103,20,12,dồn đầu chu kỳ
U020,2025-06-06,242765,0,32326338,19,13,dồn đầu chu kỳ
U020,2025-06-07,424406,0,31901932,18,14,dồn đầu chu kỳ
U020,2025-06-08,310310,0,31591622,17,15,dồn đầu chu kỳ
U020,2025-06-09,241525,0,31350097,16,16,dồn đầu chu kỳ
U020,2025-06-10,159127,0,31190970,15,17,dồn đầu chu kỳ
U020,2025-06-11,202967,0,30988003,14,18,dồn đầu chu kỳ
U020,2025-06-12,150023,0,30837980,13,19,dồn đầu chu kỳ
U020,2025-06-13,299946,0,30538034,12,20,dồn đầu chu kỳ
U020,2025-06-14,339793,0,30198241,11,21,dồn đầu chu kỳ
U020,2025-06-15,282634,0,29915607,10,22,dồn đầu chu kỳ
U020,2025-06-16,495398,0,29420209,9,23,dồn đầu chu kỳ
U020,2025-06-17,141930,0,29278279,8,24,dồn đầu chu kỳ
U020,2025-06-18,200570,0,29077709,7,25,dồn đầu chu kỳ
U020,2025-06-19,90614,0,28987095,6,26,dồn đầu chu kỳ
U020,2025-06-20,122643,0,28864452,5,27,dồn đầu chu kỳ
U020,2025-06-21,66497,0,28797955,4,28,dồn đầu chu kỳ
U020,2025-06-22,134848,0,28663107,3,29,dồn đầu chu kỳ
U020,2025-06-23,82229,0,28580878,2,30,dồn đầu chu kỳ
U020,2025-06-24,36117,0,28544761,1,31,dồn đầu chu kỳ
U020,2025-06-25,350763,15314928,43508926,30,1,dồn đầu chu kỳ
U020,2025-06-26,919274,0,42589652,29,2,dồn đầu chu kỳ
U020,2025-06-27,513853,0,42075799,28,3,dồn đầu chu kỳ
U020,2025-06-28,575931,0,41499868,27,4,dồn đầu chu kỳ
U020,2025-06-29,431930,0,41067938,26,5,dồn đầu chu kỳ
U020,2025-06-30,370247,0,40697691,25,6,dồn đầu chu kỳ
U020,2025-07-01,387906,0,40309785,24,7,dồn đầu chu kỳ
U020,2025-07-02,411319,0,39898466,23,8,dồn đầu chu kỳ
U020,2025-07-03,232304,0,39666162,22,9,dồn đầu chu kỳ
U020,2025-07-04,471640,0,39194522,21,10,dồn đầu chu kỳ
U020,2025-07-05,524624,0,38669898,20,11,dồn đầu chu kỳ
U020,2025-07-06,297927,0,38371971,19,12,dồn đầu chu kỳ
U020,2025-07-07,251203,0,38120768,18,13,dồn đầu chu kỳ
U020,2025-07-08,220752,0,37900016,17,14,dồn đầu chu kỳ
U020,2025-07-09,574791,0,37325225,16,15,dồn đầu chu kỳ
U020,2025-07-10,226773,0,37098452,15,16,dồn đầu chu kỳ
U020,2025-07-11,336486,0,36761966,14,17,dồn đầu chu kỳ
U020,2025-07-12,228467,0,36533499,13,18,dồn đầu chu kỳ
U020,2025-07-13,212114,0,36321385,12,19,dồn đầu chu kỳ
U020,2025-07-14,162895,0,36158490,11,20,dồn đầu chu kỳ
U020,2025-07-15,141464,0,36017026,10,21,dồn đầu chu kỳ
U020,2025-07-16,263384,0,35753642,9,22,dồn đầu chu kỳ
U020,2025-07-17,123197,0,35630445,8,23,dồn đầu chu kỳ
U020,2025-07-18,205306,0,35425139,7,24,dồn đầu chu kỳ
U020,2025-07-19,163820,0,35261319,6,25,dồn đầu chu kỳ
U020,2025-07-20,196411,0,35064908,5,26,dồn đầu chu kỳ
U020,2025-07-21,103980,0,34960928,4,27,dồn đầu chu kỳ
U020,2025-07-22,184963,0,34775965,3,28,dồn đầu chu kỳ
U020,2025-07-23,101534,0,34674431,2,29,dồn đầu chu kỳ
U020,2025-07-24,267304,0,34407127,1,30,dồn đầu chu kỳ
U020,2025-07-25,241881,15314928,49480174,31,1,dồn đầu chu kỳ
U020,2025-07-26,1185490,0,48294684,30,2,dồn đầu chu kỳ
U020,2025-07-27,414560,0,47880124,29,3,dồn đầu chu kỳ
U020,2025-07-28,462882,0,47417242,28,4,dồn đầu chu kỳ
U020,2025-07-29,322573,0,47094669,27,5,dồn đầu chu kỳ
U020,2025-07-30,212563,0,46882106,26,6,dồn đầu chu kỳ
U020,2025-07-31,312053,0,46570053,25,7,dồn đầu chu kỳ
U020,2025-08-01,322119,0,46247934,24,8,dồn đầu chu kỳ
U020,2025-08-02,387544,0,45860390,23,9,dồn đầu chu kỳ
U020,2025-08-03,544271,0,45316119,22,10,dồn đầu chu kỳ
U020,2025-08-04,361493,0,44954626,21,11,dồn đầu chu kỳ
U020,2025-08-05,350283,0,44604343,20,12,dồn đầu chu kỳ
U020,2025-08-06,361125,0,44243218,19,13,dồn đầu chu kỳ
U020,2025-08-07,147206,0,44096012,18,14,dồn đầu chu kỳ
U020,2025-08-08,146249,0,43949763,17,15,dồn đầu chu kỳ
U020,2025-08-09,149316,0,43800447,16,16,dồn đầu chu kỳ
U020,2025-08-10,223167,0,43577280,15,17,dồn đầu chu kỳ
U020,2025-08-11,116575,0,43460705,14,18,dồn đầu chu kỳ
U020,2025-08-12,177445,0,43283260,13,19,dồn đầu chu kỳ
U020,2025-08-13,127959,0,43155301,12,20,dồn đầu chu kỳ
U020,2025-08-14,253472,0,42901829,11,21,dồn đầu chu kỳ
U020,2025-08-15,233389,0,42668440,10,22,dồn đầu chu kỳ
U020,2025-08-16,162503,0,42505937,9,23,dồn đầu chu kỳ
U020,2025-08-17,79799,0,42426138,8,24,dồn đầu chu kỳ
U020,2025-08-18,143693,0,42282445,7,25,dồn đầu chu kỳ
U020,2025-08-19,165770,0,42116675,6,26,dồn đầu chu kỳ
U020,2025-08-20,183547,0,41933128,5,27,dồn đầu chu kỳ
U020,2025-08-21,242126,0,41691002,4,28,dồn đầu chu kỳ
U020,2025-08-22,168052,0,41522950,3,29,dồn đầu chu kỳ
U020,2025-08-23,101253,0,41421697,2,30,dồn đầu chu kỳ
U020,2025-08-24,73296,0,41348401,1,31,dồn đầu chu kỳ
U020,2025-08-25,342730,15314928,56320599,31,1,dồn đầu chu kỳ
U020,2025-08-26,771705,0,55548894,30,2,dồn đầu chu kỳ
U020,2025-08-27,466100,0,55082794,29,3,dồn đầu chu kỳ
U020,2025-08-28,544882,0,54537912,28,4,dồn đầu chu kỳ
U020,2025-08-29,324394,0,54213518,27,5,dồn đầu chu kỳ
U020,2025-08-30,242361,0,53971157,26,6,dồn đầu chu kỳ
U020,2025-08-31,328454,0,53642703,25,7,dồn đầu chu kỳ
U020,2025-09-01,330308,0,53312395,24,8,dồn đầu chu kỳ
U020,2025-09-02,388937,0,52923458,23,9,dồn đầu chu kỳ
U020,2025-09-03,258790,0,52664668,22,10,dồn đầu chu kỳ
U020,2025-09-04,338302,0,52326366,21,11,dồn đầu chu kỳ
U020,2025-09-05,516237,0,51810129,20,12,dồn đầu chu kỳ
U020,2025-09-06,158585,0,51651544,19,13,dồn đầu chu kỳ
U020,2025-09-07,127363,0,51524181,18,14,dồn đầu chu kỳ
U020,2025-09-08,468102,0,51056079,17,15,dồn đầu chu kỳ
U020,2025-09-09,151322,0,50904757,16,16,dồn đầu chu kỳ
U020,2025-09-10,222561,0,50682196,15,17,dồn đầu chu kỳ
U020,2025-09-11,314383,0,50367813,14,18,dồn đầu chu kỳ
U020,2025-09-12,228351,0,50139462,13,19,dồn đầu chu kỳ
U020,2025-09-13,214796,0,49924666,12,20,dồn đầu chu kỳ
U020,2025-09-14,214675,0,49709991,11,21,dồn đầu chu kỳ
U020,2025-09-15,536535,0,49173456,10,22,dồn đầu chu kỳ
U020,2025-09-16,373607,0,48799849,9,23,dồn đầu chu kỳ
U020,2025-09-17,129283,0,48670566,8,24,dồn đầu chu kỳ
U020,2025-09-18,240541,0,48430025,7,25,dồn đầu chu kỳ
U020,2025-09-19,177924,0,48252101,6,26,dồn đầu chu kỳ
U020,2025-09-20,131680,0,48120421,5,27,dồn đầu chu kỳ
U020,2025-09-21,83509,0,48036912,4,28,dồn đầu chu kỳ
U020,2025-09-22,128692,0,47908220,3,29,dồn đầu chu kỳ
U020,2025-09-23,83872,0,47824348,2,30,dồn đầu chu kỳ
U020,2025-09-24,70583,0,47753765,1,31,dồn đầu chu kỳ
U020,2025-09-25,339437,15314928,62729256,30,1,dồn đầu chu kỳ
U020,2025-09-26,669323,0,62059933,29,2,dồn đầu chu kỳ
U020,2025-09-27,320752,0,61739181,28,3,dồn đầu chu kỳ
U020,2025-09-28,312215,0,61426966,27,4,dồn đầu chu kỳ
U020,2025-09-29,560719,0,60866247,26,5,dồn đầu chu kỳ
U020,2025-09-30,375801,0,60490446,25,6,dồn đầu chu kỳ
U020,2025-10-01,367809,0,60122637,24,7,dồn đầu chu kỳ
U020,2025-10-02,563605,0,59559032,23,8,dồn đầu chu kỳ
U020,2025-10-03,609226,0,58949806,22,9,dồn đầu chu kỳ
U020,2025-10-04,148391,0,58801415,21,10,dồn đầu chu kỳ
U020,2025-10-05,318124,0,58483291,20,11,dồn đầu chu kỳ
U020,2025-10-06,183347,0,58299944,19,12,dồn đầu chu kỳ
U020,2025-10-07,265273,0,58034671,18,13,dồn đầu chu kỳ
U020,2025-10-08,296223,0,57738448,17,14,dồn đầu chu kỳ
U020,2025-10-09,246751,0,57491697,16,15,dồn đầu chu kỳ
U020,2025-10-10,180323,0,57311374,15,16,dồn đầu chu kỳ
U020,2025-10-11,168482,0,57142892,14,17,dồn đầu chu kỳ
U020,2025-10-12,329770,0,56813122,13,18,dồn đầu chu kỳ
U020,2025-10-13,432032,0,56381090,12,19,dồn đầu chu kỳ
U020,2025-10-14,97010,0,56284080,11,20,dồn đầu chu kỳ
U020,2025-10-15,182933,0,56101147,10,21,dồn đầu chu kỳ
U020,2025-10-16,262547,0,55838600,9,22,dồn đầu chu kỳ
U020,2025-10-17,180894,0,55657706,8,23,dồn đầu chu kỳ
U020,2025-10-18,109292,0,55548414,7,24,dồn đầu chu kỳ
U020,2025-10-19,130506,0,55417908,6,25,dồn đầu chu kỳ
U020,2025-10-20,164024,0,55253884,5,26,dồn đầu chu kỳ
U020,2025-10-21,117367,0,55136517,4,27,dồn đầu chu kỳ
U020,2025-10-22,117790,0,55018727,3,28,dồn đầu chu kỳ
U020,2025-10-23,106613,0,54912114,2,29,dồn đầu chu kỳ
U020,2025-10-24,76861,0,54835253,1,30,dồn đầu chu kỳ
U020,2025-10-25,639537,15314928,69510644,31,1,dồn đầu chu kỳ
U020,2025-10-26,370681,0,69139963,30,2,dồn đầu chu kỳ
U020,2025-10-27,291657,0,68848306,29,3,dồn đầu chu kỳ
U020,2025-10-28,1032984,0,67815322,28,4,dồn đầu chu kỳ
U020,2025-10-29,398189,0,67417133,27,5,dồn đầu chu kỳ
U020,2025-10-30,140716,0,67276417,26,6,dồn đầu chu kỳ
U020,2025-10-31,636784,0,66639633,25,7,dồn đầu chu kỳ
U020,2025-11-01,615114,0,66024519,24,8,dồn đầu chu kỳ
U020,2025-11-02,432499,0,65592020,23,9,dồn đầu chu kỳ
U020,2025-11-03,447486,0,65144534,22,10,dồn đầu chu kỳ
U020,2025-11-04,794606,0,64349928,21,11,dồn đầu chu kỳ
U020,2025-11-05,219283,0,64130645,20,12,dồn đầu chu kỳ
U020,2025-11-06,326612,0,63804033,19,13,dồn đầu chu kỳ
U020,2025-11-07,653072,0,63150961,18,14,dồn đầu chu kỳ
U020,2025-11-08,680582,0,62470379,17,15,dồn đầu chu kỳ
U020,2025-11-09,234727,0,62235652,16,16,dồn đầu chu kỳ
U020,2025-11-10,578993,0,61656659,15,17,dồn đầu chu kỳ
U020,2025-11-11,339771,0,61316888,14,18,dồn đầu chu kỳ
U020,2025-11-12,425243,0,60891645,13,19,dồn đầu chu kỳ
U020,2025-11-13,300947,0,60590698,12,20,dồn đầu chu kỳ
U020,2025-11-14,235649,0,60355049,11,21,dồn đầu chu kỳ
U020,2025-11-15,474091,0,59880958,10,22,dồn đầu chu kỳ
U020,2025-11-16,148340,0,59732618,9,23,dồn đầu chu kỳ
U020,2025-11-17,365187,0,59367431,8,24,dồn đầu chu kỳ
U020,2025-11-18,360254,0,59007177,7,25,dồn đầu chu kỳ
U020,2025-11-19,250729,0,58756448,6,26,dồn đầu chu kỳ
U020,2025-11-20,128958,0,58627490,5,27,dồn đầu chu kỳ
U020,2025-11-21,132406,0,58495084,4,28,dồn đầu chu kỳ
U020,2025-11-22,64518,0,58430566,3,29,dồn đầu chu kỳ
U020,2025-11-23,79097,0,58351469,2,30,dồn đầu chu kỳ
U020,2025-11-24,105308,0,58246161,1,31,dồn đầu chu kỳ
U020,2025-11-25,260716,15314928,73300373,30,1,dồn đầu chu kỳ
U020,2025-11-26,398287,0,72902086,29,2,dồn đầu chu kỳ
U020,2025-11-27,949273,0,71952813,28,3,dồn đầu chu kỳ
U020,2025-11-28,398061,0,71554752,27,4,dồn đầu chu kỳ
U020,2025-11-29,621103,0,70933649,26,5,dồn đầu chu kỳ
U020,2025-11-30,499393,0,70434256,25,6,dồn đầu chu kỳ
U020,2025-12-01,340855,0,70093401,24,7,dồn đầu chu kỳ
U020,2025-12-02,350435,0,69742966,23,8,dồn đầu chu kỳ
U020,2025-12-03,385082,0,69357884,22,9,dồn đầu chu kỳ
U020,2025-12-04,153022,0,69204862,21,10,dồn đầu chu kỳ
U020,2025-12-05,489185,0,68715677,20,11,dồn đầu chu kỳ
U020,2025-12-06,307394,0,68408283,19,12,dồn đầu chu kỳ
U020,2025-12-07,458631,0,67949652,18,13,dồn đầu chu kỳ
U020,2025-12-08,346917,0,67602735,17,14,dồn đầu chu kỳ
U020,2025-12-09,266479,0,67336256,16,15,dồn đầu chu kỳ
U020,2025-12-10,294088,0,67042168,15,16,dồn đầu chu kỳ
U020,2025-12-11,280786,0,66761382,14,17,dồn đầu chu kỳ
U020,2025-12-12,444832,0,66316550,13,18,dồn đầu chu kỳ
U020,2025-12-13,239760,0,66076790,12,19,dồn đầu chu kỳ
U020,2025-12-14,248209,0,65828581,11,20,dồn đầu chu kỳ
U020,2025-12-15,125890,0,65702691,10,21,dồn đầu chu kỳ
U020,2025-12-16,192256,0,65510435,9,22,dồn đầu chu kỳ
U020,2025-12-17,327890,0,65182545,8,23,dồn đầu chu kỳ
U020,2025-12-18,202557,0,64979988,7,24,dồn đầu chu kỳ
U020,2025-12-19,102527,0,64877461,6,25,dồn đầu chu kỳ
U020,2025-12-20,98457,0,64779004,5,26,dồn đầu chu kỳ
U020,2025-12-21,98650,0,64680354,4,27,dồn đầu chu kỳ
U020,2025-12-22,179101,0,64501253,3,28,dồn đầu chu kỳ
U020,2025-12-23,152549,0,64348704,2,29,dồn đầu chu kỳ
U020,2025-12-24,23808,0,64324896,1,30,dồn đầu chu kỳ
U020,2025-12-25,446555,15314928,79193269,31,1,dồn đầu chu kỳ
U020,2025-12-26,475988,0,78717281,30,2,dồn đầu chu kỳ
U020,2025-12-27,296755,0,78420526,29,3,dồn đầu chu kỳ
U020,2025-12-28,362187,0,78058339,28,4,dồn đầu chu kỳ
U020,2025-12-29,699555,0,77358784,27,5,dồn đầu chu kỳ
U020,2025-12-30,468872,0,76889912,26,6,dồn đầu chu kỳ
U020,2025-12-31,315670,0,76574242,25,7,dồn đầu chu kỳ
U020,2026-01-01,345942,0,76228300,24,8,dồn đầu chu kỳ
U020,2026-01-02,328836,0,75899464,23,9,dồn đầu chu kỳ
U020,2026-01-03,389075,0,75510389,22,10,dồn đầu chu kỳ
U020,2026-01-04,189059,0,75321330,21,11,dồn đầu chu kỳ
U020,2026-01-05,246554,0,75074776,20,12,dồn đầu chu kỳ
U020,2026-01-06,468547,0,74606229,19,13,dồn đầu chu kỳ
U020,2026-01-07,288524,0,74317705,18,14,dồn đầu chu kỳ
U020,2026-01-08,202423,0,74115282,17,15,dồn đầu chu kỳ
U020,2026-01-09,196644,0,73918638,16,16,dồn đầu chu kỳ
U020,2026-01-10,345699,0,73572939,15,17,dồn đầu chu kỳ
U020,2026-01-11,200356,0,73372583,14,18,dồn đầu chu kỳ
U020,2026-01-12,286844,0,73085739,13,19,dồn đầu chu kỳ
U020,2026-01-13,172134,0,72913605,12,20,dồn đầu chu kỳ
U020,2026-01-14,132712,0,72780893,11,21,dồn đầu chu kỳ
U020,2026-01-15,216032,0,72564861,10,22,dồn đầu chu kỳ
U020,2026-01-16,176267,0,72388594,9,23,dồn đầu chu kỳ
U020,2026-01-17,224426,0,72164168,8,24,dồn đầu chu kỳ
U020,2026-01-18,225019,0,71939149,7,25,dồn đầu chu kỳ
U020,2026-01-19,125960,0,71813189,6,26,dồn đầu chu kỳ
U020,2026-01-20,152590,0,71660599,5,27,dồn đầu chu kỳ
U020,2026-01-21,102778,0,71557821,4,28,dồn đầu chu kỳ
U020,2026-01-22,138425,0,71419396,3,29,dồn đầu chu kỳ
U020,2026-01-23,104071,0,71315325,2,30,dồn đầu chu kỳ
U020,2026-01-24,64012,0,71251313,1,31,dồn đầu chu kỳ
U020,2026-01-25,347612,15314928,86218629,31,1,dồn đầu chu kỳ
U020,2026-01-26,499599,0,85719030,30,2,dồn đầu chu kỳ
U020,2026-01-27,694117,0,85024913,29,3,dồn đầu chu kỳ
U020,2026-01-28,607207,0,84417706,28,4,dồn đầu chu kỳ
U020,2026-01-29,281700,0,84136006,27,5,dồn đầu chu kỳ
U020,2026-01-30,284763,0,83851243,26,6,dồn đầu chu kỳ
U020,2026-01-31,292464,0,83558779,25,7,dồn đầu chu kỳ
U020,2026-02-01,293703,0,83265076,24,8,dồn đầu chu kỳ
U020,2026-02-02,174172,0,83090904,23,9,dồn đầu chu kỳ
U020,2026-02-03,476758,0,82614146,22,10,dồn đầu chu kỳ
U020,2026-02-04,279107,0,82335039,21,11,dồn đầu chu kỳ
U020,2026-02-05,387732,0,81947307,20,12,dồn đầu chu kỳ
U020,2026-02-06,272919,0,81674388,19,13,dồn đầu chu kỳ
U020,2026-02-07,294306,0,81380082,18,14,dồn đầu chu kỳ
U020,2026-02-08,216209,0,81163873,17,15,dồn đầu chu kỳ
U020,2026-02-09,268689,0,80895184,16,16,dồn đầu chu kỳ
U020,2026-02-10,182862,0,80712322,15,17,dồn đầu chu kỳ
U020,2026-02-11,244419,0,80467903,14,18,dồn đầu chu kỳ
U020,2026-02-12,418830,0,80049073,13,19,dồn đầu chu kỳ
U020,2026-02-13,272394,0,79776679,12,20,dồn đầu chu kỳ
U020,2026-02-14,234296,0,79542383,11,21,dồn đầu chu kỳ
U020,2026-02-15,115555,0,79426828,10,22,dồn đầu chu kỳ
U020,2026-02-16,229949,0,79196879,9,23,dồn đầu chu kỳ
U020,2026-02-17,222578,0,78974301,8,24,dồn đầu chu kỳ
U020,2026-02-18,175887,0,78798414,7,25,dồn đầu chu kỳ
U020,2026-02-19,158359,0,78640055,6,26,dồn đầu chu kỳ
U020,2026-02-20,125475,0,78514580,5,27,dồn đầu chu kỳ
U020,2026-02-21,155689,0,78358891,4,28,dồn đầu chu kỳ
U020,2026-02-22,187856,0,78171035,3,29,dồn đầu chu kỳ
U020,2026-02-23,108193,0,78062842,2,30,dồn đầu chu kỳ
U020,2026-02-24,55697,0,78007145,1,31,dồn đầu chu kỳ
U020,2026-02-25,322477,15314928,92999596,28,1,dồn đầu chu kỳ
U020,2026-02-26,599943,0,92399653,27,2,dồn đầu chu kỳ
U020,2026-02-27,296583,0,92103070,26,3,dồn đầu chu kỳ
U020,2026-02-28,458873,0,91644197,25,4,dồn đầu chu kỳ
U020,2026-03-01,357748,0,91286449,24,5,dồn đầu chu kỳ
U020,2026-03-02,259277,0,91027172,23,6,dồn đầu chu kỳ
U020,2026-03-03,537775,0,90489397,22,7,dồn đầu chu kỳ
U020,2026-03-04,494676,0,89994721,21,8,dồn đầu chu kỳ
U020,2026-03-05,209443,0,89785278,20,9,dồn đầu chu kỳ
U020,2026-03-06,421394,0,89363884,19,10,dồn đầu chu kỳ
U020,2026-03-07,383007,0,88980877,18,11,dồn đầu chu kỳ
U020,2026-03-08,450549,0,88530328,17,12,dồn đầu chu kỳ
U020,2026-03-09,331024,0,88199304,16,13,dồn đầu chu kỳ
U020,2026-03-10,525600,0,87673704,15,14,dồn đầu chu kỳ
U020,2026-03-11,270333,0,87403371,14,15,dồn đầu chu kỳ
U020,2026-03-12,243720,0,87159651,13,16,dồn đầu chu kỳ
U020,2026-03-13,175443,0,86984208,12,17,dồn đầu chu kỳ
U020,2026-03-14,169634,0,86814574,11,18,dồn đầu chu kỳ
U020,2026-03-15,155210,0,86659364,10,19,dồn đầu chu kỳ
U020,2026-03-16,241378,0,86417986,9,20,dồn đầu chu kỳ
U020,2026-03-17,187265,0,86230721,8,21,dồn đầu chu kỳ
U020,2026-03-18,223614,0,86007107,7,22,dồn đầu chu kỳ
U020,2026-03-19,112985,0,85894122,6,23,dồn đầu chu kỳ
U020,2026-03-20,121173,0,85772949,5,24,dồn đầu chu kỳ
U020,2026-03-21,111443,0,85661506,4,25,dồn đầu chu kỳ
U020,2026-03-22,346146,0,85315360,3,26,dồn đầu chu kỳ
U020,2026-03-23,124202,0,85191158,2,27,dồn đầu chu kỳ
U020,2026-03-24,116927,0,85074231,1,28,dồn đầu chu kỳ
U020,2026-03-25,447258,15314928,99941901,31,1,dồn đầu chu kỳ
U020,2026-03-26,835032,0,99106869,30,2,dồn đầu chu kỳ
U020,2026-03-27,228704,0,98878165,29,3,dồn đầu chu kỳ
U020,2026-03-28,413390,0,98464775,28,4,dồn đầu chu kỳ
U020,2026-03-29,214639,0,98250136,27,5,dồn đầu chu kỳ
U020,2026-03-30,153679,0,98096457,26,6,dồn đầu chu kỳ
U020,2026-03-31,287389,0,97809068,25,7,dồn đầu chu kỳ
U020,2026-04-01,439686,0,97369382,24,8,dồn đầu chu kỳ
U020,2026-04-02,261804,0,97107578,23,9,dồn đầu chu kỳ
U020,2026-04-03,407197,0,96700381,22,10,dồn đầu chu kỳ
U020,2026-04-04,349513,0,96350868,21,11,dồn đầu chu kỳ
U020,2026-04-05,304861,0,96046007,20,12,dồn đầu chu kỳ
U020,2026-04-06,513610,0,95532397,19,13,dồn đầu chu kỳ
U020,2026-04-07,234016,0,95298381,18,14,dồn đầu chu kỳ
U020,2026-04-08,331154,0,94967227,17,15,dồn đầu chu kỳ
U020,2026-04-09,132108,0,94835119,16,16,dồn đầu chu kỳ
U020,2026-04-10,269547,0,94565572,15,17,dồn đầu chu kỳ
U020,2026-04-11,222368,0,94343204,14,18,dồn đầu chu kỳ
U020,2026-04-12,145719,0,94197485,13,19,dồn đầu chu kỳ
U020,2026-04-13,259409,0,93938076,12,20,dồn đầu chu kỳ
U020,2026-04-14,155180,0,93782896,11,21,dồn đầu chu kỳ
U020,2026-04-15,391709,0,93391187,10,22,dồn đầu chu kỳ
U020,2026-04-16,69230,0,93321957,9,23,dồn đầu chu kỳ
U020,2026-04-17,188444,0,93133513,8,24,dồn đầu chu kỳ
U020,2026-04-18,160712,0,92972801,7,25,dồn đầu chu kỳ
U020,2026-04-19,129905,0,92842896,6,26,dồn đầu chu kỳ
U020,2026-04-20,107392,0,92735504,5,27,dồn đầu chu kỳ
U020,2026-04-21,123414,0,92612090,4,28,dồn đầu chu kỳ
U020,2026-04-22,164309,0,92447781,3,29,dồn đầu chu kỳ
U020,2026-04-23,48562,0,92399219,2,30,dồn đầu chu kỳ
U020,2026-04-24,59514,0,92339705,1,31,dồn đầu chu kỳ
U020,2026-04-25,303078,15314928,107351555,30,1,dồn đầu chu kỳ
U020,2026-04-26,289288,0,107062267,29,2,dồn đầu chu kỳ
U020,2026-04-27,500128,0,106562139,28,3,dồn đầu chu kỳ
U020,2026-04-28,535974,0,106026165,27,4,dồn đầu chu kỳ
U020,2026-04-29,628972,0,105397193,26,5,dồn đầu chu kỳ
U020,2026-04-30,507163,0,104890030,25,6,dồn đầu chu kỳ
U020,2026-05-01,507242,0,104382788,24,7,dồn đầu chu kỳ
U020,2026-05-02,211976,0,104170812,23,8,dồn đầu chu kỳ
U020,2026-05-03,652059,0,103518753,22,9,dồn đầu chu kỳ
U020,2026-05-04,319606,0,103199147,21,10,dồn đầu chu kỳ
U020,2026-05-05,506310,0,102692837,20,11,dồn đầu chu kỳ
U020,2026-05-06,185864,0,102506973,19,12,dồn đầu chu kỳ
U020,2026-05-07,281156,0,102225817,18,13,dồn đầu chu kỳ
U020,2026-05-08,433119,0,101792698,17,14,dồn đầu chu kỳ
U020,2026-05-09,287577,0,101505121,16,15,dồn đầu chu kỳ
U020,2026-05-10,200993,0,101304128,15,16,dồn đầu chu kỳ
U020,2026-05-11,437534,0,100866594,14,17,dồn đầu chu kỳ
U020,2026-05-12,154262,0,100712332,13,18,dồn đầu chu kỳ
U020,2026-05-13,231923,0,100480409,12,19,dồn đầu chu kỳ
U020,2026-05-14,285738,0,100194671,11,20,dồn đầu chu kỳ
U020,2026-05-15,482240,0,99712431,10,21,dồn đầu chu kỳ
U020,2026-05-16,163090,0,99549341,9,22,dồn đầu chu kỳ
U020,2026-05-17,164083,0,99385258,8,23,dồn đầu chu kỳ
U020,2026-05-18,142825,0,99242433,7,24,dồn đầu chu kỳ
U020,2026-05-19,173803,0,99068630,6,25,dồn đầu chu kỳ
U020,2026-05-20,183887,0,98884743,5,26,dồn đầu chu kỳ
U020,2026-05-21,205512,0,98679231,4,27,dồn đầu chu kỳ
U020,2026-05-22,162474,0,98516757,3,28,dồn đầu chu kỳ
U020,2026-05-23,88051,0,98428706,2,29,dồn đầu chu kỳ
U020,2026-05-24,131244,0,98297462,1,30,dồn đầu chu kỳ
U020,2026-05-25,478538,15314928,113133852,31,1,dồn đầu chu kỳ
U020,2026-05-26,604522,0,112529330,30,2,dồn đầu chu kỳ
U020,2026-05-27,601070,0,111928260,29,3,dồn đầu chu kỳ
U020,2026-05-28,812732,0,111115528,28,4,dồn đầu chu kỳ
U020,2026-05-29,356455,0,110759073,27,5,dồn đầu chu kỳ
U020,2026-05-30,320080,0,110438993,26,6,dồn đầu chu kỳ
U020,2026-05-31,461000,0,109977993,25,7,dồn đầu chu kỳ
U020,2026-06-01,598366,0,109379627,24,8,dồn đầu chu kỳ
U020,2026-06-02,368682,0,109010945,23,9,dồn đầu chu kỳ
U020,2026-06-03,572536,0,108438409,22,10,dồn đầu chu kỳ
U020,2026-06-04,441410,0,107996999,21,11,dồn đầu chu kỳ
U020,2026-06-05,297376,0,107699623,20,12,dồn đầu chu kỳ
U020,2026-06-06,387925,0,107311698,19,13,dồn đầu chu kỳ
U020,2026-06-07,249604,0,107062094,18,14,dồn đầu chu kỳ
U020,2026-06-08,312862,0,106749232,17,15,dồn đầu chu kỳ
U020,2026-06-09,176902,0,106572330,16,16,dồn đầu chu kỳ
U020,2026-06-10,252136,0,106320194,15,17,dồn đầu chu kỳ
U020,2026-06-11,367637,0,105952557,14,18,dồn đầu chu kỳ
U020,2026-06-12,317804,0,105634753,13,19,dồn đầu chu kỳ
U020,2026-06-13,283537,0,105351216,12,20,dồn đầu chu kỳ
U020,2026-06-14,233962,0,105117254,11,21,dồn đầu chu kỳ
U020,2026-06-15,208843,0,104908411,10,22,dồn đầu chu kỳ
U020,2026-06-16,110402,0,104798009,9,23,dồn đầu chu kỳ
U020,2026-06-17,157128,0,104640881,8,24,dồn đầu chu kỳ
U020,2026-06-18,169963,0,104470918,7,25,dồn đầu chu kỳ
U020,2026-06-19,92702,0,104378216,6,26,dồn đầu chu kỳ
U020,2026-06-20,65857,0,104312359,5,27,dồn đầu chu kỳ
U020,2026-06-21,188600,0,104123759,4,28,dồn đầu chu kỳ
U020,2026-06-22,109641,0,104014118,3,29,dồn đầu chu kỳ
U020,2026-06-23,103100,0,103911018,2,30,dồn đầu chu kỳ
U020,2026-06-24,102602,0,103808416,1,31,dồn đầu chu kỳ
U020,2026-06-25,311454,15314928,118811890,30,1,dồn đầu chu kỳ
U020,2026-06-26,381816,0,118430074,29,2,dồn đầu chu kỳ
U020,2026-06-27,795835,0,117634239,28,3,dồn đầu chu kỳ
U020,2026-06-28,348239,0,117286000,27,4,dồn đầu chu kỳ
U020,2026-06-29,369335,0,116916665,26,5,dồn đầu chu kỳ
U020,2026-06-30,304599,0,116612066,25,6,dồn đầu chu kỳ
U020,2026-07-01,286629,0,116325437,24,7,dồn đầu chu kỳ
